player_id,player_name,team_id,team_abbreviation,season,ts_pct,efg_pct,usg_pct,ast,ast_to,stl,blk,def_rating,net_rating,pie,oreb_pct,dreb_pct
1626151,Aaron Harrison,1610612766,CHA,2015-16,0.0,0.0,0.0,0.0,0.0,0.0,0.0,111.8,-36.8,0.0,0.0,0.0
201143,Al Horford,1610612737,ATL,2015-16,0.545,0.513,0.191,3.1,1.82,1.2,2.4,103.9,-4.5,0.124,0.04,0.142
2744,Al Jefferson,1610612766,CHA,2015-16,0.524,0.506,0.277,1.1,1.33,0.6,0.4,119.1,-20.7,0.141,0.08,0.207
202329,Al-Farouq Aminu,1610612757,POR,2015-16,0.572,0.547,0.182,1.8,0.95,0.7,0.9,106.4,-1.6,0.108,0.053,0.178
203459,Allen Crabbe,1610612757,POR,2015-16,0.645,0.623,0.12,1.4,2.5,0.6,0.1,110.3,-2.5,0.079,0.015,0.086
2405,Amar'e Stoudemire,1610612748,MIA,2015-16,0.666,0.579,0.175,0.0,0.0,0.6,0.3,105.7,-10.2,0.08,0.038,0.127
101161,Amir Johnson,1610612738,BOS,2015-16,0.69,0.667,0.156,0.7,0.4,0.2,1.3,100.7,-6.8,0.139,0.076,0.222
2760,Anderson Varejao,1610612744,GSW,2015-16,0.447,0.357,0.113,0.8,6.5,0.1,0.1,100.0,11.7,0.049,0.117,0.103
203083,Andre Drummond,1610612765,DET,2015-16,0.486,0.519,0.278,0.0,0.0,0.3,1.5,113.8,-3.2,0.087,0.099,0.19
2738,Andre Iguodala,1610612744,GSW,2015-16,0.563,0.552,0.118,3.8,3.91,1.2,0.4,106.0,4.5,0.091,0.043,0.087
1889,Andre Miller,1610612759,SAS,2015-16,0.571,0.5,0.104,1.4,0.0,0.0,0.0,110.3,10.3,0.096,0.065,0.0
203460,Andre Roberson,1610612760,OKC,2015-16,0.527,0.535,0.097,0.8,1.27,1.3,1.1,103.1,6.0,0.069,0.051,0.157
101106,Andrew Bogut,1610612744,GSW,2015-16,0.607,0.623,0.122,1.4,1.58,0.6,1.6,99.5,4.6,0.109,0.123,0.174
202726,Andrew Goudelock,1610612745,HOU,2015-16,0.5,0.5,0.3,0.0,0.0,0.0,0.0,84.0,-13.2,0.067,0.0,0.0
201627,Anthony Morrow,1610612760,OKC,2015-16,0.651,0.563,0.174,0.1,0.25,0.1,0.0,99.4,-1.2,0.079,0.0,0.022
201229,Anthony Tolliver,1610612765,DET,2015-16,0.5,0.5,0.073,0.3,0.0,0.0,0.3,122.9,-40.6,0.073,0.0,0.143
203382,Aron Baynes,1610612765,DET,2015-16,0.484,0.444,0.137,0.5,0.67,0.0,0.0,129.1,-38.3,0.035,0.071,0.0
203085,Austin Rivers,1610612746,LAC,2015-16,0.477,0.459,0.213,2.7,2.29,0.5,0.0,106.9,-7.6,0.08,0.024,0.076
202340,Avery Bradley,1610612738,BOS,2015-16,0.52,0.469,0.228,1.0,1.0,1.0,1.0,104.3,3.1,0.078,0.048,0.0
202687,Bismack Biyombo,1610612761,TOR,2015-16,0.611,0.58,0.109,0.4,0.38,0.4,1.4,106.1,-3.9,0.12,0.102,0.28
201933,Blake Griffin,1610612746,LAC,2015-16,0.469,0.387,0.256,4.0,1.78,0.8,0.5,99.6,2.8,0.129,0.05,0.185
1626246,Boban Marjanovic,1610612759,SAS,2015-16,0.752,0.667,0.204,0.4,1.0,0.0,0.3,111.1,-2.8,0.14,0.105,0.278
2564,Boris Diaw,1610612759,SAS,2015-16,0.492,0.478,0.153,2.3,3.5,0.2,0.4,95.1,9.9,0.095,0.013,0.109
201575,Brandon Rush,1610612744,GSW,2015-16,0.551,0.55,0.093,0.2,1.5,0.1,0.1,100.9,1.8,0.077,0.0,0.189
203148,Brian Roberts,1610612757,POR,2015-16,0.344,0.222,0.138,0.3,3.0,0.0,0.0,97.6,17.5,-0.025,0.029,0.0
1627362,Briante Weber,1610612748,MIA,2015-16,0.0,0.0,0.077,0.5,0.0,0.5,0.0,46.2,61.5,0.0,0.0,0.0
203912,C.J. Wilcox,1610612746,LAC,2015-16,0.0,0.0,0.056,0.5,0.0,0.0,0.0,60.0,52.5,0.0,0.0,0.0
203468,CJ McCollum,1610612757,POR,2015-16,0.518,0.477,0.227,3.3,1.8,0.9,0.5,107.1,1.3,0.087,0.014,0.069
101139,CJ Miles,1610612754,IND,2015-16,0.305,0.289,0.219,0.6,1.33,0.1,0.1,108.0,-8.5,0.044,0.044,0.192
1626166,Cameron Payne,1610612760,OKC,2015-16,0.324,0.308,0.255,0.8,1.0,0.2,0.2,103.0,-21.0,-0.017,0.0,0.059
101112,Channing Frye,1610612739,CLE,2015-16,0.791,0.783,0.151,0.3,1.0,0.4,0.5,97.0,16.0,0.122,0.024,0.155
101111,Charlie Villanueva,1610612742,DAL,2015-16,0.349,0.292,0.286,0.3,1.0,0.0,0.0,95.7,-20.7,0.0,0.0,0.105
2365,Chris Andersen,1610612763,MEM,2015-16,0.483,0.417,0.121,0.8,0.6,0.5,0.8,108.7,-20.8,0.11,0.159,0.265
2549,Chris Kaman,1610612757,POR,2015-16,0.389,0.389,0.316,0.3,0.17,0.5,0.0,83.8,-0.2,-0.047,0.0,0.133
101108,Chris Paul,1610612746,LAC,2015-16,0.575,0.526,0.304,7.3,7.25,2.3,0.0,93.6,11.5,0.224,0.029,0.082
203991,Clint Capela,1610612745,HOU,2015-16,0.357,0.333,0.127,0.4,0.67,0.6,0.4,96.1,-18.8,0.096,0.154,0.273
203469,Cody Zeller,1610612766,CHA,2015-16,0.624,0.553,0.179,0.3,0.29,0.1,0.4,97.8,0.7,0.117,0.062,0.187
202332,Cole Aldrich,1610612746,LAC,2015-16,0.652,0.667,0.108,0.5,1.5,1.0,0.5,101.9,-3.2,0.159,0.099,0.286
201147,Corey Brewer,1610612745,HOU,2015-16,0.36,0.278,0.189,1.6,1.33,0.0,0.2,94.7,-7.4,-0.017,0.029,0.047
202709,Cory Joseph,1610612761,TOR,2015-16,0.524,0.493,0.185,2.4,2.14,0.9,0.1,104.9,-9.5,0.093,0.023,0.077
201584,Courtney Lee,1610612766,CHA,2015-16,0.521,0.451,0.113,1.3,1.8,0.9,0.4,105.1,-4.7,0.048,0.019,0.063
2563,Dahntay Jones,1610612739,CLE,2015-16,0.559,0.5,0.139,0.1,2.0,0.1,0.1,76.5,-2.2,0.155,0.0,0.117
203081,Damian Lillard,1610612757,POR,2015-16,0.527,0.455,0.29,6.3,2.09,1.3,0.3,110.5,-4.3,0.125,0.023,0.075
201980,Danny Green,1610612759,SAS,2015-16,0.648,0.646,0.123,0.7,1.17,2.1,0.8,100.2,9.4,0.09,0.0,0.115
101135,David Lee,1610612742,DAL,2015-16,0.75,0.75,0.111,0.5,0.0,0.0,0.0,123.5,-26.5,0.087,0.029,0.0
2561,David West,1610612759,SAS,2015-16,0.492,0.482,0.171,1.3,1.86,0.6,0.7,100.9,6.1,0.093,0.077,0.146
201599,DeAndre Jordan,1610612746,LAC,2015-16,0.547,0.632,0.163,1.8,1.57,1.2,2.7,99.2,1.5,0.164,0.132,0.301
201942,DeMar DeRozan,1610612761,TOR,2015-16,0.462,0.399,0.301,2.7,1.2,1.1,0.2,107.8,-5.4,0.09,0.017,0.104
201960,DeMarre Carroll,1610612761,TOR,2015-16,0.506,0.472,0.148,0.9,0.94,0.9,0.4,106.9,-2.7,0.054,0.038,0.107
1626153,Delon Wright,1610612761,TOR,2015-16,0.445,0.3,0.188,0.3,1.5,0.3,0.0,86.3,1.8,0.07,0.02,0.0
203471,Dennis Schröder,1610612737,ATL,2015-16,0.533,0.51,0.304,3.6,1.71,0.4,0.1,98.1,3.2,0.112,0.031,0.061
101114,Deron Williams,1610612742,DAL,2015-16,0.417,0.417,0.227,2.7,1.14,0.3,0.0,109.2,-40.4,0.009,0.0,0.04
2734,Devin Harris,1610612742,DAL,2015-16,0.567,0.567,0.14,1.6,2.67,0.6,0.0,120.9,-10.0,0.059,0.008,0.11
203079,Dion Waiters,1610612760,OKC,2015-16,0.52,0.496,0.143,2.3,2.1,0.6,0.2,103.7,6.5,0.059,0.012,0.08
1717,Dirk Nowitzki,1610612742,DAL,2015-16,0.564,0.518,0.258,1.6,1.14,0.4,0.6,120.4,-14.2,0.125,0.019,0.123
202700,Donatas Motiejunas,1610612745,HOU,2015-16,0.495,0.486,0.238,1.0,0.42,0.8,0.4,101.0,-10.6,0.083,0.085,0.148
2748,Dorell Wright,1610612748,MIA,2015-16,0.68,0.6,0.273,0.4,0.0,0.0,0.0,92.1,-2.1,0.246,0.0,0.261
203110,Draymond Green,1610612744,GSW,2015-16,0.549,0.5,0.187,6.0,2.46,1.6,1.8,103.8,8.1,0.137,0.043,0.189
2730,Dwight Howard,1610612745,HOU,2015-16,0.51,0.542,0.182,1.6,0.67,0.8,1.4,115.7,-22.7,0.103,0.12,0.27
203939,Dwight Powell,1610612742,DAL,2015-16,0.503,0.474,0.179,1.0,4.0,0.3,0.0,105.6,-8.1,0.105,0.125,0.131
2548,Dwyane Wade,1610612748,MIA,2015-16,0.532,0.492,0.318,4.3,1.58,0.8,0.9,103.2,1.3,0.165,0.028,0.134
202334,Ed Davis,1610612757,POR,2015-16,0.559,0.525,0.138,1.3,1.4,0.2,0.6,106.9,-0.9,0.094,0.12,0.231
202683,Enes Freedom,1610612760,OKC,2015-16,0.617,0.559,0.204,0.3,0.29,0.3,0.6,102.3,4.5,0.149,0.145,0.189
202323,Evan Turner,1610612738,BOS,2015-16,0.425,0.382,0.217,4.5,1.59,1.3,1.0,99.8,-6.1,0.077,0.032,0.114
203105,Festus Ezeli,1610612744,GSW,2015-16,0.526,0.536,0.211,0.3,0.57,0.0,0.3,107.5,0.5,0.064,0.116,0.189
1626163,Frank Kaminsky,1610612766,CHA,2015-16,0.453,0.359,0.147,1.1,4.0,0.9,0.7,102.5,-3.1,0.072,0.015,0.147
201588,George Hill,1610612754,IND,2015-16,0.712,0.675,0.153,2.1,1.88,0.9,0.1,100.7,8.4,0.116,0.03,0.05
101123,Gerald Green,1610612748,MIA,2015-16,0.391,0.367,0.214,0.1,0.5,0.3,0.1,80.9,13.1,0.044,0.018,0.138
201945,Gerald Henderson,1610612757,POR,2015-16,0.435,0.409,0.17,1.5,3.4,0.5,0.3,107.8,-6.9,0.067,0.023,0.116
203922,Glenn Robinson III,1610612754,IND,2015-16,0.788,0.75,0.167,0.0,0.0,0.0,0.3,114.3,-19.0,0.165,0.0,0.0
201609,Goran Dragic,1610612748,MIA,2015-16,0.514,0.481,0.251,3.9,1.74,0.4,0.2,97.0,3.2,0.115,0.024,0.119
203084,Harrison Barnes,1610612744,GSW,2015-16,0.474,0.446,0.144,1.3,1.67,0.7,0.2,104.7,2.6,0.061,0.035,0.101
202355,Hassan Whiteside,1610612748,MIA,2015-16,0.679,0.681,0.166,0.3,0.23,0.8,2.8,97.7,9.9,0.165,0.101,0.267
203546,Ian Clark,1610612744,GSW,2015-16,0.575,0.547,0.183,1.0,1.78,0.5,0.0,96.0,3.1,0.103,0.012,0.091
101133,Ian Mahinmi,1610612754,IND,2015-16,0.538,0.5,0.19,1.1,0.57,0.7,0.9,93.6,3.6,0.076,0.077,0.121
202697,Iman Shumpert,1610612739,CLE,2015-16,0.54,0.525,0.101,0.8,1.31,0.5,0.1,105.2,3.2,0.045,0.031,0.105
202738,Isaiah Thomas,1610612738,BOS,2015-16,0.519,0.45,0.285,5.0,2.14,0.7,0.8,100.0,-7.8,0.122,0.008,0.07
200826,J.J. Barea,1610612742,DAL,2015-16,0.358,0.338,0.206,5.0,1.82,0.0,0.0,128.7,-19.2,0.022,0.0,0.066
200755,JJ Redick,1610612746,LAC,2015-16,0.504,0.5,0.225,0.8,1.0,0.2,0.2,105.4,-1.3,0.065,0.005,0.061
2747,JR Smith,1610612739,CLE,2015-16,0.613,0.609,0.128,1.4,2.64,1.2,0.2,106.8,11.8,0.068,0.01,0.084
203210,JaMychal Green,1610612763,MEM,2015-16,0.548,0.545,0.185,0.8,0.75,0.8,1.3,119.3,-38.2,0.082,0.072,0.156
201580,JaVale McGee,1610612742,DAL,2015-16,0.431,0.5,0.242,0.0,0.0,0.5,0.0,86.2,10.3,-0.182,0.0,0.059
203109,Jae Crowder,1610612738,BOS,2015-16,0.371,0.347,0.181,2.2,1.86,1.5,0.5,94.9,-3.7,0.06,0.022,0.16
2037,Jamal Crawford,1610612746,LAC,2015-16,0.456,0.398,0.271,2.2,1.44,1.7,0.0,103.0,2.2,0.085,0.009,0.051
201935,James Harden,1610612745,HOU,2015-16,0.555,0.475,0.308,7.6,1.46,2.4,0.2,112.8,-21.4,0.164,0.03,0.104
201949,James Johnson,1610612761,TOR,2015-16,0.57,0.56,0.159,0.6,0.86,0.3,0.0,102.2,-15.8,0.064,0.03,0.145
2592,James Jones,1610612739,CLE,2015-16,0.255,0.25,0.107,0.3,3.0,0.0,0.0,83.2,-5.7,-0.023,0.019,0.049
203949,James Michael McAdoo,1610612744,GSW,2015-16,0.434,0.5,0.08,0.3,2.0,0.4,0.3,108.3,-13.2,0.052,0.0,0.0
203923,James Young,1610612738,BOS,2015-16,0.333,0.333,0.182,0.0,0.0,0.0,0.0,89.5,-10.5,-0.071,0.0,0.0
203096,Jared Sullinger,1610612738,BOS,2015-16,0.354,0.333,0.246,1.2,1.17,0.2,0.0,112.5,-13.7,0.03,0.101,0.213
1626185,Jarell Martin,1610612763,MEM,2015-16,0.423,0.375,0.137,0.5,0.33,1.5,0.0,108.9,-30.6,0.022,0.082,0.079
1891,Jason Terry,1610612745,HOU,2015-16,0.445,0.421,0.14,1.2,2.0,0.4,0.2,117.1,-26.1,0.03,0.007,0.089
201574,Jason Thompson,1610612761,TOR,2015-16,0.388,0.444,0.088,0.1,1.0,0.0,0.1,101.8,-8.1,0.015,0.102,0.0
201965,Jeff Ayres,1610612746,LAC,2015-16,1.042,1.0,0.125,0.0,0.0,0.0,0.0,83.3,31.0,0.286,0.0,0.0
201145,Jeff Green,1610612746,LAC,2015-16,0.535,0.5,0.168,0.7,1.33,1.0,0.3,104.1,-1.0,0.076,0.017,0.094
201952,Jeff Teague,1610612737,ATL,2015-16,0.504,0.417,0.265,6.1,2.44,0.6,0.2,106.4,-2.2,0.09,0.011,0.052
203087,Jeremy Lamb,1610612766,CHA,2015-16,0.611,0.611,0.346,0.3,0.0,0.0,0.0,108.0,-28.8,0.25,0.067,0.0
202391,Jeremy Lin,1610612766,CHA,2015-16,0.543,0.437,0.224,2.6,1.64,0.7,0.0,98.6,1.6,0.094,0.016,0.066
201975,Jodie Meeks,1610612765,DET,2015-16,1.0,1.0,0.333,0.0,0.0,0.0,0.0,175.0,-41.7,0.143,0.0,0.0
2207,Joe Johnson,1610612748,MIA,2015-16,0.504,0.472,0.178,2.5,1.94,0.6,0.2,101.4,2.0,0.092,0.015,0.114
1626202,Joe Young,1610612754,IND,2015-16,0.507,0.438,0.458,0.3,0.5,0.0,0.0,114.3,-19.0,0.025,0.0,0.091
204066,John Holland,1610612738,BOS,2015-16,0.0,0.0,0.5,0.0,0.0,0.0,0.0,66.7,-66.7,-0.5,0.0,0.0
201973,Jonas Jerebko,1610612738,BOS,2015-16,0.571,0.554,0.137,1.7,2.0,0.3,0.7,102.4,-3.6,0.11,0.038,0.192
202685,Jonas Valančiūnas,1610612761,TOR,2015-16,0.601,0.567,0.212,0.9,0.61,0.8,1.2,100.8,0.1,0.201,0.143,0.293
203613,Jonathon Simmons,1610612759,SAS,2015-16,0.506,0.5,0.226,0.7,2.0,0.7,0.0,127.7,-8.9,0.052,0.158,0.0
200770,Jordan Farmar,1610612763,MEM,2015-16,0.418,0.387,0.165,4.0,1.6,0.8,0.3,109.4,-17.9,0.049,0.0,0.062
201941,Jordan Hill,1610612754,IND,2015-16,0.0,0.0,0.091,0.4,0.0,0.0,0.0,109.7,-3.0,0.058,0.0,0.267
203895,Jordan McRae,1610612739,CLE,2015-16,1.125,1.125,0.364,0.0,0.0,0.0,0.0,37.5,102.5,0.688,0.0,0.0
1626175,Jordan Mickey,1610612738,BOS,2015-16,0.5,0.5,0.19,1.0,0.0,0.0,0.5,89.5,-6.1,0.214,0.0,0.083
203268,Jorge Gutierrez,1610612766,CHA,2015-16,0.0,0.0,0.154,0.7,2.0,0.0,0.0,108.0,-28.8,0.0,0.0,0.0
203962,Josh Huestis,1610612760,OKC,2015-16,0.5,0.5,0.12,0.0,0.0,0.0,0.0,70.0,6.2,0.385,0.083,0.0
201177,Josh McRoberts,1610612748,MIA,2015-16,0.519,0.471,0.141,0.9,2.25,0.5,0.5,93.0,10.5,0.089,0.053,0.152
1626196,Josh Richardson,1610612748,MIA,2015-16,0.489,0.466,0.129,1.6,1.83,0.4,0.9,102.3,5.3,0.055,0.028,0.105
2746,Josh Smith,1610612745,HOU,2015-16,0.576,0.615,0.207,1.0,0.8,0.3,0.3,113.4,-19.5,0.015,0.026,0.034
1626147,Justin Anderson,1610612742,DAL,2015-16,0.544,0.514,0.225,1.4,1.4,0.8,0.6,114.3,-5.6,0.104,0.096,0.131
1626159,Justise Winslow,1610612748,MIA,2015-16,0.516,0.466,0.143,0.6,0.67,0.6,0.3,104.3,-5.9,0.071,0.053,0.136
203909,KJ McDaniels,1610612745,HOU,2015-16,0.346,0.346,0.144,0.3,0.0,0.0,0.8,82.7,5.6,0.054,0.0,0.0
202695,Kawhi Leonard,1610612759,SAS,2015-16,0.597,0.551,0.274,2.8,1.75,2.6,1.4,101.7,8.8,0.174,0.042,0.142
203482,Kelly Olynyk,1610612738,BOS,2015-16,0.111,0.111,0.167,0.8,0.75,0.3,0.0,113.6,-50.4,-0.09,0.043,0.069
202689,Kemba Walker,1610612766,CHA,2015-16,0.472,0.412,0.325,4.0,2.33,1.3,0.6,112.1,-11.7,0.115,0.011,0.075
203145,Kent Bazemore,1610612737,ATL,2015-16,0.455,0.43,0.19,1.9,1.9,1.5,0.6,108.8,-6.4,0.091,0.024,0.161
203484,Kentavious Caldwell-Pope,1610612765,DET,2015-16,0.575,0.56,0.167,2.8,5.5,1.8,0.3,117.5,-7.7,0.101,0.014,0.094
201142,Kevin Durant,1610612760,OKC,2015-16,0.542,0.468,0.312,3.3,0.92,1.0,1.0,104.3,7.5,0.138,0.018,0.153
201567,Kevin Love,1610612739,CLE,2015-16,0.539,0.481,0.221,2.1,1.56,0.5,0.4,106.9,13.3,0.124,0.056,0.239
2755,Kevin Martin,1610612759,SAS,2015-16,0.516,0.5,0.255,0.6,0.5,0.2,0.0,89.4,8.6,0.043,0.0,0.0
2550,Kirk Hinrich,1610612737,ATL,2015-16,0.357,0.357,0.115,0.5,0.0,0.0,0.0,77.8,16.5,0.066,0.0,0.0
202691,Klay Thompson,1610612744,GSW,2015-16,0.588,0.552,0.275,2.3,1.15,1.1,0.4,105.3,3.4,0.124,0.017,0.076
2743,Kris Humphries,1610612737,ATL,2015-16,0.604,0.554,0.26,1.0,2.0,0.5,1.3,98.2,16.2,0.193,0.136,0.0
203937,Kyle Anderson,1610612759,SAS,2015-16,0.41,0.34,0.111,0.7,1.75,0.6,0.3,101.2,-3.1,0.067,0.016,0.173
2594,Kyle Korver,1610612737,ATL,2015-16,0.652,0.627,0.115,1.0,1.25,0.9,0.4,98.4,5.2,0.091,0.009,0.127
200768,Kyle Lowry,1610612761,TOR,2015-16,0.508,0.461,0.263,6.0,1.89,1.6,0.2,104.6,1.1,0.11,0.023,0.11
202713,Kyle Singler,1610612760,OKC,2015-16,0.405,0.444,0.088,0.0,0.0,0.2,0.0,98.0,-9.1,0.026,0.019,0.109
202681,Kyrie Irving,1610612739,CLE,2015-16,0.574,0.535,0.293,4.7,2.04,1.7,0.6,107.7,10.0,0.138,0.02,0.063
200746,LaMarcus Aldridge,1610612759,SAS,2015-16,0.579,0.527,0.273,1.0,0.91,0.4,1.4,100.8,8.7,0.167,0.069,0.173
203934,Lamar Patterson,1610612737,ATL,2015-16,0.403,0.357,0.256,0.8,0.75,0.3,0.0,83.3,11.3,0.093,0.0,0.0
202362,Lance Stephenson,1610612763,MEM,2015-16,0.563,0.545,0.237,1.8,2.33,0.3,0.0,116.6,-18.8,0.094,0.011,0.06
202730,Lavoy Allen,1610612754,IND,2015-16,0.3,0.3,0.097,0.3,2.0,0.2,0.2,101.0,-21.6,0.094,0.073,0.175
2544,LeBron James,1610612739,CLE,2015-16,0.585,0.564,0.301,7.6,2.13,2.3,1.3,103.3,13.4,0.199,0.053,0.193
2571,Leandro Barbosa,1610612744,GSW,2015-16,0.663,0.642,0.187,0.7,1.36,0.5,0.0,100.6,5.7,0.113,0.046,0.061
201601,Luc Mbah a Moute,1610612746,LAC,2015-16,0.699,0.667,0.045,0.2,0.5,0.6,0.0,102.5,-10.0,0.034,0.023,0.082
203512,Lucas Nogueira,1610612761,TOR,2015-16,0.75,0.75,0.071,0.0,0.0,0.0,0.0,98.1,-14.5,0.122,0.038,0.226
1626242,Luis Montero,1610612757,POR,2015-16,1.333,1.333,0.176,0.0,0.0,0.0,0.0,125.0,-18.8,0.177,0.0,0.0
2449,Luis Scola,1610612761,TOR,2015-16,0.391,0.323,0.135,0.6,1.4,0.3,0.0,106.2,-18.3,0.005,0.013,0.119
2736,Luol Deng,1610612748,MIA,2015-16,0.601,0.558,0.167,1.6,0.96,0.9,0.6,99.6,5.8,0.115,0.041,0.123
1938,Manu Ginobili,1610612759,SAS,2015-16,0.586,0.521,0.149,2.5,3.57,0.8,0.3,96.6,13.5,0.098,0.031,0.105
202694,Marcus Morris Sr.,1610612765,DET,2015-16,0.621,0.543,0.216,2.5,2.0,0.5,0.0,118.3,-9.2,0.087,0.015,0.082
203935,Marcus Smart,1610612738,BOS,2015-16,0.52,0.458,0.182,3.0,1.2,1.7,0.8,98.7,-4.5,0.086,0.036,0.095
201578,Marreese Speights,1610612744,GSW,2015-16,0.509,0.466,0.322,0.5,0.55,0.1,0.3,97.9,0.7,0.077,0.071,0.153
101107,Marvin Williams,1610612766,CHA,2015-16,0.341,0.333,0.112,0.9,3.0,0.9,0.4,110.0,-14.1,0.058,0.028,0.19
203486,Mason Plumlee,1610612757,POR,2015-16,0.456,0.4,0.15,4.8,2.12,0.6,1.0,107.1,-1.2,0.118,0.104,0.281
2440,Matt Barnes,1610612763,MEM,2015-16,0.427,0.38,0.203,2.8,0.85,1.0,0.3,113.9,-24.2,0.061,0.033,0.19
203521,Matthew Dellavedova,1610612739,CLE,2015-16,0.461,0.405,0.188,2.8,4.0,0.1,0.1,101.3,4.1,0.066,0.017,0.049
203090,Maurice Harkless,1610612757,POR,2015-16,0.5,0.495,0.206,0.6,0.64,0.9,0.3,105.4,-4.8,0.064,0.069,0.113
201563,Michael Beasley,1610612745,HOU,2015-16,0.53,0.5,0.28,0.6,0.43,0.2,0.0,115.6,-14.5,0.112,0.046,0.207
203488,Mike Muscala,1610612737,ATL,2015-16,0.575,0.55,0.156,0.3,1.0,0.0,0.1,97.1,-3.0,0.102,0.097,0.128
203118,Mike Scott,1610612737,ATL,2015-16,0.747,0.725,0.142,0.5,0.63,0.3,0.3,102.7,5.6,0.101,0.034,0.159
2590,Mo Williams,1610612739,CLE,2015-16,0.346,0.339,0.264,0.2,0.3,0.3,0.0,90.4,-15.3,-0.04,0.0,0.077
101145,Monta Ellis,1610612754,IND,2015-16,0.504,0.48,0.203,4.3,1.76,2.1,0.0,102.8,0.7,0.11,0.02,0.095
1626149,Montrezl Harrell,1610612745,HOU,2015-16,0.387,0.333,0.167,0.0,0.0,0.0,0.0,92.3,-16.3,0.0,0.0,0.0
1626167,Myles Turner,1610612754,IND,2015-16,0.48,0.465,0.207,0.4,0.25,0.3,3.3,102.1,4.3,0.08,0.088,0.14
1737,Nazr Mohammed,1610612760,OKC,2015-16,0.5,0.5,0.136,0.0,0.0,0.0,0.2,52.6,15.8,0.121,0.091,0.0
2555,Nick Collison,1610612760,OKC,2015-16,0.654,0.667,0.046,0.6,5.0,0.9,0.0,101.3,5.2,0.04,0.041,0.105
201587,Nicolas Batum,1610612766,CHA,2015-16,0.53,0.444,0.199,2.0,1.25,0.4,0.0,123.0,-31.4,0.082,0.013,0.125
203943,Noah Vonleh,1610612757,POR,2015-16,0.0,0.0,0.107,0.3,0.0,0.3,0.0,112.0,-19.7,0.067,0.1,0.0
1626181,Norman Powell,1610612761,TOR,2015-16,0.462,0.436,0.169,0.3,1.2,0.7,0.1,97.5,-4.6,0.081,0.017,0.124
203798,PJ Hairston,1610612763,MEM,2015-16,0.363,0.417,0.178,0.0,0.0,0.5,0.0,114.6,-19.6,-0.028,0.0,0.0
203143,Pablo Prigioni,1610612746,LAC,2015-16,0.0,0.0,0.121,1.4,2.33,0.0,0.0,100.0,-6.8,-0.091,0.065,0.0
1626192,Pat Connaughton,1610612757,POR,2015-16,0.8,0.8,0.278,0.0,0.0,0.0,0.0,117.6,-17.6,0.177,0.0,0.0
201976,Patrick Beverley,1610612745,HOU,2015-16,0.366,0.311,0.139,2.2,2.75,0.4,0.4,108.1,-13.1,0.039,0.025,0.133
202335,Patrick Patterson,1610612761,TOR,2015-16,0.519,0.482,0.13,1.2,1.33,0.4,0.5,109.2,-2.8,0.063,0.051,0.093
201988,Patty Mills,1610612759,SAS,2015-16,0.571,0.557,0.176,2.0,2.5,0.7,0.0,92.4,14.2,0.118,0.0,0.082
202331,Paul George,1610612754,IND,2015-16,0.632,0.528,0.308,4.3,1.3,2.0,0.7,99.0,9.5,0.217,0.039,0.146
200794,Paul Millsap,1610612737,ATL,2015-16,0.518,0.46,0.223,2.7,1.04,1.3,2.3,102.6,-2.0,0.124,0.072,0.159
1718,Paul Pierce,1610612746,LAC,2015-16,0.218,0.208,0.13,0.2,0.5,0.4,0.0,97.2,-12.8,-0.044,0.0,0.094
1626154,RJ Hunter,1610612738,BOS,2015-16,0.278,0.278,0.102,0.6,3.0,0.0,0.2,98.8,-3.4,0.022,0.02,0.122
200751,Randy Foye,1610612760,OKC,2015-16,0.468,0.439,0.122,0.8,1.18,0.1,0.2,102.9,-3.4,0.032,0.011,0.09
101109,Raymond Felton,1610612742,DAL,2015-16,0.508,0.493,0.231,4.6,1.92,1.2,0.0,113.3,-15.4,0.11,0.012,0.112
203493,Reggie Bullock Jr.,1610612765,DET,2015-16,1.0,1.0,0.143,1.5,0.0,0.5,0.0,132.6,-32.6,0.16,0.0,0.091
202704,Reggie Jackson,1610612765,DET,2015-16,0.502,0.482,0.221,9.3,3.7,1.5,0.5,114.0,-4.3,0.122,0.015,0.077
2210,Richard Jefferson,1610612739,CLE,2015-16,0.614,0.589,0.128,0.7,1.08,0.5,0.0,103.1,6.4,0.088,0.045,0.158
201155,Rodney Stuckey,1610612754,IND,2015-16,0.468,0.453,0.201,2.0,2.33,0.6,0.1,92.1,7.0,0.097,0.008,0.096
201566,Russell Westbrook,1610612760,OKC,2015-16,0.515,0.448,0.335,11.0,2.54,2.6,0.1,106.5,8.8,0.17,0.059,0.119
1626257,Salah Mejri,1610612742,DAL,2015-16,0.622,0.7,0.094,0.3,0.0,0.8,1.3,107.9,-10.5,0.064,0.063,0.108
201586,Serge Ibaka,1610612760,OKC,2015-16,0.629,0.617,0.128,0.6,1.11,0.8,1.3,105.2,10.5,0.091,0.038,0.143
2733,Shaun Livingston,1610612744,GSW,2015-16,0.532,0.488,0.176,3.3,2.76,0.5,0.2,101.4,8.7,0.107,0.025,0.108
203524,Solomon Hill,1610612754,IND,2015-16,0.71,0.629,0.099,1.1,2.67,0.3,0.0,101.6,6.4,0.084,0.027,0.108
203915,Spencer Dinwiddie,1610612741,CHI,2015-16,1.0,1.0,0.333,1.0,0.0,0.0,0.0,175.0,-41.7,0.214,0.0,0.0
201150,Spencer Hawes,1610612766,CHA,2015-16,0.575,0.5,0.167,0.6,0.75,0.2,0.4,72.1,23.4,0.18,0.059,0.188
1626169,Stanley Johnson,1610612765,DET,2015-16,0.67,0.652,0.167,0.0,0.0,0.3,0.0,113.7,-6.2,0.092,0.0,0.188
201939,Stephen Curry,1610612744,GSW,2015-16,0.603,0.556,0.308,5.2,1.24,1.4,0.3,106.9,3.1,0.156,0.022,0.126
2581,Steve Blake,1610612765,DET,2015-16,0.34,0.3,0.121,2.5,2.0,0.0,0.0,127.7,-30.1,0.006,0.0,0.089
203500,Steven Adams,1610612760,OKC,2015-16,0.636,0.613,0.125,0.7,0.76,0.5,0.8,106.6,4.6,0.104,0.108,0.198
203082,Terrence Ross,1610612761,TOR,2015-16,0.493,0.475,0.194,0.6,0.69,0.7,0.3,107.0,-16.1,0.065,0.011,0.096
1626179,Terry Rozier,1610612738,BOS,2015-16,0.503,0.478,0.115,1.2,3.0,0.2,0.6,99.0,-14.8,0.096,0.026,0.135
200757,Thabo Sefolosha,1610612737,ATL,2015-16,0.561,0.554,0.141,1.7,1.7,1.0,0.6,106.0,-5.0,0.098,0.04,0.142
1495,Tim Duncan,1610612759,SAS,2015-16,0.482,0.423,0.151,1.4,1.4,0.2,1.3,94.3,15.4,0.078,0.051,0.165
203501,Tim Hardaway Jr.,1610612737,ATL,2015-16,0.349,0.308,0.159,0.8,2.33,0.0,0.1,92.4,0.1,0.042,0.0,0.093
202389,Timofey Mozgov,1610612739,CLE,2015-16,0.447,0.4,0.148,0.2,0.25,0.2,0.2,105.4,-23.1,0.032,0.064,0.211
202699,Tobias Harris,1610612765,DET,2015-16,0.561,0.5,0.185,3.0,2.0,0.8,0.8,116.1,-1.8,0.115,0.044,0.204
2754,Tony Allen,1610612763,MEM,2015-16,0.387,0.318,0.207,0.8,0.5,1.3,0.5,104.9,-17.1,0.011,0.056,0.058
2225,Tony Parker,1610612759,SAS,2015-16,0.499,0.469,0.213,5.3,2.94,0.6,0.2,103.3,4.7,0.102,0.004,0.077
2772,Trevor Ariza,1610612745,HOU,2015-16,0.313,0.294,0.144,0.8,0.33,2.6,0.2,112.5,-24.9,0.002,0.032,0.079
202684,Tristan Thompson,1610612739,CLE,2015-16,0.559,0.527,0.105,0.7,0.88,0.4,0.9,104.0,11.2,0.077,0.14,0.166
203584,Troy Daniels,1610612766,CHA,2015-16,0.125,0.125,0.222,0.0,0.0,0.0,0.0,108.3,-20.1,-0.08,0.0,0.0
201951,Ty Lawson,1610612754,IND,2015-16,0.388,0.333,0.17,1.4,1.67,0.4,0.0,112.0,-26.7,0.036,0.013,0.079
201946,Tyler Hansbrough,1610612766,CHA,2015-16,0.0,0.0,0.0,0.0,0.0,0.0,0.0,109.1,-27.3,0.0,0.0,0.0
204020,Tyler Johnson,1610612748,MIA,2015-16,0.663,0.591,0.138,1.6,4.0,0.2,0.0,102.6,8.6,0.085,0.035,0.078
203092,Tyler Zeller,1610612738,BOS,2015-16,0.51,0.467,0.213,0.7,1.0,0.0,0.7,92.0,11.8,0.17,0.083,0.289
2617,Udonis Haslem,1610612748,MIA,2015-16,0.581,0.533,0.132,0.4,0.57,0.0,0.1,106.6,-9.0,0.094,0.131,0.25
1713,Vince Carter,1610612763,MEM,2015-16,0.616,0.561,0.198,1.3,1.67,0.5,0.3,114.9,-25.8,0.113,0.049,0.141
202325,Wesley Johnson,1610612746,LAC,2015-16,0.522,0.464,0.09,0.3,1.0,0.2,0.7,86.3,15.0,0.091,0.053,0.144
202083,Wesley Matthews,1610612742,DAL,2015-16,0.475,0.417,0.186,1.2,1.5,1.2,0.0,126.8,-31.5,0.05,0.022,0.081
204098,Xavier Munford,1610612763,MEM,2015-16,0.329,0.339,0.175,2.5,2.0,1.5,0.8,113.1,-25.9,0.04,0.012,0.108
2216,Zach Randolph,1610612763,MEM,2015-16,0.4,0.371,0.264,1.8,1.0,0.3,0.0,110.2,-26.0,0.084,0.104,0.194
2585,Zaza Pachulia,1610612742,DAL,2015-16,0.524,0.375,0.141,3.2,8.0,0.6,0.2,128.6,-32.4,0.106,0.088,0.155
201166,Aaron Brooks,1610612754,IND,2016-17,0.833,0.833,0.211,1.0,1.0,0.0,0.0,171.4,-18.1,0.108,0.0,0.0
201143,Al Horford,1610612738,BOS,2016-17,0.668,0.655,0.175,5.4,2.94,0.8,0.8,116.3,-6.5,0.141,0.051,0.151
202329,Al-Farouq Aminu,1610612757,POR,2016-17,0.574,0.554,0.185,1.0,0.44,0.8,1.0,116.7,-17.5,0.087,0.038,0.196
203518,Alex Abrines,1610612760,OKC,2016-17,0.485,0.457,0.126,0.8,0.0,0.0,0.0,124.9,-26.6,0.042,0.021,0.108
203459,Allen Crabbe,1610612757,POR,2016-17,0.434,0.438,0.115,0.5,2.0,0.3,0.0,117.5,-12.4,0.027,0.0,0.14
101161,Amir Johnson,1610612738,BOS,2016-17,0.537,0.517,0.124,0.2,0.5,0.3,0.4,118.6,-21.1,0.036,0.115,0.088
2738,Andre Iguodala,1610612744,GSW,2016-17,0.511,0.495,0.129,3.2,3.19,0.9,0.4,104.6,10.4,0.081,0.021,0.12
203460,Andre Roberson,1610612760,OKC,2016-17,0.525,0.598,0.142,1.8,1.29,2.4,3.4,107.1,-5.5,0.079,0.087,0.067
1626150,Andrew Harrison,1610612763,MEM,2016-17,0.592,0.534,0.151,2.2,4.33,0.5,0.2,130.8,-26.6,0.074,0.039,0.075
201627,Anthony Morrow,1610612741,CHI,2016-17,0.607,0.556,0.159,0.7,0.0,0.0,0.0,106.8,3.6,0.084,0.0,0.111
203085,Austin Rivers,1610612746,LAC,2016-17,0.446,0.423,0.159,0.7,0.4,0.3,0.3,105.7,-9.1,0.027,0.011,0.075
202340,Avery Bradley,1610612738,BOS,2016-17,0.53,0.515,0.22,2.3,1.32,1.3,0.2,116.6,-6.5,0.077,0.029,0.086
201933,Blake Griffin,1610612746,LAC,2016-17,0.564,0.529,0.286,2.3,1.17,0.7,0.3,102.7,5.4,0.16,0.034,0.179
201628,Bobby Brown,1610612745,HOU,2016-17,0.625,0.625,0.345,0.2,0.0,0.0,0.0,111.4,-34.8,0.252,0.0,0.0
1626171,Bobby Portis,1610612741,CHI,2016-17,0.606,0.606,0.146,1.2,1.17,0.5,0.5,103.7,-3.3,0.124,0.045,0.248
202711,Bojan Bogdanovic,1610612764,WAS,2016-17,0.569,0.506,0.174,0.7,1.13,0.5,0.1,112.8,-10.6,0.11,0.037,0.181
2564,Boris Diaw,1610612762,UTA,2016-17,0.601,0.563,0.155,2.0,1.57,0.6,0.4,101.0,2.8,0.088,0.017,0.099
203078,Bradley Beal,1610612764,WAS,2016-17,0.565,0.527,0.266,2.7,1.3,1.6,0.6,110.2,3.1,0.106,0.03,0.057
201148,Brandan Wright,1610612763,MEM,2016-17,0.4,0.4,0.194,0.0,0.0,0.0,1.0,109.1,-46.6,0.079,0.0,0.071
101138,Brandon Bass,1610612746,LAC,2016-17,0.333,0.333,0.375,0.0,0.0,1.0,0.0,112.5,-55.4,0.15,0.0,0.0
201943,Brandon Jennings,1610612764,WAS,2016-17,0.468,0.417,0.112,1.8,3.0,0.2,0.0,109.9,-12.3,0.057,0.027,0.084
1627854,Bryn Forbes,1610612759,SAS,2016-17,0.423,0.333,0.146,0.5,1.5,0.0,0.2,103.8,8.5,0.025,0.0,0.072
203468,CJ McCollum,1610612757,POR,2016-17,0.517,0.469,0.292,1.0,0.27,1.0,0.5,116.6,-19.9,0.082,0.048,0.121
101139,CJ Miles,1610612754,IND,2016-17,0.583,0.563,0.138,0.3,0.5,0.5,0.3,125.3,-5.8,0.03,0.048,0.052
1626166,Cameron Payne,1610612741,CHI,2016-17,0.75,0.75,0.3,0.0,0.0,0.0,0.0,77.8,33.3,0.089,0.0,0.0
101112,Channing Frye,1610612739,CLE,2016-17,0.698,0.683,0.191,1.1,6.5,0.3,0.3,127.5,-6.5,0.116,0.0,0.154
101108,Chris Paul,1610612746,LAC,2016-17,0.592,0.548,0.301,9.9,3.63,1.7,0.1,107.7,1.2,0.212,0.017,0.134
203991,Clint Capela,1610612745,HOU,2016-17,0.585,0.561,0.163,1.1,1.5,0.7,2.5,109.0,-1.1,0.134,0.084,0.236
202709,Cory Joseph,1610612761,TOR,2016-17,0.53,0.5,0.193,3.1,2.21,0.4,0.2,109.1,-11.8,0.088,0.019,0.084
1626245,Cristiano Felicio,1610612741,CHI,2016-17,0.598,0.6,0.124,0.3,0.29,0.5,0.3,106.5,-8.3,0.057,0.095,0.232
2563,Dahntay Jones,1610612739,CLE,2016-17,0.656,0.55,0.169,0.1,1.0,0.0,0.1,128.2,-23.9,0.067,0.0,0.0
1627745,Damian Jones,1610612744,GSW,2016-17,0.444,0.429,0.151,0.0,0.0,0.5,0.3,109.1,-18.2,0.069,0.0,0.0
203081,Damian Lillard,1610612757,POR,2016-17,0.55,0.483,0.3,3.3,1.0,1.3,0.5,120.8,-24.7,0.112,0.021,0.097
1627849,Daniel Ochefu,1610612764,WAS,2016-17,0.0,0.0,0.182,0.0,0.0,0.0,0.0,75.0,6.8,-0.154,0.0,0.0
201980,Danny Green,1610612759,SAS,2016-17,0.529,0.523,0.133,1.4,1.35,0.6,0.9,113.3,-6.0,0.059,0.029,0.108
203957,Danté Exum,1610612762,UTA,2016-17,0.54,0.481,0.174,1.3,3.0,0.7,0.0,110.9,-5.1,0.068,0.025,0.051
101135,David Lee,1610612759,SAS,2016-17,0.55,0.521,0.113,0.7,1.83,0.3,0.3,107.2,8.7,0.076,0.088,0.18
2561,David West,1610612744,GSW,2016-17,0.604,0.585,0.148,2.1,3.6,0.4,0.8,104.5,3.9,0.127,0.034,0.171
202722,Davis Bertans,1610612759,SAS,2016-17,0.607,0.593,0.133,0.2,0.5,0.2,0.3,103.9,11.9,0.079,0.044,0.128
201599,DeAndre Jordan,1610612746,LAC,2016-17,0.631,0.705,0.187,0.7,0.29,0.4,0.9,109.6,-2.0,0.126,0.103,0.323
201942,DeMar DeRozan,1610612761,TOR,2016-17,0.533,0.437,0.292,3.4,1.36,1.4,0.0,111.1,-9.7,0.122,0.011,0.125
201960,DeMarre Carroll,1610612761,TOR,2016-17,0.513,0.5,0.138,0.5,1.0,0.8,0.5,115.2,-11.8,0.063,0.029,0.16
1627749,Dejounte Murray,1610612759,SAS,2016-17,0.438,0.377,0.212,2.5,1.69,1.5,0.1,105.2,7.7,0.085,0.021,0.131
1626153,Delon Wright,1610612761,TOR,2016-17,0.623,0.588,0.121,1.4,2.6,0.4,0.1,98.9,5.6,0.125,0.043,0.0
203471,Dennis Schröder,1610612737,ATL,2016-17,0.586,0.532,0.272,7.7,4.6,1.0,0.0,111.5,-2.9,0.15,0.018,0.046
1627756,Denzel Valentine,1610612741,CHI,2016-17,0.417,0.417,0.151,0.5,1.0,0.0,0.3,75.6,13.3,0.125,0.0,0.0
101114,Deron Williams,1610612739,CLE,2016-17,0.567,0.531,0.146,2.1,2.24,0.6,0.1,106.4,10.2,0.064,0.013,0.069
202324,Derrick Favors,1610612762,UTA,2016-17,0.575,0.581,0.161,0.9,2.5,0.7,0.5,111.6,-4.7,0.106,0.077,0.218
202682,Derrick Williams,1610612739,CLE,2016-17,0.661,0.633,0.226,0.5,1.33,0.0,0.1,135.5,-31.7,0.098,0.0,0.0
203473,Dewayne Dedmon,1610612759,SAS,2016-17,0.607,0.609,0.203,0.3,0.38,0.2,0.3,112.6,-15.1,0.128,0.202,0.265
1627738,Deyonta Davis,1610612763,MEM,2016-17,0.595,0.6,0.2,0.0,0.0,0.0,0.0,116.7,-21.0,0.203,0.0,0.0
1627734,Domantas Sabonis,1610612760,OKC,2016-17,0.42,0.0,0.385,0.0,0.0,0.5,0.5,73.3,-15.0,0.067,0.0,0.0
203926,Doug McDermott,1610612760,OKC,2016-17,0.694,0.694,0.118,0.2,1.0,0.2,0.2,121.6,-15.4,0.074,0.0,0.083
203110,Draymond Green,1610612744,GSW,2016-17,0.583,0.547,0.161,6.5,3.06,1.8,1.6,100.8,17.4,0.131,0.035,0.201
2730,Dwight Howard,1610612737,ATL,2016-17,0.541,0.5,0.147,1.3,0.73,1.0,0.8,110.3,-2.0,0.106,0.112,0.293
2548,Dwyane Wade,1610612741,CHI,2016-17,0.472,0.407,0.244,4.0,2.4,0.8,1.3,108.5,-5.9,0.109,0.033,0.124
202683,Enes Freedom,1610612760,OKC,2016-17,0.432,0.385,0.288,0.2,0.5,0.0,0.8,135.8,-37.8,0.042,0.061,0.133
201569,Eric Gordon,1610612745,HOU,2016-17,0.551,0.533,0.175,2.0,1.57,0.7,0.5,109.3,6.5,0.075,0.015,0.095
101141,Ersan Ilyasova,1610612737,ATL,2016-17,0.445,0.37,0.137,0.3,0.4,0.2,0.0,101.5,3.5,0.073,0.143,0.175
202323,Evan Turner,1610612757,POR,2016-17,0.512,0.439,0.151,3.8,2.14,1.8,0.5,113.0,-17.8,0.092,0.019,0.163
1627832,Fred VanVleet,1610612761,TOR,2016-17,0.778,0.778,0.128,0.6,4.0,0.1,0.0,95.1,29.5,0.108,0.0,0.0
201588,George Hill,1610612762,UTA,2016-17,0.564,0.531,0.209,3.6,2.23,0.3,0.1,107.0,3.4,0.091,0.032,0.096
101123,Gerald Green,1610612738,BOS,2016-17,0.638,0.618,0.192,0.7,1.29,0.2,0.1,112.2,-5.0,0.085,0.01,0.098
203507,Giannis Antetokounmpo,1610612749,MIL,2016-17,0.563,0.554,0.298,4.0,1.2,2.2,1.7,103.5,1.8,0.166,0.042,0.219
203922,Glenn Robinson III,1610612754,IND,2016-17,1.09,1.167,0.091,0.3,0.0,0.0,0.0,111.3,0.5,0.129,0.0,0.088
202330,Gordon Hayward,1610612762,UTA,2016-17,0.598,0.516,0.273,3.4,1.54,0.9,0.3,111.6,-8.7,0.151,0.018,0.155
202328,Greg Monroe,1610612749,MIL,2016-17,0.615,0.529,0.256,1.7,0.91,1.3,0.5,99.6,6.5,0.178,0.123,0.233
203546,Ian Clark,1610612744,GSW,2016-17,0.63,0.589,0.193,0.7,1.0,0.4,0.0,101.6,-1.8,0.1,0.018,0.098
101133,Ian Mahinmi,1610612764,WAS,2016-17,0.506,0.556,0.116,1.2,2.0,0.2,1.2,122.9,-26.0,0.011,0.045,0.145
202697,Iman Shumpert,1610612739,CLE,2016-17,0.548,0.5,0.119,0.9,2.67,0.6,0.2,107.6,5.1,0.064,0.025,0.134
203477,Isaiah Canaan,1610612741,CHI,2016-17,0.611,0.596,0.173,1.3,0.8,1.0,0.0,112.9,-14.0,0.059,0.0,0.04
1627819,Isaiah Taylor,1610612745,HOU,2016-17,0.0,0.0,0.077,0.3,0.0,0.0,0.0,89.5,-9.5,-0.018,0.0,0.0
202738,Isaiah Thomas,1610612738,BOS,2016-17,0.563,0.494,0.303,6.7,2.0,0.9,0.1,112.8,-3.1,0.125,0.01,0.082
200755,JJ Redick,1610612746,LAC,2016-17,0.544,0.47,0.164,0.9,0.46,0.3,0.0,112.1,-8.8,0.028,0.0,0.073
2747,JR Smith,1610612739,CLE,2016-17,0.698,0.707,0.104,0.7,1.08,0.7,0.3,111.3,10.8,0.053,0.011,0.075
203210,JaMychal Green,1610612763,MEM,2016-17,0.589,0.569,0.18,0.3,0.5,0.0,0.0,119.7,0.9,0.045,0.033,0.17
201580,JaVale McGee,1610612744,GSW,2016-17,0.743,0.732,0.191,0.3,0.5,0.1,0.9,103.7,24.2,0.126,0.154,0.142
203109,Jae Crowder,1610612738,BOS,2016-17,0.554,0.513,0.177,2.7,4.0,1.1,0.3,112.0,-2.4,0.101,0.034,0.166
1627774,Jake Layman,1610612757,POR,2016-17,0.615,0.625,0.156,0.5,0.0,0.5,0.0,93.5,9.7,0.083,0.0,0.0
1627751,Jakob Poeltl,1610612761,TOR,2016-17,0.421,0.455,0.179,0.0,0.0,0.2,0.2,92.6,38.9,0.093,0.222,0.0
2037,Jamal Crawford,1610612746,LAC,2016-17,0.498,0.458,0.232,1.9,1.44,0.6,0.1,105.6,7.3,0.065,0.011,0.04
203516,James Ennis III,1610612763,MEM,2016-17,0.566,0.5,0.158,1.2,1.0,0.8,0.3,123.0,-22.3,0.063,0.055,0.123
201935,James Harden,1610612745,HOU,2016-17,0.583,0.486,0.349,8.5,1.58,1.9,0.5,106.4,1.1,0.169,0.016,0.121
2592,James Jones,1610612739,CLE,2016-17,0.2,0.2,0.106,0.0,0.0,0.0,0.0,133.9,-30.6,-0.025,0.0,0.0
203949,James Michael McAdoo,1610612744,GSW,2016-17,0.611,0.588,0.151,0.0,0.0,0.2,0.2,100.0,-15.6,0.111,0.0,0.131
203923,James Young,1610612738,BOS,2016-17,0.5,0.5,0.172,0.3,3.0,0.0,0.0,103.8,3.7,0.077,0.022,0.146
1626185,Jarell Martin,1610612763,MEM,2016-17,0.333,0.333,0.111,0.0,0.0,0.3,0.0,104.8,-4.8,0.08,0.0,0.0
201160,Jason Smith,1610612764,WAS,2016-17,0.565,0.526,0.151,0.3,0.4,0.2,0.5,107.2,-11.2,0.042,0.057,0.111
1891,Jason Terry,1610612749,MIL,2016-17,0.407,0.389,0.133,0.8,2.5,0.5,0.2,100.0,1.6,0.046,0.027,0.086
1627759,Jaylen Brown,1610612738,BOS,2016-17,0.539,0.514,0.183,0.8,1.0,0.4,0.1,108.8,-3.3,0.068,0.053,0.113
201952,Jeff Teague,1610612754,IND,2016-17,0.642,0.589,0.182,6.3,3.13,1.0,0.8,113.9,-4.3,0.125,0.0,0.09
203481,Jeff Withey,1610612762,UTA,2016-17,0.512,0.5,0.116,0.3,0.0,0.3,0.3,104.9,-7.5,0.036,0.0,0.0
203924,Jerami Grant,1610612760,OKC,2016-17,0.675,0.645,0.137,0.8,1.33,0.2,0.4,131.2,-34.2,0.108,0.051,0.122
1626170,Jerian Grant,1610612741,CHI,2016-17,0.329,0.283,0.248,1.0,0.71,0.4,0.0,112.5,-20.3,0.0,0.0,0.077
202710,Jimmy Butler III,1610612741,CHI,2016-17,0.528,0.454,0.262,4.3,1.73,1.7,0.8,113.6,-8.8,0.13,0.038,0.149
204060,Joe Ingles,1610612762,UTA,2016-17,0.538,0.524,0.116,3.3,2.25,2.0,0.5,104.3,0.4,0.077,0.007,0.125
2207,Joe Johnson,1610612762,UTA,2016-17,0.509,0.492,0.215,2.5,2.08,0.5,0.1,112.7,-7.7,0.086,0.025,0.114
201202,Joel Anthony,1610612759,SAS,2016-17,0.676,0.75,0.132,0.0,0.0,0.0,0.7,102.9,-12.0,0.075,0.0,0.0
1627762,Joel Bolomboy,1610612762,UTA,2016-17,0.667,0.667,0.15,0.0,0.0,0.0,0.5,72.2,44.4,0.147,0.0,0.0
203530,Joffrey Lauvergne,1610612741,CHI,2016-17,0.513,0.364,0.258,1.7,2.5,0.0,0.0,92.3,13.4,0.163,0.185,0.0
203089,John Henson,1610612749,MIL,2016-17,0.338,0.25,0.2,0.0,0.0,0.5,0.0,113.6,-45.5,0.069,0.0,0.0
202322,John Wall,1610612764,WAS,2016-17,0.548,0.489,0.312,10.3,2.44,1.7,1.2,110.4,2.3,0.162,0.013,0.083
201973,Jonas Jerebko,1610612738,BOS,2016-17,0.623,0.565,0.14,1.0,2.0,0.4,0.3,111.7,-5.0,0.1,0.058,0.183
202685,Jonas Valančiūnas,1610612761,TOR,2016-17,0.586,0.543,0.219,0.2,0.15,0.2,0.6,112.2,-8.2,0.121,0.043,0.266
203613,Jonathon Simmons,1610612759,SAS,2016-17,0.528,0.504,0.219,1.9,2.64,0.6,0.1,110.4,-2.9,0.084,0.027,0.068
1626175,Jordan Mickey,1610612738,BOS,2016-17,0.4,0.4,0.15,0.0,0.0,0.0,0.5,116.7,30.4,0.028,0.0,0.0
101181,Jose Calderon,1610612737,ATL,2016-17,0.565,0.565,0.151,2.2,3.25,0.3,0.2,100.0,3.2,0.096,0.029,0.092
203994,Jusuf Nurkić,1610612757,POR,2016-17,0.333,0.333,0.171,4.0,1.33,0.0,1.0,82.9,22.9,0.204,0.0,0.5
202695,Kawhi Leonard,1610612759,SAS,2016-17,0.672,0.587,0.29,4.6,2.12,1.7,0.5,108.3,11.2,0.213,0.048,0.18
203482,Kelly Olynyk,1610612738,BOS,2016-17,0.597,0.572,0.204,1.9,1.55,0.7,0.8,107.8,2.1,0.1,0.041,0.126
1626162,Kelly Oubre Jr.,1610612764,WAS,2016-17,0.535,0.516,0.167,0.3,0.57,0.8,0.4,122.2,-26.6,0.04,0.045,0.107
203145,Kent Bazemore,1610612737,ATL,2016-17,0.499,0.462,0.211,3.3,1.25,0.7,0.8,102.8,7.7,0.076,0.027,0.115
201142,Kevin Durant,1610612744,GSW,2016-17,0.683,0.627,0.279,4.3,1.68,0.8,1.3,108.7,15.1,0.179,0.033,0.171
201567,Kevin Love,1610612739,CLE,2016-17,0.604,0.55,0.216,1.7,0.97,1.2,0.9,108.8,12.2,0.136,0.064,0.259
202338,Kevin Seraphin,1610612754,IND,2016-17,0.499,0.462,0.231,1.0,1.0,0.0,0.5,122.1,-18.8,0.063,0.121,0.097
203114,Khris Middleton,1610612749,MIL,2016-17,0.496,0.442,0.201,5.3,2.91,2.0,0.0,101.8,3.7,0.108,0.0,0.137
202691,Klay Thompson,1610612744,GSW,2016-17,0.507,0.483,0.197,2.1,1.46,0.8,0.3,103.2,14.1,0.061,0.019,0.082
2743,Kris Humphries,1610612737,ATL,2016-17,0.0,0.0,0.0,0.0,0.0,0.0,1.0,112.5,1.8,0.03,0.0,0.0
203937,Kyle Anderson,1610612759,SAS,2016-17,0.603,0.586,0.164,1.7,3.57,0.7,0.1,108.5,-1.1,0.149,0.059,0.171
2594,Kyle Korver,1610612739,CLE,2016-17,0.622,0.594,0.122,0.7,1.86,0.4,0.3,106.9,7.5,0.063,0.007,0.08
200768,Kyle Lowry,1610612761,TOR,2016-17,0.586,0.532,0.195,5.9,2.76,1.5,0.5,109.1,-2.7,0.104,0.011,0.076
202713,Kyle Singler,1610612760,OKC,2016-17,0.0,0.0,0.038,0.0,0.0,0.0,0.0,116.7,-20.7,-0.038,0.0,0.0
1627787,Kyle Wiltjer,1610612745,HOU,2016-17,1.5,1.5,0.067,0.0,0.0,0.0,0.0,141.7,-87.8,0.167,0.0,0.0
202681,Kyrie Irving,1610612739,CLE,2016-17,0.573,0.527,0.299,5.3,1.98,1.3,0.4,111.5,9.4,0.125,0.021,0.057
200746,LaMarcus Aldridge,1610612759,SAS,2016-17,0.5,0.463,0.24,1.5,0.86,0.6,1.0,112.7,-4.4,0.096,0.079,0.147
202362,Lance Stephenson,1610612754,IND,2016-17,0.584,0.575,0.232,2.8,2.75,0.5,0.0,118.5,3.1,0.133,0.009,0.187
202730,Lavoy Allen,1610612754,IND,2016-17,0.0,0.0,0.043,0.0,0.0,0.0,0.0,95.7,26.1,0.021,0.0,0.0
2544,LeBron James,1610612739,CLE,2016-17,0.649,0.622,0.311,7.8,1.96,1.9,1.3,109.9,13.0,0.199,0.027,0.189
101150,Lou Williams,1610612745,HOU,2016-17,0.528,0.475,0.23,1.3,1.0,0.6,0.1,106.4,11.9,0.078,0.027,0.076
201601,Luc Mbah a Moute,1610612746,LAC,2016-17,0.512,0.453,0.12,1.0,2.33,1.1,0.6,106.8,-4.9,0.068,0.049,0.123
203512,Lucas Nogueira,1610612761,TOR,2016-17,0.521,0.5,0.15,0.0,0.0,0.0,0.0,60.0,60.0,0.186,0.0,0.0
1627763,Malcolm Brogdon,1610612749,MIL,2016-17,0.491,0.491,0.177,3.5,1.75,0.5,0.3,104.3,-2.3,0.076,0.016,0.131
1627098,Malcolm Delaney,1610612737,ATL,2016-17,1.031,1.167,0.5,0.0,0.0,0.0,0.0,100.0,12.5,0.552,0.0,0.0
1938,Manu Ginobili,1610612759,SAS,2016-17,0.495,0.459,0.177,2.4,3.25,1.0,0.1,108.3,1.2,0.088,0.032,0.11
201188,Marc Gasol,1610612763,MEM,2016-17,0.595,0.512,0.235,4.2,1.67,0.3,0.7,119.1,-8.0,0.119,0.034,0.154
101162,Marcin Gortat,1610612764,WAS,2016-17,0.52,0.505,0.123,1.8,1.41,0.4,1.5,107.6,6.8,0.096,0.122,0.223
203935,Marcus Smart,1610612738,BOS,2016-17,0.497,0.459,0.162,4.7,2.24,1.5,0.9,109.5,-0.5,0.076,0.043,0.122
202693,Markieff Morris,1610612764,WAS,2016-17,0.495,0.455,0.206,1.7,1.05,0.9,1.3,102.2,12.5,0.082,0.047,0.177
201578,Marreese Speights,1610612746,LAC,2016-17,0.556,0.527,0.215,0.4,1.0,0.3,0.4,102.7,0.9,0.091,0.045,0.186
2440,Matt Barnes,1610612744,GSW,2016-17,0.3,0.3,0.122,0.6,2.33,0.2,0.0,103.0,-12.8,0.02,0.0,0.13
203521,Matthew Dellavedova,1610612749,MIL,2016-17,0.507,0.463,0.16,2.0,1.71,0.2,0.0,98.0,2.0,0.071,0.006,0.079
203090,Maurice Harkless,1610612757,POR,2016-17,0.386,0.324,0.16,0.8,3.0,1.3,1.3,116.6,-22.8,0.023,0.056,0.06
203086,Meyers Leonard,1610612757,POR,2016-17,0.2,0.2,0.134,0.3,0.25,0.0,0.0,126.2,-29.5,-0.033,0.063,0.0
201563,Michael Beasley,1610612749,MIL,2016-17,0.391,0.425,0.226,0.3,0.5,0.3,0.3,82.5,6.9,0.004,0.04,0.143
203487,Michael Carter-Williams,1610612741,CHI,2016-17,0.418,0.4,0.18,1.2,1.0,0.4,0.2,102.9,-10.3,0.017,0.018,0.059
201144,Mike Conley,1610612763,MEM,2016-17,0.62,0.568,0.282,7.0,3.5,1.7,0.5,107.8,2.7,0.196,0.005,0.094
2399,Mike Dunleavy,1610612737,ATL,2016-17,0.685,0.571,0.106,0.3,0.33,0.2,0.0,103.3,0.8,0.036,0.018,0.063
203488,Mike Muscala,1610612737,ATL,2016-17,0.395,0.278,0.116,0.3,2.0,0.2,0.5,107.1,0.2,0.028,0.063,0.114
203141,Mirza Teletovic,1610612749,MIL,2016-17,0.25,0.25,0.121,0.0,0.0,0.3,0.0,146.2,-51.7,-0.017,0.0,0.176
101145,Monta Ellis,1610612754,IND,2016-17,0.495,0.45,0.149,1.3,1.25,0.5,0.3,119.4,-7.6,0.051,0.013,0.103
1626149,Montrezl Harrell,1610612745,HOU,2016-17,0.443,0.333,0.145,0.4,1.0,0.0,0.0,102.3,-19.7,-0.023,0.0,0.0
1626167,Myles Turner,1610612754,IND,2016-17,0.452,0.432,0.178,0.8,0.5,1.8,1.3,114.0,4.3,0.058,0.045,0.168
2403,Nene,1610612745,HOU,2016-17,0.696,0.706,0.196,0.6,0.56,0.7,0.4,96.6,14.5,0.144,0.07,0.154
202703,Nikola Mirotic,1610612741,CHI,2016-17,0.478,0.44,0.159,1.5,2.25,0.7,0.5,117.0,-13.5,0.062,0.024,0.166
203943,Noah Vonleh,1610612757,POR,2016-17,0.446,0.444,0.106,2.0,1.33,0.3,0.8,121.5,-22.4,0.055,0.076,0.202
1626181,Norman Powell,1610612761,TOR,2016-17,0.567,0.518,0.213,1.6,0.93,1.1,0.3,106.9,-0.2,0.08,0.022,0.115
202708,Norris Cole,1610612760,OKC,2016-17,0.313,0.313,0.172,0.3,0.5,0.0,0.3,139.2,-64.7,-0.053,0.0,0.05
203490,Otto Porter Jr.,1610612764,WAS,2016-17,0.635,0.583,0.136,1.8,2.3,1.6,0.5,107.1,8.6,0.118,0.035,0.174
200782,P.J. Tucker,1610612761,TOR,2016-17,0.476,0.459,0.114,1.1,1.38,0.6,0.3,104.7,-4.5,0.061,0.065,0.174
1627783,Pascal Siakam,1610612761,TOR,2016-17,0.0,0.0,0.077,0.5,0.0,0.5,0.0,86.4,63.6,0.02,0.0,0.0
1626192,Pat Connaughton,1610612757,POR,2016-17,0.339,0.222,0.182,1.3,0.0,0.0,0.0,84.9,15.1,0.136,0.038,0.0
201976,Patrick Beverley,1610612745,HOU,2016-17,0.53,0.509,0.177,3.0,1.83,1.5,0.2,107.9,2.7,0.083,0.061,0.114
1627775,Patrick McCaw,1610612744,GSW,2016-17,0.568,0.521,0.129,1.1,5.33,0.6,0.2,98.7,8.9,0.098,0.051,0.105
202335,Patrick Patterson,1610612761,TOR,2016-17,0.44,0.389,0.113,2.0,3.33,0.7,0.2,112.0,-17.2,0.072,0.006,0.11
201988,Patty Mills,1610612759,SAS,2016-17,0.551,0.521,0.175,2.7,2.05,0.8,0.1,113.7,-3.5,0.069,0.012,0.078
2200,Pau Gasol,1610612759,SAS,2016-17,0.494,0.465,0.171,1.9,1.72,0.4,0.9,111.7,3.6,0.098,0.108,0.213
202331,Paul George,1610612754,IND,2016-17,0.553,0.489,0.29,7.3,2.23,1.8,0.5,120.5,-7.1,0.147,0.028,0.182
200794,Paul Millsap,1610612737,ATL,2016-17,0.597,0.52,0.28,4.3,1.13,1.7,0.7,107.1,-2.7,0.172,0.041,0.213
1718,Paul Pierce,1610612746,LAC,2016-17,0.569,0.556,0.103,1.0,1.75,0.3,0.0,106.6,7.8,0.048,0.023,0.126
1627835,Paul Zipser,1610612741,CHI,2016-17,0.602,0.545,0.147,0.5,0.43,0.2,0.2,111.7,-7.9,0.059,0.022,0.14
200765,Rajon Rondo,1610612741,CHI,2016-17,0.428,0.423,0.197,10.0,5.0,3.5,0.5,99.3,15.9,0.144,0.108,0.143
1626173,Rashad Vaughn,1610612749,MIL,2016-17,0.75,0.75,0.182,0.0,0.0,0.0,0.0,109.1,-36.4,0.131,0.0,0.0
203526,Raul Neto,1610612762,UTA,2016-17,0.779,0.731,0.134,0.4,1.33,0.1,0.1,101.6,-12.7,0.098,0.0,0.127
101109,Raymond Felton,1610612746,LAC,2016-17,0.57,0.531,0.138,1.4,3.33,0.9,0.0,110.0,-3.9,0.073,0.017,0.075
2210,Richard Jefferson,1610612739,CLE,2016-17,0.547,0.487,0.144,0.5,0.88,0.1,0.2,113.4,-0.7,0.023,0.056,0.08
201577,Robin Lopez,1610612741,CHI,2016-17,0.684,0.654,0.175,0.8,0.63,0.5,1.0,116.1,-10.7,0.126,0.17,0.094
203918,Rodney Hood,1610612762,UTA,2016-17,0.434,0.414,0.207,1.1,1.2,0.5,0.0,112.6,-8.9,0.03,0.004,0.113
203497,Rudy Gobert,1610612762,UTA,2016-17,0.612,0.635,0.173,1.2,1.22,1.0,1.3,108.3,-9.4,0.144,0.087,0.288
201566,Russell Westbrook,1610612760,OKC,2016-17,0.511,0.431,0.452,10.8,1.8,2.4,0.4,106.0,2.6,0.231,0.043,0.233
201583,Ryan Anderson,1610612745,HOU,2016-17,0.52,0.484,0.141,0.6,0.78,0.4,0.2,108.0,0.3,0.057,0.042,0.128
1626155,Sam Dekker,1610612745,HOU,2016-17,0.375,0.375,0.152,0.3,0.0,0.3,0.3,119.7,-40.0,0.068,0.119,0.147
203902,Semaj Christon,1610612760,OKC,2016-17,0.5,0.5,0.102,2.5,0.0,0.5,0.0,137.2,-54.6,0.116,0.0,0.0
201586,Serge Ibaka,1610612761,TOR,2016-17,0.527,0.508,0.228,1.4,1.27,0.4,1.7,112.0,-9.1,0.099,0.031,0.189
203894,Shabazz Napier,1610612757,POR,2016-17,0.599,0.553,0.211,0.8,0.0,0.5,0.0,114.6,0.7,0.088,0.02,0.055
2733,Shaun Livingston,1610612744,GSW,2016-17,0.588,0.576,0.135,1.4,2.0,0.4,0.1,107.8,8.1,0.068,0.047,0.073
1627815,Sheldon Mac,1610612764,WAS,2016-17,0.709,0.667,0.268,0.0,0.0,0.0,0.0,86.8,26.7,0.172,0.0,0.0
202714,Shelvin Mack,1610612762,UTA,2016-17,0.486,0.418,0.195,2.0,2.0,0.4,0.0,107.7,-6.4,0.071,0.02,0.162
201150,Spencer Hawes,1610612749,MIL,2016-17,0.5,0.5,0.158,0.3,1.0,0.0,0.3,116.7,-19.9,0.05,0.0,0.118
201939,Stephen Curry,1610612744,GSW,2016-17,0.659,0.599,0.289,6.7,1.97,2.0,0.2,106.5,18.4,0.173,0.039,0.12
203500,Steven Adams,1610612760,OKC,2016-17,0.609,0.643,0.096,1.4,1.75,1.2,1.8,102.4,4.6,0.093,0.097,0.099
201959,Taj Gibson,1610612760,OKC,2016-17,0.636,0.6,0.172,0.6,0.38,0.2,0.0,104.2,9.1,0.08,0.029,0.113
1627752,Taurean Prince,1610612737,ATL,2016-17,0.618,0.596,0.14,1.3,1.14,0.3,0.2,106.5,0.9,0.098,0.036,0.127
1626179,Terry Rozier,1610612738,BOS,2016-17,0.529,0.488,0.157,1.9,3.2,0.6,0.2,104.3,9.6,0.09,0.044,0.116
200757,Thabo Sefolosha,1610612737,ATL,2016-17,0.181,0.0,0.136,0.0,0.0,0.0,0.0,113.0,-38.0,-0.125,0.0,0.0
201152,Thaddeus Young,1610612754,IND,2016-17,0.553,0.551,0.155,2.5,1.67,2.0,0.3,110.9,-3.6,0.108,0.147,0.101
1627748,Thon Maker,1610612749,MIL,2016-17,0.488,0.419,0.182,2.0,1.5,0.8,1.8,101.3,1.4,0.066,0.076,0.094
203501,Tim Hardaway Jr.,1610612737,ATL,2016-17,0.426,0.396,0.211,1.2,0.7,0.5,0.0,106.3,-3.9,0.023,0.014,0.067
1627817,Tim Quarterman,1610612757,POR,2016-17,0.75,0.75,0.143,0.5,0.0,0.0,0.0,100.0,28.6,0.062,0.0,0.0
203107,Tomas Satoransky,1610612764,WAS,2016-17,0.488,0.5,0.12,0.6,3.0,0.1,0.0,94.9,2.5,0.072,0.027,0.0
2225,Tony Parker,1610612759,SAS,2016-17,0.616,0.582,0.261,3.1,2.08,0.5,0.0,108.3,8.7,0.139,0.011,0.092
203503,Tony Snell,1610612749,MIL,2016-17,0.682,0.682,0.118,1.5,4.5,0.2,0.2,105.4,1.2,0.068,0.012,0.072
2772,Trevor Ariza,1610612745,HOU,2016-17,0.572,0.541,0.117,2.1,2.56,1.3,0.2,109.4,-1.3,0.078,0.018,0.111
203504,Trey Burke,1610612764,WAS,2016-17,0.0,0.0,0.093,1.7,0.0,0.0,0.0,97.5,5.1,-0.017,0.0,0.0
1626168,Trey Lyles,1610612762,UTA,2016-17,0.5,0.5,0.381,0.5,1.0,0.5,0.0,84.2,26.3,0.133,0.0,0.0
202684,Tristan Thompson,1610612739,CLE,2016-17,0.625,0.587,0.11,1.4,1.24,0.5,0.7,108.8,9.5,0.086,0.131,0.135
203584,Troy Daniels,1610612763,MEM,2016-17,0.5,0.5,0.076,0.3,1.0,0.3,0.0,113.4,-0.8,0.037,0.019,0.061
1627786,Troy Williams,1610612745,HOU,2016-17,0.051,0.0,0.24,0.2,0.5,0.0,0.0,107.9,-37.2,-0.073,0.0,0.0
203092,Tyler Zeller,1610612738,BOS,2016-17,0.561,0.52,0.176,0.7,2.0,0.0,0.2,118.0,-11.8,0.099,0.093,0.153
203506,Victor Oladipo,1610612760,OKC,2016-17,0.424,0.393,0.163,2.0,1.67,1.4,0.6,110.4,-4.6,0.055,0.011,0.135
1713,Vince Carter,1610612763,MEM,2016-17,0.61,0.571,0.142,1.5,0.9,0.3,0.0,123.4,-15.4,0.055,0.023,0.1
1627735,Wade Baldwin IV,1610612763,MEM,2016-17,0.532,0.0,0.063,0.7,0.0,0.0,0.0,123.1,-27.1,0.101,0.0,0.0
1627782,Wayne Selden,1610612763,MEM,2016-17,0.414,0.385,0.14,1.2,3.5,0.2,0.2,107.4,6.4,0.031,0.033,0.067
202325,Wesley Johnson,1610612746,LAC,2016-17,0.568,0.0,0.042,0.0,0.0,0.3,0.0,117.4,-34.8,0.033,0.0,0.0
2216,Zach Randolph,1610612763,MEM,2016-17,0.45,0.428,0.245,0.7,0.57,0.8,0.3,116.0,-13.1,0.104,0.052,0.248
2585,Zaza Pachulia,1610612744,GSW,2016-17,0.571,0.533,0.159,0.8,0.86,0.5,0.3,103.6,18.0,0.076,0.086,0.172
201166,Aaron Brooks,1610612750,MIN,2017-18,0.515,0.667,0.5,0.0,0.0,0.0,0.0,57.1,9.5,0.167,0.0,0.0
1628935,Aaron Jackson,1610612745,HOU,2017-18,0.512,0.5,0.167,0.3,1.0,0.0,0.0,105.7,-24.6,0.052,0.111,0.105
1627846,Abdel Nader,1610612738,BOS,2017-18,0.358,0.333,0.238,0.3,1.5,0.1,0.1,106.1,-16.5,0.028,0.028,0.059
201143,Al Horford,1610612738,BOS,2017-18,0.631,0.581,0.182,3.3,1.97,1.0,1.2,103.7,5.1,0.149,0.047,0.193
202329,Al-Farouq Aminu,1610612757,POR,2017-18,0.652,0.644,0.186,1.3,0.83,1.0,0.5,117.4,-15.2,0.127,0.081,0.212
202692,Alec Burks,1610612762,UTA,2017-18,0.581,0.539,0.276,1.9,2.13,0.4,0.1,104.2,5.3,0.156,0.016,0.175
203518,Alex Abrines,1610612760,OKC,2017-18,0.575,0.55,0.087,0.3,2.0,0.8,0.3,94.1,12.9,0.063,0.029,0.106
101161,Amir Johnson,1610612755,PHI,2017-18,0.56,0.524,0.107,1.1,3.0,0.3,0.1,104.4,9.8,0.08,0.125,0.107
2738,Andre Iguodala,1610612744,GSW,2017-18,0.61,0.576,0.124,2.7,2.93,1.4,0.5,98.5,13.4,0.095,0.03,0.131
203952,Andrew Wiggins,1610612750,MIN,2017-18,0.514,0.493,0.232,2.0,1.11,0.4,0.4,120.9,-17.2,0.075,0.03,0.114
1627790,Ante Zizic,1610612739,CLE,2017-18,0.514,0.5,0.273,0.1,0.5,0.0,0.1,70.2,25.4,0.129,0.036,0.185
203076,Anthony Davis,1610612740,NOP,2017-18,0.584,0.534,0.295,1.7,0.65,2.0,2.3,105.8,-0.1,0.168,0.066,0.251
203382,Aron Baynes,1610612738,BOS,2017-18,0.588,0.567,0.121,1.0,2.38,0.2,0.6,107.3,-3.9,0.103,0.11,0.185
1628389,Bam Adebayo,1610612748,MIA,2017-18,0.402,0.467,0.124,0.0,0.0,0.0,0.4,107.2,-12.9,0.015,0.108,0.125
1627732,Ben Simmons,1610612755,PHI,2017-18,0.541,0.488,0.219,7.7,1.75,1.7,0.8,109.1,-2.9,0.138,0.039,0.221
202711,Bojan Bogdanovic,1610612754,IND,2017-18,0.509,0.5,0.187,1.9,1.0,0.9,0.0,100.6,7.5,0.051,0.004,0.103
203078,Bradley Beal,1610612764,WAS,2017-18,0.588,0.551,0.267,2.8,1.13,1.2,0.3,114.3,-8.6,0.101,0.009,0.091
201943,Brandon Jennings,1610612749,MIL,2017-18,0.347,0.0,0.444,0.0,0.0,0.0,0.0,150.0,-12.5,-0.047,0.0,0.0
203464,Brandon Paul,1610612759,SAS,2017-18,0.0,0.0,0.0,1.0,0.0,0.0,0.0,116.7,54.8,0.093,0.0,0.333
1627854,Bryn Forbes,1610612759,SAS,2017-18,0.423,0.353,0.167,0.5,0.0,0.0,0.0,111.8,-15.4,0.022,0.019,0.037
203468,CJ McCollum,1610612757,POR,2017-18,0.61,0.591,0.241,3.5,1.56,1.3,0.3,118.9,-10.3,0.099,0.0,0.059
101139,CJ Miles,1610612761,TOR,2017-18,0.615,0.585,0.164,0.8,0.89,0.7,0.3,113.4,-8.4,0.076,0.026,0.083
1628403,Caleb Swanigan,1610612757,POR,2017-18,0.399,0.0,0.263,1.0,1.0,0.0,0.0,63.2,57.9,0.035,0.0,0.25
2546,Carmelo Anthony,1610612760,OKC,2017-18,0.452,0.417,0.189,0.3,0.33,1.7,0.7,109.3,-13.2,0.072,0.014,0.156
1626224,Cedi Osman,1610612739,CLE,2017-18,0.354,0.361,0.137,0.2,0.0,0.2,0.0,95.9,7.4,0.032,0.014,0.102
1627767,Cheick Diallo,1610612740,NOP,2017-18,0.417,0.417,0.115,0.0,0.0,0.1,0.1,109.3,-25.0,0.008,0.082,0.094
1627778,Chinanu Onuaku,1610612745,HOU,2017-18,0.0,0.0,0.0,1.0,0.0,1.0,0.0,116.7,-59.5,0.115,0.2,0.0
101108,Chris Paul,1610612745,HOU,2017-18,0.565,0.531,0.262,5.8,3.11,2.0,0.3,102.3,6.8,0.155,0.016,0.165
203991,Clint Capela,1610612745,HOU,2017-18,0.642,0.66,0.153,1.3,1.47,0.8,2.1,104.8,3.3,0.156,0.11,0.273
201147,Corey Brewer,1610612760,OKC,2017-18,0.669,0.62,0.083,0.8,2.5,1.2,0.8,113.4,-12.8,0.055,0.026,0.06
202709,Cory Joseph,1610612754,IND,2017-18,0.463,0.409,0.132,3.0,5.25,1.3,0.3,111.3,2.1,0.091,0.015,0.117
1626177,Dakari Johnson,1610612760,OKC,2017-18,0.0,0.0,0.0,0.0,0.0,0.0,0.0,57.1,114.3,0.0,0.0,0.0
1627745,Damian Jones,1610612744,GSW,2017-18,0.602,0.5,0.207,0.0,0.0,0.0,0.0,129.6,-69.6,-0.068,0.063,0.286
203081,Damian Lillard,1610612757,POR,2017-18,0.471,0.415,0.241,4.8,1.19,1.3,0.0,118.6,-12.4,0.062,0.017,0.105
201980,Danny Green,1610612759,SAS,2017-18,0.35,0.35,0.142,0.2,0.5,0.2,0.8,115.0,-23.5,0.006,0.036,0.081
203957,Danté Exum,1610612762,UTA,2017-18,0.551,0.512,0.225,1.0,0.67,0.1,0.1,112.9,-10.1,0.046,0.034,0.093
203967,Dario Šarić,1610612755,PHI,2017-18,0.546,0.493,0.221,3.5,2.33,1.0,0.4,110.8,-3.4,0.119,0.09,0.129
203121,Darius Miller,1610612740,NOP,2017-18,0.587,0.544,0.109,1.2,1.83,0.6,0.0,105.4,0.5,0.059,0.013,0.105
201954,Darren Collison,1610612754,IND,2017-18,0.539,0.515,0.174,4.7,3.67,1.0,0.0,97.6,6.4,0.126,0.005,0.092
204065,David Stockton,1610612762,UTA,2017-18,0.333,0.333,0.214,0.0,0.0,0.0,0.0,108.3,25.0,0.0,0.0,0.167
2561,David West,1610612744,GSW,2017-18,0.631,0.611,0.139,1.8,3.2,0.3,0.6,111.9,-1.3,0.108,0.068,0.146
202722,Davis Bertans,1610612759,SAS,2017-18,0.372,0.25,0.116,1.2,6.0,0.4,0.0,107.1,-0.1,0.02,0.011,0.128
202732,DeAndre Liggins,1610612740,NOP,2017-18,0.266,0.0,0.118,0.0,0.0,0.0,0.0,114.7,-64.7,-0.051,0.0,0.071
201942,DeMar DeRozan,1610612761,TOR,2017-18,0.511,0.462,0.299,4.0,1.74,0.5,0.6,117.1,-9.2,0.101,0.018,0.09
1627749,Dejounte Murray,1610612759,SAS,2017-18,0.558,0.516,0.196,1.8,1.8,1.0,0.4,106.4,-6.9,0.113,0.039,0.185
1626153,Delon Wright,1610612761,TOR,2017-18,0.573,0.522,0.175,2.3,2.56,1.5,0.9,108.2,-3.1,0.121,0.013,0.091
202324,Derrick Favors,1610612762,UTA,2017-18,0.618,0.632,0.139,1.2,1.3,0.7,1.0,103.0,6.4,0.097,0.07,0.127
201565,Derrick Rose,1610612750,MIN,2017-18,0.591,0.57,0.25,2.6,1.63,0.4,0.0,115.8,-0.1,0.092,0.009,0.068
1628401,Derrick White,1610612759,SAS,2017-18,0.583,0.583,0.15,0.3,0.0,0.3,0.7,118.4,5.3,0.081,0.0,0.0
1627734,Domantas Sabonis,1610612754,IND,2017-18,0.622,0.589,0.21,0.7,0.71,0.1,0.3,107.6,4.5,0.107,0.085,0.122
1628378,Donovan Mitchell,1610612762,UTA,2017-18,0.512,0.471,0.311,4.2,1.44,1.5,0.4,104.3,-1.9,0.126,0.022,0.125
203110,Draymond Green,1610612744,GSW,2017-18,0.529,0.487,0.152,8.1,2.71,2.0,1.5,100.8,11.8,0.125,0.055,0.2
2548,Dwyane Wade,1610612748,MIA,2017-18,0.51,0.443,0.293,3.6,1.64,1.4,0.2,99.3,1.4,0.151,0.021,0.124
202734,E'Twaun Moore,1610612740,NOP,2017-18,0.537,0.517,0.153,1.7,1.36,0.7,0.1,103.7,2.9,0.049,0.021,0.054
202334,Ed Davis,1610612757,POR,2017-18,0.468,0.5,0.1,0.0,0.0,0.0,0.3,108.3,-2.2,0.076,0.074,0.435
202327,Ekpe Udoh,1610612762,UTA,2017-18,0.362,1.0,0.069,0.0,0.0,0.0,0.3,112.0,-13.9,-0.016,0.036,0.1
2731,Emeka Okafor,1610612740,NOP,2017-18,0.0,0.0,0.1,0.0,0.0,0.0,0.0,120.0,-80.0,-0.174,0.0,0.0
202339,Eric Bledsoe,1610612749,MIL,2017-18,0.512,0.482,0.235,3.7,1.73,1.0,0.9,107.3,4.2,0.085,0.016,0.098
201569,Eric Gordon,1610612745,HOU,2017-18,0.529,0.477,0.213,1.6,1.17,0.6,0.5,106.3,0.0,0.07,0.015,0.064
101141,Ersan Ilyasova,1610612755,PHI,2017-18,0.499,0.482,0.179,1.3,1.3,0.7,0.4,97.1,10.7,0.106,0.098,0.196
202323,Evan Turner,1610612757,POR,2017-18,0.413,0.394,0.185,3.3,1.67,1.0,0.3,117.1,-9.5,0.042,0.048,0.095
1627832,Fred VanVleet,1610612761,TOR,2017-18,0.482,0.436,0.185,2.2,3.25,0.0,0.0,117.4,1.1,0.055,0.0,0.098
1627788,Furkan Korkmaz,1610612755,PHI,2017-18,1.5,1.5,0.25,0.0,0.0,0.0,0.0,133.3,41.7,0.167,0.0,0.0
201588,George Hill,1610612739,CLE,2017-18,0.567,0.511,0.146,2.2,1.91,0.5,0.4,110.5,0.7,0.054,0.025,0.053
101123,Gerald Green,1610612745,HOU,2017-18,0.551,0.537,0.17,0.1,0.1,0.2,0.4,108.5,-3.4,0.065,0.021,0.154
203507,Giannis Antetokounmpo,1610612749,MIL,2017-18,0.62,0.587,0.276,6.3,2.59,1.4,0.9,109.3,-0.6,0.183,0.033,0.209
203922,Glenn Robinson III,1610612754,IND,2017-18,1.0,1.0,0.083,0.0,0.0,0.0,0.0,120.0,-11.7,0.154,0.0,0.2
201609,Goran Dragic,1610612748,MIA,2017-18,0.549,0.52,0.271,4.6,1.53,1.0,0.0,111.7,-7.2,0.095,0.018,0.059
203476,Gorgui Dieng,1610612750,MIN,2017-18,0.43,0.389,0.13,0.8,4.0,0.4,0.8,93.2,0.6,0.092,0.038,0.176
202328,Greg Monroe,1610612738,BOS,2017-18,0.556,0.5,0.248,0.5,0.36,0.2,0.2,107.1,-8.9,0.115,0.126,0.221
1627824,Guerschon Yabusele,1610612738,BOS,2017-18,0.179,0.111,0.094,0.3,0.0,0.2,0.0,100.0,-5.9,-0.01,0.058,0.16
202355,Hassan Whiteside,1610612748,MIA,2017-18,0.505,0.45,0.204,0.2,0.08,0.0,1.2,104.8,-14.5,0.044,0.119,0.247
203546,Ian Clark,1610612740,NOP,2017-18,0.517,0.5,0.166,1.2,1.22,0.9,0.2,108.6,-9.6,0.04,0.01,0.04
101133,Ian Mahinmi,1610612764,WAS,2017-18,0.796,0.714,0.156,0.2,1.0,0.7,0.8,103.7,3.6,0.148,0.07,0.13
200755,JJ Redick,1610612755,PHI,2017-18,0.593,0.541,0.195,2.6,2.36,0.8,0.1,102.8,5.8,0.093,0.008,0.034
2747,JR Smith,1610612739,CLE,2017-18,0.486,0.465,0.139,1.1,1.32,1.0,0.2,112.1,-1.4,0.037,0.015,0.076
201580,JaVale McGee,1610612744,GSW,2017-18,0.678,0.672,0.192,0.3,0.8,0.2,0.8,98.4,13.2,0.141,0.12,0.144
203953,Jabari Parker,1610612749,MIL,2017-18,0.517,0.5,0.205,1.4,1.67,1.0,0.6,105.7,-4.5,0.114,0.052,0.186
203109,Jae Crowder,1610612762,UTA,2017-18,0.457,0.426,0.179,1.7,1.36,1.4,0.2,107.4,-9.7,0.069,0.012,0.154
1627774,Jake Layman,1610612757,POR,2017-18,1.0,1.0,0.158,1.0,0.0,2.0,0.0,63.2,57.9,0.351,0.0,0.125
1627751,Jakob Poeltl,1610612761,TOR,2017-18,0.622,0.548,0.154,0.7,0.75,0.3,0.4,115.4,-11.7,0.077,0.103,0.159
2037,Jamal Crawford,1610612750,MIN,2017-18,0.56,0.521,0.207,2.4,2.4,1.0,0.0,112.0,-3.3,0.094,0.008,0.094
201935,James Harden,1610612745,HOU,2017-18,0.548,0.478,0.357,6.8,1.78,2.2,0.6,105.0,6.0,0.162,0.022,0.127
201949,James Johnson,1610612748,MIA,2017-18,0.644,0.631,0.154,4.8,2.4,1.2,1.2,113.3,-12.1,0.122,0.018,0.157
201160,Jason Smith,1610612764,WAS,2017-18,0.0,0.0,0.0,0.0,0.0,0.0,0.0,100.0,-20.0,0.0,0.0,0.0
1891,Jason Terry,1610612749,MIL,2017-18,0.6,0.6,0.06,0.7,2.0,0.3,0.0,108.7,1.1,0.028,0.032,0.022
1627759,Jaylen Brown,1610612738,BOS,2017-18,0.563,0.549,0.24,1.4,1.13,0.8,0.6,105.9,1.5,0.101,0.027,0.128
1628369,Jayson Tatum,1610612738,BOS,2017-18,0.578,0.515,0.23,2.7,1.27,1.2,0.5,102.5,4.2,0.112,0.015,0.111
201145,Jeff Green,1610612739,CLE,2017-18,0.524,0.482,0.155,1.5,1.88,0.3,0.7,108.6,-4.2,0.065,0.013,0.087
201952,Jeff Teague,1610612750,MIN,2017-18,0.556,0.52,0.211,5.8,2.07,0.6,0.4,122.7,-15.8,0.079,0.019,0.099
203924,Jerami Grant,1610612760,OKC,2017-18,0.54,0.543,0.148,1.0,1.0,0.7,0.5,95.6,12.2,0.061,0.056,0.082
201573,Jerryd Bayless,1610612755,PHI,2017-18,0.0,0.0,0.0,0.0,0.0,0.0,0.0,50.0,50.0,0.0,0.0,0.0
202710,Jimmy Butler III,1610612750,MIN,2017-18,0.557,0.508,0.201,4.0,4.0,0.8,0.2,115.8,-3.6,0.117,0.019,0.149
204060,Joe Ingles,1610612762,UTA,2017-18,0.623,0.616,0.177,3.4,1.42,0.5,0.2,102.2,3.6,0.091,0.013,0.105
2207,Joe Johnson,1610612745,HOU,2017-18,0.353,0.353,0.161,0.4,1.0,0.0,0.1,117.0,-35.7,0.04,0.0,0.156
1626202,Joe Young,1610612754,IND,2017-18,0.0,0.0,0.0,0.0,0.0,0.0,0.0,80.0,40.0,-0.154,0.0,0.0
203954,Joel Embiid,1610612755,PHI,2017-18,0.519,0.464,0.29,3.0,0.83,0.9,1.8,98.6,7.5,0.149,0.08,0.26
203530,Joffrey Lauvergne,1610612759,SAS,2017-18,1.0,1.0,0.077,0.0,0.0,0.0,0.0,76.9,31.4,0.176,0.0,0.125
203089,John Henson,1610612749,MIL,2017-18,0.684,0.692,0.115,2.5,1.25,0.0,3.5,107.5,-0.7,0.09,0.071,0.093
202322,John Wall,1610612764,WAS,2017-18,0.528,0.457,0.325,11.5,2.56,2.3,1.3,111.3,-0.9,0.17,0.014,0.142
201973,Jonas Jerebko,1610612762,UTA,2017-18,0.478,0.447,0.115,0.3,3.0,0.3,0.0,106.9,-6.9,0.063,0.049,0.162
202685,Jonas Valančiūnas,1610612761,TOR,2017-18,0.599,0.551,0.246,1.2,0.63,0.4,1.5,110.6,3.4,0.16,0.13,0.302
1628395,Jordan Bell,1610612744,GSW,2017-18,0.537,0.531,0.108,0.9,2.5,0.4,0.5,100.6,10.5,0.098,0.084,0.176
203903,Jordan Clarkson,1610612739,CLE,2017-18,0.358,0.346,0.215,0.7,1.0,0.4,0.2,112.1,-9.2,0.019,0.03,0.086
202348,Jordan Crawford,1610612740,NOP,2017-18,0.731,0.731,0.444,0.5,0.33,0.5,0.0,105.7,-22.9,0.286,0.0,0.25
101181,Jose Calderon,1610612739,CLE,2017-18,0.446,0.423,0.136,0.7,1.8,0.4,0.0,90.3,3.0,0.038,0.018,0.08
203962,Josh Huestis,1610612760,OKC,2017-18,0.521,0.5,0.057,0.0,0.0,0.3,0.3,104.9,-7.2,0.043,0.0,0.15
1626196,Josh Richardson,1610612748,MIA,2017-18,0.487,0.45,0.157,2.8,2.8,2.2,1.0,121.7,-17.3,0.065,0.029,0.081
201950,Jrue Holiday,1610612740,NOP,2017-18,0.581,0.565,0.247,6.3,2.48,1.1,0.6,105.7,1.0,0.127,0.025,0.109
1626147,Justin Anderson,1610612755,PHI,2017-18,0.5,0.5,0.128,0.0,0.0,0.1,0.0,87.7,10.9,0.031,0.032,0.205
1626159,Justise Winslow,1610612748,MIA,2017-18,0.495,0.44,0.195,2.6,1.63,0.8,0.8,110.0,-5.9,0.093,0.056,0.176
203994,Jusuf Nurkić,1610612757,POR,2017-18,0.536,0.487,0.202,1.0,1.33,1.5,1.3,120.5,-14.0,0.113,0.113,0.238
1626157,Karl-Anthony Towns,1610612750,MIN,2017-18,0.542,0.492,0.217,2.2,0.92,0.4,1.0,124.2,-13.8,0.122,0.095,0.299
203482,Kelly Olynyk,1610612748,MIA,2017-18,0.606,0.568,0.179,3.8,2.38,1.4,1.2,110.9,-3.1,0.103,0.047,0.097
1626162,Kelly Oubre Jr.,1610612764,WAS,2017-18,0.501,0.417,0.175,0.7,0.8,1.0,0.5,105.1,2.3,0.068,0.007,0.141
201142,Kevin Durant,1610612744,GSW,2017-18,0.606,0.541,0.303,4.7,1.98,0.7,1.2,102.2,12.9,0.175,0.017,0.169
201567,Kevin Love,1610612739,CLE,2017-18,0.511,0.457,0.236,1.6,0.83,0.7,0.4,110.2,-2.1,0.122,0.077,0.279
1626172,Kevon Looney,1610612744,GSW,2017-18,0.529,0.542,0.098,0.9,2.38,0.7,0.4,98.0,7.5,0.062,0.104,0.108
203114,Khris Middleton,1610612749,MIL,2017-18,0.719,0.71,0.237,3.1,1.38,0.9,0.7,109.2,2.5,0.144,0.004,0.132
202691,Klay Thompson,1610612744,GSW,2017-18,0.579,0.563,0.216,1.8,1.23,0.8,0.3,101.7,9.8,0.091,0.015,0.087
203937,Kyle Anderson,1610612759,SAS,2017-18,0.62,0.6,0.155,0.6,1.0,1.2,0.2,110.7,-14.0,0.09,0.074,0.101
2594,Kyle Korver,1610612739,CLE,2017-18,0.604,0.578,0.145,0.9,1.36,0.4,0.4,106.6,2.7,0.068,0.012,0.096
200768,Kyle Lowry,1610612761,TOR,2017-18,0.659,0.627,0.198,8.5,2.74,1.5,0.0,116.9,-3.5,0.13,0.006,0.123
200746,LaMarcus Aldridge,1610612759,SAS,2017-18,0.599,0.481,0.269,2.4,1.33,0.6,0.4,111.5,-10.9,0.17,0.068,0.214
202362,Lance Stephenson,1610612754,IND,2017-18,0.529,0.523,0.241,2.9,2.22,0.3,0.1,109.1,-0.4,0.087,0.022,0.123
1626204,Larry Nance Jr.,1610612739,CLE,2017-18,0.652,0.683,0.125,0.9,1.5,0.8,0.7,105.6,-6.8,0.128,0.113,0.173
2544,LeBron James,1610612739,CLE,2017-18,0.619,0.577,0.344,9.0,2.11,1.4,1.0,112.3,-2.6,0.224,0.035,0.194
203485,Lorenzo Brown,1610612761,TOR,2017-18,0.414,0.4,0.197,0.5,2.0,0.0,0.3,119.6,-28.7,0.06,0.034,0.172
201601,Luc Mbah a Moute,1610612745,HOU,2017-18,0.32,0.292,0.125,0.3,0.5,0.7,0.4,113.8,-21.5,0.022,0.018,0.129
203512,Lucas Nogueira,1610612761,TOR,2017-18,0.266,0.0,0.096,0.2,0.33,0.0,0.0,138.0,-56.0,-0.073,0.0,0.053
202337,Luke Babbitt,1610612748,MIA,2017-18,0.0,0.0,0.143,0.0,0.0,0.0,0.0,142.9,-85.7,-0.065,0.0,0.0
1627763,Malcolm Brogdon,1610612749,MIL,2017-18,0.513,0.482,0.181,2.4,1.42,0.1,0.0,112.3,-7.1,0.063,0.02,0.107
1938,Manu Ginobili,1610612759,SAS,2017-18,0.538,0.486,0.193,3.2,2.29,1.4,0.2,110.9,-2.8,0.092,0.008,0.137
101162,Marcin Gortat,1610612764,WAS,2017-18,0.564,0.558,0.144,1.0,1.0,0.0,0.3,114.7,0.4,0.073,0.089,0.182
201158,Marco Belinelli,1610612755,PHI,2017-18,0.539,0.481,0.18,2.0,5.0,0.7,0.0,105.3,6.8,0.083,0.003,0.072
1627875,Marcus Georges-Hunt,1610612750,MIN,2017-18,0.0,0.0,0.125,0.0,0.0,0.0,0.0,87.5,-30.4,-0.059,0.25,0.0
202694,Marcus Morris Sr.,1610612738,BOS,2017-18,0.474,0.435,0.213,1.1,1.11,0.4,0.3,106.0,0.6,0.062,0.035,0.154
203935,Marcus Smart,1610612738,BOS,2017-18,0.447,0.388,0.198,5.3,2.22,1.7,0.7,102.0,3.7,0.076,0.03,0.093
1628365,Markelle Fultz,1610612755,PHI,2017-18,0.285,0.143,0.164,1.7,5.0,0.7,0.0,104.0,4.0,0.039,0.0,0.115
202693,Markieff Morris,1610612764,WAS,2017-18,0.552,0.51,0.141,1.7,1.67,0.7,0.8,112.0,-5.8,0.085,0.076,0.189
203521,Matthew Dellavedova,1610612749,MIL,2017-18,0.466,0.417,0.11,2.7,2.67,0.3,0.0,99.4,-2.5,0.054,0.013,0.047
203090,Maurice Harkless,1610612757,POR,2017-18,0.615,0.615,0.121,2.0,4.0,0.0,0.5,118.4,-6.9,0.073,0.063,0.119
203086,Meyers Leonard,1610612757,POR,2017-18,1.0,1.0,0.19,0.0,0.0,0.0,0.0,66.7,57.1,0.364,0.0,0.5
203118,Mike Scott,1610612764,WAS,2017-18,0.745,0.72,0.163,0.7,0.8,0.3,0.2,105.2,12.4,0.113,0.05,0.116
1626167,Myles Turner,1610612754,IND,2017-18,0.698,0.667,0.173,0.6,0.36,0.3,0.6,94.3,11.5,0.112,0.034,0.148
202357,Nemanja Bjelica,1610612750,MIN,2017-18,0.603,0.563,0.169,0.6,3.0,0.6,0.0,100.0,-12.4,0.136,0.067,0.19
2403,Nene,1610612745,HOU,2017-18,0.624,0.6,0.132,0.5,0.63,0.2,0.5,99.1,10.7,0.07,0.054,0.186
201156,Nick Young,1610612744,GSW,2017-18,0.46,0.434,0.113,0.2,2.0,0.1,0.0,98.8,2.7,0.013,0.004,0.049
202703,Nikola Mirotic,1610612740,NOP,2017-18,0.612,0.588,0.157,1.7,1.5,1.1,1.3,104.3,2.9,0.114,0.028,0.218
1626181,Norman Powell,1610612761,TOR,2017-18,0.381,0.321,0.2,0.3,2.0,0.0,0.0,118.8,-12.5,0.0,0.0,0.05
1628384,OG Anunoby,1610612761,TOR,2017-18,0.695,0.683,0.119,0.7,1.17,0.6,0.4,121.5,-5.8,0.054,0.045,0.053
203490,Otto Porter Jr.,1610612764,WAS,2017-18,0.562,0.549,0.132,1.6,2.67,1.2,1.0,109.6,-1.7,0.092,0.006,0.167
200782,P.J. Tucker,1610612745,HOU,2017-18,0.651,0.644,0.102,1.3,1.57,0.6,0.8,103.5,8.7,0.082,0.04,0.163
1627783,Pascal Siakam,1610612761,TOR,2017-18,0.663,0.646,0.14,0.8,1.14,0.1,0.6,111.0,-5.4,0.083,0.051,0.161
1626192,Pat Connaughton,1610612757,POR,2017-18,0.504,0.467,0.121,1.5,6.0,0.3,0.3,106.3,-17.4,0.036,0.031,0.036
1627775,Patrick McCaw,1610612744,GSW,2017-18,0.694,0.5,0.073,0.0,0.0,0.3,0.0,102.9,-6.0,0.11,0.059,0.125
202335,Patrick Patterson,1610612760,OKC,2017-18,0.667,0.667,0.069,0.5,1.0,0.2,0.0,106.3,-16.9,0.041,0.017,0.175
201988,Patty Mills,1610612759,SAS,2017-18,0.566,0.553,0.184,2.6,1.44,0.6,0.2,109.7,-7.8,0.06,0.011,0.055
2200,Pau Gasol,1610612759,SAS,2017-18,0.615,0.525,0.154,2.8,2.33,0.0,0.2,115.1,-12.4,0.128,0.022,0.256
202331,Paul George,1610612760,OKC,2017-18,0.545,0.488,0.277,2.7,0.67,1.3,0.7,106.5,-4.3,0.105,0.015,0.123
1626188,Quinn Cook,1610612744,GSW,2017-18,0.544,0.5,0.185,0.6,2.2,0.2,0.1,94.8,13.6,0.095,0.011,0.116
200765,Rajon Rondo,1610612740,NOP,2017-18,0.474,0.457,0.18,12.2,3.33,1.4,0.2,105.0,2.3,0.125,0.03,0.183
203526,Raul Neto,1610612762,UTA,2017-18,0.417,0.348,0.161,1.3,2.5,0.3,0.0,99.4,5.0,0.056,0.026,0.108
101109,Raymond Felton,1610612760,OKC,2017-18,0.486,0.5,0.2,1.5,1.8,0.7,0.3,102.5,-0.6,0.091,0.024,0.124
1626158,Richaun Holmes,1610612755,PHI,2017-18,0.0,0.0,0.034,0.3,0.0,0.0,0.0,103.8,-19.2,-0.058,0.0,0.1
201937,Ricky Rubio,1610612762,UTA,2017-18,0.471,0.418,0.245,7.0,2.33,1.3,0.5,96.8,7.2,0.15,0.026,0.196
203496,Robert Covington,1610612755,PHI,2017-18,0.45,0.416,0.142,2.5,2.27,1.1,0.9,104.7,-1.7,0.066,0.036,0.144
203918,Rodney Hood,1610612739,CLE,2017-18,0.468,0.446,0.192,1.1,1.38,0.3,0.2,116.5,-18.4,0.05,0.025,0.101
203585,Rodney McGruder,1610612748,MIA,2017-18,0.25,0.25,0.103,0.0,0.0,0.0,0.0,78.9,-16.1,0.0,0.0,0.174
1626220,Royce O'Neale,1610612762,UTA,2017-18,0.606,0.589,0.133,1.4,0.94,0.9,0.4,109.4,-15.4,0.064,0.011,0.137
200752,Rudy Gay,1610612759,SAS,2017-18,0.442,0.431,0.214,2.2,1.83,1.6,0.2,105.5,-2.6,0.07,0.053,0.132
203497,Rudy Gobert,1610612762,UTA,2017-18,0.662,0.655,0.151,1.0,0.52,0.9,2.3,106.1,-3.6,0.123,0.111,0.181
201566,Russell Westbrook,1610612760,OKC,2017-18,0.493,0.444,0.378,7.5,1.45,1.5,0.0,106.8,-7.4,0.176,0.042,0.246
201583,Ryan Anderson,1610612745,HOU,2017-18,0.475,0.475,0.101,0.5,2.0,0.3,0.1,121.0,-27.8,0.034,0.036,0.105
1628400,Semi Ojeleye,1610612738,BOS,2017-18,0.443,0.394,0.073,0.1,1.0,0.2,0.0,106.0,-7.0,0.02,0.018,0.109
201586,Serge Ibaka,1610612761,TOR,2017-18,0.533,0.479,0.168,1.1,0.69,0.1,1.3,115.3,-0.3,0.071,0.058,0.183
203498,Shabazz Muhammad,1610612749,MIL,2017-18,0.563,0.55,0.381,0.0,0.0,0.5,0.3,100.0,10.3,0.145,0.0,0.133
203894,Shabazz Napier,1610612757,POR,2017-18,0.463,0.455,0.212,1.5,0.5,1.5,0.0,89.3,2.8,0.045,0.0,0.056
203499,Shane Larkin,1610612738,BOS,2017-18,0.551,0.514,0.122,1.8,3.33,0.5,0.0,101.3,-1.6,0.074,0.006,0.073
2733,Shaun Livingston,1610612744,GSW,2017-18,0.579,0.536,0.161,1.5,1.94,0.3,0.0,102.3,7.7,0.083,0.031,0.095
203524,Solomon Hill,1610612740,NOP,2017-18,0.561,0.48,0.131,0.8,1.17,0.1,0.1,111.0,-5.4,0.031,0.052,0.094
201939,Stephen Curry,1610612744,GSW,2017-18,0.59,0.556,0.286,5.4,1.88,1.7,0.7,101.2,13.0,0.154,0.017,0.136
1628425,Sterling Brown,1610612749,MIL,2017-18,0.7,0.7,0.179,0.0,0.0,0.3,0.0,137.5,-1.5,0.09,0.077,0.091
203500,Steven Adams,1610612760,OKC,2017-18,0.609,0.587,0.119,1.5,2.25,0.7,0.7,108.6,-4.2,0.103,0.088,0.121
1628388,T.J. Leaf,1610612754,IND,2017-18,0.0,0.0,0.0,0.0,0.0,0.0,0.0,100.0,57.1,0.0,0.0,0.0
204456,T.J. McConnell,1610612755,PHI,2017-18,0.72,0.722,0.116,2.3,3.83,0.6,0.0,93.5,13.4,0.143,0.037,0.111
201959,Taj Gibson,1610612750,MIN,2017-18,0.665,0.636,0.103,0.4,0.5,0.2,0.4,116.3,-17.6,0.074,0.061,0.09
204028,Tarik Black,1610612745,HOU,2017-18,0.25,0.25,0.106,0.3,2.0,0.0,0.1,131.7,-50.8,0.007,0.118,0.19
1628390,Terrance Ferguson,1610612760,OKC,2017-18,1.5,1.5,0.071,0.3,0.0,0.0,0.0,100.0,84.6,0.07,0.333,0.0
1626179,Terry Rozier,1610612738,BOS,2017-18,0.538,0.502,0.204,5.7,4.95,1.3,0.3,106.0,1.2,0.128,0.011,0.139
201152,Thaddeus Young,1610612754,IND,2017-18,0.601,0.617,0.143,1.4,1.43,1.7,0.9,103.7,4.4,0.112,0.102,0.142
1627748,Thon Maker,1610612749,MIL,2017-18,0.531,0.5,0.132,0.8,1.25,0.3,1.8,100.4,17.2,0.058,0.057,0.137
204025,Tim Frazier,1610612764,WAS,2017-18,0.0,0.0,0.071,1.5,0.0,0.5,0.0,115.4,-23.1,0.082,0.0,0.167
203107,Tomas Satoransky,1610612764,WAS,2017-18,0.237,0.154,0.122,0.5,1.0,0.0,0.0,100.0,-3.9,-0.012,0.075,0.063
1628396,Tony Bradley,1610612762,UTA,2017-18,0.5,0.5,0.4,0.0,0.0,0.0,0.0,100.0,100.0,0.188,0.333,0.0
2225,Tony Parker,1610612759,SAS,2017-18,0.412,0.378,0.288,1.2,1.5,0.4,0.0,110.1,-25.3,0.061,0.0,0.062
203503,Tony Snell,1610612749,MIL,2017-18,0.396,0.396,0.093,0.6,1.33,0.4,0.6,104.2,-3.4,0.022,0.008,0.088
2772,Trevor Ariza,1610612745,HOU,2017-18,0.488,0.453,0.126,1.3,2.2,1.1,0.1,102.8,7.6,0.047,0.015,0.101
202344,Trevor Booker,1610612754,IND,2017-18,0.688,0.6,0.104,0.0,0.0,0.1,0.1,103.3,4.3,0.082,0.078,0.224
202684,Tristan Thompson,1610612739,CLE,2017-18,0.622,0.59,0.113,0.6,1.0,0.1,0.4,113.4,-4.1,0.098,0.104,0.171
201951,Ty Lawson,1610612764,WAS,2017-18,0.506,0.442,0.143,3.0,5.0,0.6,0.0,107.2,-1.5,0.099,0.02,0.103
204020,Tyler Johnson,1610612748,MIA,2017-18,0.688,0.654,0.162,0.8,2.0,0.4,0.0,114.5,-11.0,0.081,0.013,0.082
203092,Tyler Zeller,1610612749,MIL,2017-18,0.814,0.8,0.058,0.4,3.0,0.6,0.4,110.9,-25.9,0.085,0.03,0.162
1626145,Tyus Jones,1610612750,MIN,2017-18,0.286,0.286,0.065,2.0,8.0,0.3,0.0,97.2,-1.6,0.08,0.0,0.134
203506,Victor Oladipo,1610612754,IND,2017-18,0.548,0.508,0.299,6.0,1.75,2.4,0.4,99.0,12.6,0.192,0.012,0.214
1627735,Wade Baldwin IV,1610612757,POR,2017-18,0.41,0.375,0.174,0.8,1.0,0.3,0.3,82.2,15.6,0.054,0.0,0.176
201961,Wayne Ellington,1610612748,MIA,2017-18,0.537,0.514,0.154,0.6,1.0,0.4,0.4,112.3,-22.2,0.048,0.008,0.067
1628380,Zach Collins,1610612757,POR,2017-18,0.441,0.417,0.215,1.5,3.0,0.8,0.5,112.7,-15.5,0.064,0.04,0.153
2585,Zaza Pachulia,1610612744,GSW,2017-18,0.692,0.571,0.225,0.1,0.33,0.4,0.1,79.6,29.3,0.266,0.188,0.194
1627753,Zhou Qi,1610612745,HOU,2017-18,1.0,1.0,0.071,0.0,0.0,0.0,0.0,90.9,-7.6,0.154,0.0,0.2
203932,Aaron Gordon,1610612753,ORL,2018-19,0.54,0.532,0.228,3.6,1.38,1.2,0.2,119.9,-24.5,0.097,0.066,0.176
1628988,Aaron Holiday,1610612754,IND,2018-19,0.5,0.5,0.194,0.0,0.0,0.0,0.0,96.3,-17.0,-0.053,0.0,0.0
1627846,Abdel Nader,1610612760,OKC,2018-19,0.5,0.5,0.167,0.0,0.0,0.0,0.3,63.6,-18.2,0.167,0.0,0.0
201143,Al Horford,1610612738,BOS,2018-19,0.53,0.5,0.188,4.4,2.11,0.4,0.8,99.8,3.8,0.124,0.042,0.202
202329,Al-Farouq Aminu,1610612757,POR,2018-19,0.473,0.417,0.147,1.3,1.31,0.6,0.6,111.5,-1.9,0.072,0.067,0.175
1628035,Alfonzo McKinnie,1610612744,GSW,2018-19,0.521,0.525,0.118,0.2,0.67,0.1,0.0,111.6,0.5,0.039,0.071,0.127
101161,Amir Johnson,1610612755,PHI,2018-19,1.0,1.0,0.104,0.5,2.0,0.3,0.0,129.3,-45.9,0.141,0.15,0.111
203083,Andre Drummond,1610612765,DET,2018-19,0.451,0.444,0.24,2.3,0.82,1.5,1.3,131.8,-37.0,0.083,0.116,0.291
2738,Andre Iguodala,1610612744,GSW,2018-19,0.565,0.578,0.138,4.0,3.95,1.1,1.1,110.4,5.1,0.091,0.044,0.102
101106,Andrew Bogut,1610612744,GSW,2018-19,0.663,0.649,0.116,1.1,2.1,0.3,0.3,110.2,-1.2,0.122,0.128,0.287
1629014,Anfernee Simons,1610612757,POR,2018-19,0.217,0.0,0.3,0.0,0.0,0.2,0.0,96.3,-34.8,-0.213,0.0,0.0
203382,Aron Baynes,1610612738,BOS,2018-19,0.638,0.643,0.076,0.3,0.6,0.3,0.2,100.8,-13.6,0.041,0.049,0.146
203085,Austin Rivers,1610612745,HOU,2018-19,0.572,0.565,0.142,1.0,1.25,0.5,0.1,104.0,5.6,0.043,0.009,0.078
1627732,Ben Simmons,1610612755,PHI,2018-19,0.625,0.621,0.163,6.0,2.25,1.3,1.0,103.8,4.9,0.13,0.053,0.133
201933,Blake Griffin,1610612765,DET,2018-19,0.582,0.538,0.318,6.0,2.0,1.0,0.0,119.4,-9.8,0.146,0.055,0.138
1626246,Boban Marjanovic,1610612755,PHI,2018-19,0.662,0.6,0.231,1.0,0.79,0.2,0.3,125.0,-15.0,0.124,0.117,0.235
202711,Bojan Bogdanovic,1610612754,IND,2018-19,0.511,0.452,0.225,2.8,1.83,2.0,0.0,107.8,-11.8,0.115,0.019,0.149
202954,Brad Wanamaker,1610612738,BOS,2018-19,0.571,0.5,0.25,0.8,1.5,0.5,0.0,102.4,-12.4,0.13,0.0,0.0
201572,Brook Lopez,1610612749,MIL,2018-19,0.572,0.537,0.151,1.4,2.1,0.4,1.9,99.4,11.0,0.089,0.026,0.138
1628971,Bruce Brown,1610612765,DET,2018-19,0.437,0.393,0.126,0.5,1.0,0.5,0.3,125.4,-31.2,0.026,0.015,0.125
1627854,Bryn Forbes,1610612759,SAS,2018-19,0.625,0.616,0.137,1.0,2.33,0.1,0.1,111.4,-3.4,0.072,0.005,0.108
203468,CJ McCollum,1610612757,POR,2018-19,0.527,0.506,0.273,3.7,1.97,0.8,0.6,111.8,-0.9,0.11,0.021,0.1
1627747,Caris LeVert,1610612751,BKN,2018-19,0.612,0.575,0.269,3.0,1.5,1.0,0.4,112.9,-9.1,0.15,0.036,0.111
1628449,Chris Boucher,1610612761,TOR,2018-19,0.46,0.5,0.417,0.0,0.0,0.0,0.5,100.0,-41.7,0.125,0.0,0.167
101108,Chris Paul,1610612745,HOU,2018-19,0.557,0.503,0.223,5.5,1.62,2.2,0.6,105.1,1.8,0.129,0.035,0.13
203991,Clint Capela,1610612745,HOU,2018-19,0.549,0.561,0.15,1.5,1.0,0.3,1.1,106.8,-1.1,0.104,0.125,0.198
202709,Cory Joseph,1610612754,IND,2018-19,0.603,0.583,0.135,1.0,0.0,0.8,0.0,103.0,-14.9,0.105,0.01,0.072
1626156,D'Angelo Russell,1610612751,BKN,2018-19,0.446,0.417,0.332,3.6,1.29,1.4,0.2,123.6,-27.9,0.076,0.012,0.109
201571,D.J. Augustin,1610612753,ORL,2018-19,0.666,0.61,0.173,3.8,2.71,0.4,0.2,123.6,-25.1,0.103,0.007,0.057
1628391,D.J. Wilson,1610612749,MIL,2018-19,0.563,0.531,0.226,0.5,0.57,0.0,0.1,106.3,-21.9,0.067,0.022,0.231
1627745,Damian Jones,1610612744,GSW,2018-19,0.798,1.0,0.136,0.0,0.0,0.0,0.0,100.0,-10.0,0.0,0.0,0.182
203081,Damian Lillard,1610612757,POR,2018-19,0.566,0.508,0.286,6.6,1.77,1.7,0.3,112.0,-1.3,0.13,0.011,0.102
1628464,Daniel Theis,1610612738,BOS,2018-19,0.403,0.357,0.151,0.0,0.0,0.1,0.1,96.8,-2.1,0.052,0.08,0.13
201568,Danilo Gallinari,1610612746,LAC,2018-19,0.474,0.41,0.271,2.7,1.45,1.3,0.2,121.2,-10.9,0.083,0.042,0.147
201980,Danny Green,1610612761,TOR,2018-19,0.503,0.468,0.123,1.1,1.0,1.3,0.5,104.2,8.1,0.045,0.025,0.098
201967,Dante Cunningham,1610612759,SAS,2018-19,1.0,1.0,0.1,0.0,0.0,0.0,0.0,69.6,22.4,0.286,0.133,0.333
1627863,Danuel House Jr.,1610612745,HOU,2018-19,0.42,0.405,0.138,0.1,0.25,0.4,0.3,101.4,-1.4,0.032,0.013,0.134
201954,Darren Collison,1610612754,IND,2018-19,0.504,0.467,0.22,4.0,1.6,0.5,0.0,101.7,-3.3,0.07,0.031,0.07
202722,Davis Bertans,1610612759,SAS,2018-19,0.465,0.433,0.096,1.0,5.0,0.0,0.2,110.2,3.3,0.02,0.0,0.096
201942,DeMar DeRozan,1610612759,SAS,2018-19,0.557,0.487,0.278,4.6,2.67,1.1,0.1,117.8,-6.3,0.14,0.042,0.148
202326,DeMarcus Cousins,1610612744,GSW,2018-19,0.477,0.425,0.259,2.4,1.0,0.6,0.8,104.7,-10.9,0.084,0.058,0.221
201960,DeMarre Carroll,1610612751,BKN,2018-19,0.397,0.329,0.151,0.4,0.67,0.8,0.0,116.7,-13.3,0.034,0.041,0.114
203471,Dennis Schröder,1610612760,OKC,2018-19,0.548,0.509,0.19,3.4,2.83,0.8,0.0,107.5,-6.5,0.105,0.012,0.097
1629126,Deonte Burton,1610612760,OKC,2018-19,0.2,0.2,0.455,0.0,0.0,0.0,0.0,40.0,10.0,-0.1,0.167,0.167
202324,Derrick Favors,1610612762,UTA,2018-19,0.665,0.639,0.206,0.8,0.8,0.8,1.8,96.7,3.3,0.196,0.135,0.198
1628401,Derrick White,1610612759,SAS,2018-19,0.613,0.58,0.24,3.0,1.4,0.7,0.7,112.7,0.0,0.108,0.006,0.104
1627734,Domantas Sabonis,1610612754,IND,2018-19,0.484,0.431,0.193,4.0,3.2,0.8,0.3,104.8,-18.6,0.154,0.061,0.237
202700,Donatas Motiejunas,1610612759,SAS,2018-19,0.597,0.6,0.268,0.4,0.0,0.0,0.0,91.4,0.2,0.244,0.158,0.235
1628378,Donovan Mitchell,1610612762,UTA,2018-19,0.423,0.371,0.32,3.2,0.76,1.6,0.2,110.6,-9.1,0.045,0.032,0.089
203926,Doug McDermott,1610612754,IND,2018-19,0.255,0.2,0.164,1.3,0.0,0.0,0.3,94.9,-8.5,0.025,0.079,0.057
203110,Draymond Green,1610612744,GSW,2018-19,0.561,0.526,0.171,8.5,2.25,1.5,1.5,109.6,6.6,0.124,0.05,0.205
1629058,Dzanan Musa,1610612751,BKN,2018-19,0.667,0.667,0.15,0.0,0.0,1.0,0.0,91.9,37.8,-0.027,0.0,0.0
202334,Ed Davis,1610612751,BKN,2018-19,0.735,0.7,0.113,0.7,0.0,0.0,0.3,98.8,26.5,0.173,0.095,0.263
1628410,Edmond Sumner,1610612754,IND,2018-19,0.0,0.0,0.0,0.0,0.0,0.0,0.0,0.0,125.0,0.8,0.0,1.0
202327,Ekpe Udoh,1610612762,UTA,2018-19,0.0,0.0,0.059,0.0,0.0,0.0,0.0,131.3,-54.8,-0.034,0.0,0.0
202683,Enes Freedom,1610612757,POR,2018-19,0.555,0.517,0.172,1.2,0.73,0.7,0.6,109.6,0.5,0.117,0.101,0.212
202339,Eric Bledsoe,1610612749,MIL,2018-19,0.494,0.457,0.233,4.3,2.0,1.1,0.4,97.0,9.6,0.098,0.042,0.072
201569,Eric Gordon,1610612745,HOU,2018-19,0.604,0.573,0.197,1.3,0.52,0.6,1.0,109.1,0.6,0.074,0.012,0.054
203961,Eric Moreland,1610612761,TOR,2018-19,0.5,0.5,0.029,0.4,0.0,0.0,0.0,101.5,-40.0,0.126,0.053,0.316
101141,Ersan Ilyasova,1610612749,MIL,2018-19,0.554,0.506,0.154,1.4,3.0,0.7,0.4,99.5,14.4,0.091,0.074,0.165
203095,Evan Fournier,1610612753,ORL,2018-19,0.427,0.406,0.214,2.0,0.83,1.4,0.0,119.9,-29.1,0.033,0.015,0.082
202323,Evan Turner,1610612757,POR,2018-19,0.409,0.337,0.118,2.2,2.69,0.2,0.2,106.4,0.3,0.09,0.05,0.213
1627832,Fred VanVleet,1610612761,TOR,2018-19,0.534,0.506,0.151,2.6,2.95,0.8,0.3,102.9,2.9,0.065,0.011,0.052
1627788,Furkan Korkmaz,1610612755,PHI,2018-19,0.47,0.417,0.233,1.3,5.0,0.0,0.3,120.5,-27.5,0.072,0.0,0.167
202066,Garrett Temple,1610612746,LAC,2018-19,0.455,0.318,0.113,0.3,1.0,0.5,0.2,110.4,-2.7,0.019,0.016,0.077
1629109,Gary Clark,1610612745,HOU,2018-19,0.0,0.0,0.0,0.0,0.0,0.0,0.0,122.2,-32.2,0.061,0.0,1.0
203914,Gary Harris,1610612743,DEN,2018-19,0.569,0.525,0.158,2.3,2.91,0.9,0.6,108.6,4.8,0.084,0.016,0.089
201588,George Hill,1610612749,MIL,2018-19,0.653,0.619,0.151,2.8,7.0,0.8,0.3,101.2,10.5,0.113,0.037,0.086
1627777,Georges Niang,1610612762,UTA,2018-19,0.5,0.5,0.183,1.0,2.5,0.2,0.2,95.0,7.6,0.121,0.0,0.219
101123,Gerald Green,1610612745,HOU,2018-19,0.462,0.425,0.193,0.1,0.33,0.3,0.3,104.9,-3.9,0.041,0.0,0.121
203507,Giannis Antetokounmpo,1610612749,MIL,2018-19,0.572,0.529,0.31,4.9,1.46,1.2,2.0,99.2,10.5,0.188,0.064,0.246
203922,Glenn Robinson III,1610612765,DET,2018-19,0.388,0.3,0.2,0.7,2.0,0.7,0.0,114.5,-36.6,0.045,0.036,0.139
202330,Gordon Hayward,1610612738,BOS,2018-19,0.549,0.479,0.146,2.4,1.57,0.7,0.3,103.2,-3.0,0.085,0.01,0.111
1628960,Grayson Allen,1610612762,UTA,2018-19,0.446,0.286,0.278,0.0,0.0,0.0,0.0,100.0,-33.3,0.079,0.0,0.077
202328,Greg Monroe,1610612755,PHI,2018-19,0.455,0.413,0.211,0.4,1.0,0.5,0.3,110.8,-20.6,0.093,0.139,0.187
1627824,Guerschon Yabusele,1610612738,BOS,2018-19,0.565,0.5,0.216,0.3,1.0,0.0,0.3,91.2,5.8,0.041,0.063,0.063
202697,Iman Shumpert,1610612745,HOU,2018-19,0.522,0.538,0.116,0.3,0.67,0.1,0.0,110.6,5.8,0.028,0.009,0.089
1628392,Isaiah Hartenstein,1610612745,HOU,2018-19,1.0,1.0,0.25,0.0,0.0,0.0,0.0,150.0,-92.9,0.368,0.2,0.0
202397,Ish Smith,1610612765,DET,2018-19,0.302,0.276,0.223,3.5,3.5,0.8,0.3,102.9,-21.4,0.042,0.009,0.119
1627826,Ivica Zubac,1610612746,LAC,2018-19,0.518,0.5,0.221,0.3,0.25,0.5,0.5,96.4,-1.2,0.154,0.193,0.297
200755,JJ Redick,1610612755,PHI,2018-19,0.606,0.581,0.168,1.6,0.86,0.1,0.3,103.2,5.3,0.053,0.005,0.038
203210,JaMychal Green,1610612746,LAC,2018-19,0.696,0.674,0.174,0.8,0.45,0.7,0.0,121.8,-2.8,0.075,0.043,0.197
1628980,Jacob Evans,1610612744,GSW,2018-19,0.5,0.5,0.175,0.1,0.5,0.0,0.0,84.6,10.1,0.015,0.0,0.034
203109,Jae Crowder,1610612762,UTA,2018-19,0.524,0.467,0.176,0.8,4.0,1.0,0.0,108.8,-14.1,0.118,0.025,0.187
1627774,Jake Layman,1610612757,POR,2018-19,0.285,0.143,0.184,0.0,0.0,0.0,0.0,97.8,-35.0,-0.034,0.033,0.158
1627751,Jakob Poeltl,1610612759,SAS,2018-19,0.638,0.639,0.11,1.7,4.0,0.3,0.7,109.7,5.2,0.09,0.145,0.158
1627750,Jamal Murray,1610612743,DEN,2018-19,0.534,0.48,0.261,4.7,3.0,1.0,0.1,110.0,6.4,0.122,0.036,0.079
203516,James Ennis III,1610612755,PHI,2018-19,0.574,0.555,0.148,1.1,1.2,0.4,0.3,107.7,1.7,0.062,0.068,0.109
201935,James Harden,1610612745,HOU,2018-19,0.567,0.504,0.361,6.6,1.43,2.2,0.9,107.8,4.5,0.162,0.021,0.149
201162,Jared Dudley,1610612751,BKN,2018-19,0.47,0.364,0.085,2.8,2.75,0.8,0.3,95.7,6.6,0.023,0.0,0.022
1626185,Jarell Martin,1610612753,ORL,2018-19,0.506,0.556,0.217,0.3,0.0,0.0,0.3,52.5,42.4,0.099,0.036,0.042
1629020,Jarred Vanderbilt,1610612743,DEN,2018-19,0.0,0.0,0.0,0.0,0.0,0.0,0.3,70.0,41.1,0.081,0.0,0.2
1628386,Jarrett Allen,1610612751,BKN,2018-19,0.674,0.594,0.167,2.2,1.38,0.6,0.6,118.0,-24.5,0.139,0.107,0.165
1627759,Jaylen Brown,1610612738,BOS,2018-19,0.624,0.586,0.182,1.1,0.63,0.7,0.2,104.9,-7.2,0.093,0.021,0.155
1628369,Jayson Tatum,1610612738,BOS,2018-19,0.53,0.482,0.214,1.9,0.94,1.1,0.8,101.6,-1.3,0.106,0.023,0.164
203924,Jerami Grant,1610612760,OKC,2018-19,0.634,0.613,0.12,0.8,1.0,0.6,2.0,117.0,-10.8,0.078,0.033,0.111
202391,Jeremy Lin,1610612761,TOR,2018-19,0.418,0.278,0.235,0.5,0.8,0.1,0.0,98.5,-38.5,0.035,0.0,0.077
1626170,Jerian Grant,1610612753,ORL,2018-19,0.239,0.2,0.289,1.0,3.0,0.0,0.0,37.5,53.4,0.062,0.0,0.19
1629010,Jerome Robinson,1610612746,LAC,2018-19,0.556,0.464,0.142,1.4,7.0,0.4,0.0,115.3,4.3,0.086,0.034,0.114
202710,Jimmy Butler III,1610612755,PHI,2018-19,0.564,0.486,0.227,5.2,2.82,1.5,0.6,101.7,11.9,0.152,0.052,0.108
201975,Jodie Meeks,1610612761,TOR,2018-19,0.363,0.345,0.202,0.1,0.33,0.3,0.1,94.6,-12.1,0.027,0.0,0.101
203925,Joe Harris,1610612751,BKN,2018-19,0.473,0.419,0.15,0.6,0.33,0.6,0.0,122.6,-24.8,0.034,0.034,0.098
204060,Joe Ingles,1610612762,UTA,2018-19,0.432,0.432,0.127,5.0,3.13,2.2,0.0,109.3,-10.5,0.081,0.019,0.136
203954,Joel Embiid,1610612755,PHI,2018-19,0.559,0.465,0.301,3.4,0.93,0.7,2.3,93.0,20.8,0.178,0.066,0.24
202720,Jon Leuer,1610612765,DET,2018-19,0.41,0.5,0.182,0.0,0.0,0.0,0.0,118.2,21.8,-0.035,0.0,0.0
1628413,Jonah Bolden,1610612755,PHI,2018-19,0.385,0.368,0.147,0.3,0.33,0.2,0.1,106.4,-17.0,-0.014,0.043,0.128
201973,Jonas Jerebko,1610612744,GSW,2018-19,0.381,0.345,0.165,0.8,6.0,0.1,0.1,113.1,-6.9,0.074,0.121,0.154
1628371,Jonathan Isaac,1610612753,ORL,2018-19,0.379,0.325,0.151,0.4,0.4,0.4,1.0,114.5,-20.4,0.043,0.066,0.162
203613,Jonathon Simmons,1610612755,PHI,2018-19,0.394,0.367,0.27,0.3,0.33,0.1,0.0,126.9,-46.6,0.034,0.029,0.135
1628395,Jordan Bell,1610612744,GSW,2018-19,0.579,0.548,0.153,0.7,5.5,0.3,0.5,119.9,-5.9,0.088,0.074,0.11
101181,Jose Calderon,1610612765,DET,2018-19,0.0,0.0,0.0,1.7,0.0,0.3,0.0,104.5,19.3,0.125,0.0,0.0
1627823,Juancho Hernangomez,1610612743,DEN,2018-19,0.5,0.5,0.129,0.0,0.0,0.0,0.0,86.2,24.5,0.02,0.0,0.158
202695,Kawhi Leonard,1610612761,TOR,2018-19,0.619,0.545,0.31,3.9,1.27,1.7,0.7,104.5,8.3,0.192,0.058,0.172
202702,Kenneth Faried,1610612745,HOU,2018-19,0.767,0.731,0.119,0.3,0.0,0.3,0.0,84.6,13.8,0.256,0.046,0.281
201142,Kevin Durant,1610612744,GSW,2018-19,0.661,0.586,0.318,4.5,1.26,1.1,1.0,109.1,9.5,0.176,0.002,0.127
1626172,Kevon Looney,1610612744,GSW,2018-19,0.704,0.688,0.116,1.0,1.54,0.6,0.5,106.1,11.0,0.091,0.102,0.114
203920,Khem Birch,1610612753,ORL,2018-19,0.617,0.556,0.116,0.8,0.67,0.2,1.0,91.7,-1.1,0.134,0.076,0.216
203114,Khris Middleton,1610612749,MIL,2018-19,0.567,0.517,0.204,4.4,2.28,0.6,0.0,102.5,9.2,0.11,0.017,0.148
1629017,Khyri Thomas,1610612765,DET,2018-19,0.563,0.542,0.375,0.0,0.0,0.7,0.0,80.6,25.8,0.222,0.0,0.2
202691,Klay Thompson,1610612744,GSW,2018-19,0.575,0.553,0.216,2.1,1.16,1.3,0.7,112.3,0.4,0.09,0.015,0.09
2594,Kyle Korver,1610612762,UTA,2018-19,0.536,0.5,0.132,0.0,0.0,0.0,0.0,120.0,-35.2,0.016,0.027,0.133
200768,Kyle Lowry,1610612761,TOR,2018-19,0.577,0.534,0.182,6.6,2.94,1.3,0.3,103.7,8.3,0.102,0.023,0.104
203124,Kyle O'Quinn,1610612754,IND,2018-19,0.0,0.0,0.2,0.0,0.0,0.0,0.0,0.0,125.0,-0.4,0.0,0.0
202681,Kyrie Irving,1610612738,BOS,2018-19,0.488,0.436,0.292,7.0,2.25,1.4,0.4,106.0,-2.6,0.109,0.014,0.093
200746,LaMarcus Aldridge,1610612759,SAS,2018-19,0.517,0.467,0.267,2.7,2.71,0.7,1.0,108.7,-2.0,0.139,0.076,0.185
1629013,Landry Shamet,1610612746,LAC,2018-19,0.542,0.474,0.114,1.7,1.43,1.0,0.0,112.7,0.1,0.037,0.006,0.064
204038,Langston Galloway,1610612765,DET,2018-19,0.456,0.456,0.132,1.0,2.0,0.5,1.0,109.1,-17.6,0.046,0.014,0.125
1629022,Lonnie Walker IV,1610612759,SAS,2018-19,0.375,0.375,0.167,0.5,0.0,0.0,0.0,85.0,17.4,0.09,0.0,0.1
101150,Lou Williams,1610612746,LAC,2018-19,0.533,0.462,0.314,7.7,2.56,0.8,0.2,127.5,-19.0,0.124,0.031,0.066
1628379,Luke Kennard,1610612765,DET,2018-19,0.604,0.585,0.163,1.8,2.33,0.8,0.3,121.1,-23.2,0.096,0.0,0.132
1627763,Malcolm Brogdon,1610612749,MIL,2018-19,0.549,0.538,0.207,3.4,2.4,0.7,0.1,100.2,14.3,0.103,0.031,0.122
1626259,Malcolm Miller,1610612761,TOR,2018-19,0.41,0.313,0.153,0.1,1.0,0.0,0.1,92.9,-35.5,0.041,0.0,0.128
1627736,Malik Beasley,1610612743,DEN,2018-19,0.53,0.489,0.168,1.0,2.0,0.2,0.1,112.1,-0.5,0.074,0.035,0.135
201188,Marc Gasol,1610612761,TOR,2018-19,0.564,0.517,0.135,3.0,3.48,0.9,1.1,104.3,5.2,0.098,0.022,0.192
201158,Marco Belinelli,1610612759,SAS,2018-19,0.504,0.474,0.137,1.1,4.0,0.0,0.3,110.8,3.0,0.054,0.0,0.091
202694,Marcus Morris Sr.,1610612738,BOS,2018-19,0.664,0.633,0.168,1.2,1.57,0.1,0.6,101.5,5.7,0.131,0.046,0.211
203935,Marcus Smart,1610612738,BOS,2018-19,0.257,0.136,0.195,2.0,1.33,1.5,0.0,100.0,-21.6,-0.02,0.085,0.0
202693,Markieff Morris,1610612760,OKC,2018-19,0.476,0.375,0.15,1.0,2.5,0.2,0.6,88.9,6.3,0.093,0.058,0.15
203486,Mason Plumlee,1610612743,DEN,2018-19,0.539,0.511,0.131,1.5,2.63,0.5,0.7,114.8,-15.7,0.081,0.102,0.151
203090,Maurice Harkless,1610612757,POR,2018-19,0.537,0.509,0.152,1.4,1.35,1.1,1.0,111.4,-2.7,0.068,0.068,0.132
1628982,Melvin Frazier Jr.,1610612753,ORL,2018-19,0.425,0.4,0.154,0.0,0.0,0.3,0.0,36.4,51.9,0.183,0.042,0.13
203086,Meyers Leonard,1610612757,POR,2018-19,0.616,0.631,0.188,1.1,3.0,0.3,0.1,111.9,-1.7,0.101,0.032,0.211
203487,Michael Carter-Williams,1610612753,ORL,2018-19,0.478,0.419,0.188,2.4,1.5,0.6,0.0,99.0,-9.3,0.09,0.018,0.194
203118,Mike Scott,1610612755,PHI,2018-19,0.585,0.574,0.113,0.5,0.71,0.3,0.0,106.5,2.1,0.06,0.02,0.142
1628420,Monte Morris,1610612743,DEN,2018-19,0.409,0.384,0.182,2.6,6.0,0.4,0.1,110.1,-7.4,0.067,0.011,0.068
1626149,Montrezl Harrell,1610612746,LAC,2018-19,0.739,0.73,0.212,2.2,1.63,0.5,0.7,129.4,-22.7,0.145,0.072,0.135
1626167,Myles Turner,1610612754,IND,2018-19,0.479,0.443,0.156,1.5,2.0,0.0,1.8,105.0,-6.9,0.063,0.03,0.171
2403,Nene,1610612745,HOU,2018-19,0.967,1.0,0.135,0.4,1.0,0.4,0.3,112.3,13.4,0.155,0.176,0.122
203457,Nerlens Noel,1610612760,OKC,2018-19,0.575,0.6,0.168,0.0,0.0,0.4,0.6,92.2,7.8,0.114,0.164,0.127
203999,Nikola Jokić,1610612743,DEN,2018-19,0.596,0.548,0.262,8.4,3.28,1.1,0.9,107.5,7.1,0.202,0.092,0.218
202703,Nikola Mirotic,1610612749,MIL,2018-19,0.514,0.47,0.195,0.7,0.71,0.7,0.2,104.2,2.7,0.077,0.05,0.138
202696,Nikola Vučević,1610612753,ORL,2018-19,0.436,0.388,0.239,3.0,1.15,0.4,1.0,121.5,-23.2,0.081,0.06,0.252
1626181,Norman Powell,1610612761,TOR,2018-19,0.558,0.54,0.176,1.1,2.17,0.4,0.0,97.5,8.5,0.091,0.013,0.112
200782,P.J. Tucker,1610612745,HOU,2018-19,0.637,0.602,0.109,1.7,2.38,1.7,0.7,104.8,6.9,0.096,0.045,0.136
1627783,Pascal Siakam,1610612761,TOR,2018-19,0.54,0.508,0.228,2.8,2.0,1.0,0.7,103.8,5.2,0.116,0.045,0.143
1626192,Pat Connaughton,1610612749,MIL,2018-19,0.577,0.578,0.112,1.4,2.33,0.4,0.9,97.0,7.9,0.119,0.027,0.208
201976,Patrick Beverley,1610612746,LAC,2018-19,0.584,0.564,0.123,4.7,2.8,1.0,1.0,121.6,-13.9,0.093,0.037,0.233
1627775,Patrick McCaw,1610612761,TOR,2018-19,0.425,0.3,0.058,0.4,4.0,0.2,0.0,109.6,-17.9,0.021,0.037,0.018
201988,Patty Mills,1610612759,SAS,2018-19,0.39,0.36,0.146,3.6,8.33,1.0,0.1,109.5,-3.9,0.067,0.006,0.083
202331,Paul George,1610612760,OKC,2018-19,0.583,0.51,0.297,3.6,0.86,1.4,0.2,106.5,1.7,0.143,0.028,0.167
200794,Paul Millsap,1610612743,DEN,2018-19,0.561,0.506,0.19,0.8,0.61,0.9,1.1,110.6,5.5,0.088,0.049,0.146
202347,Quincy Pondexter,1610612759,SAS,2018-19,0.0,0.0,0.069,0.4,0.0,0.2,0.0,76.2,19.6,0.0,0.0,0.125
1626188,Quinn Cook,1610612744,GSW,2018-19,0.495,0.479,0.167,0.7,2.0,0.2,0.1,115.2,-17.6,0.059,0.011,0.079
203526,Raul Neto,1610612762,UTA,2018-19,0.167,0.167,0.118,0.3,0.0,0.0,0.0,106.5,-42.7,-0.019,0.0,0.13
101109,Raymond Felton,1610612760,OKC,2018-19,0.396,0.385,0.118,0.6,1.5,0.8,0.2,81.0,12.9,0.021,0.0,0.053
202704,Reggie Jackson,1610612765,DET,2018-19,0.521,0.5,0.274,7.0,5.6,0.8,0.0,128.6,-24.7,0.119,0.037,0.081
201937,Ricky Rubio,1610612762,UTA,2018-19,0.515,0.455,0.226,8.6,2.87,2.4,0.2,109.4,-2.8,0.12,0.017,0.072
1629057,Robert Williams III,1610612738,BOS,2018-19,0.694,0.5,0.103,0.0,0.0,0.0,0.0,93.1,10.6,0.21,0.083,0.316
1629066,Rodions Kurucs,1610612751,BKN,2018-19,0.522,0.45,0.138,0.8,1.5,0.5,0.0,127.7,-19.5,0.067,0.067,0.192
203918,Rodney Hood,1610612757,POR,2018-19,0.606,0.55,0.16,0.9,2.0,0.4,0.2,106.9,-0.5,0.086,0.023,0.064
1626178,Rondae Hollis-Jefferson,1610612751,BKN,2018-19,0.602,0.5,0.298,1.5,2.0,0.3,1.3,115.0,-4.6,0.149,0.041,0.164
1626220,Royce O'Neale,1610612762,UTA,2018-19,0.567,0.556,0.17,1.6,0.8,0.4,0.4,96.8,-0.7,0.087,0.012,0.131
200752,Rudy Gay,1610612759,SAS,2018-19,0.503,0.457,0.22,1.7,1.2,0.4,0.7,114.9,-7.9,0.1,0.073,0.194
203497,Rudy Gobert,1610612762,UTA,2018-19,0.665,0.594,0.142,1.4,0.78,0.6,2.6,114.3,-15.2,0.123,0.133,0.178
201566,Russell Westbrook,1610612760,OKC,2018-19,0.466,0.41,0.312,10.6,2.3,1.0,0.6,115.4,-9.7,0.129,0.034,0.179
1628400,Semi Ojeleye,1610612738,BOS,2018-19,0.658,0.611,0.133,0.3,2.0,0.0,0.0,103.9,-6.5,0.044,0.028,0.023
201586,Serge Ibaka,1610612761,TOR,2018-19,0.532,0.5,0.212,0.9,0.88,0.5,1.0,99.9,8.8,0.103,0.07,0.194
203552,Seth Curry,1610612757,POR,2018-19,0.518,0.494,0.12,0.8,1.86,0.8,0.3,103.8,4.3,0.048,0.014,0.055
203894,Shabazz Napier,1610612751,BKN,2018-19,0.826,0.773,0.194,3.7,0.0,0.3,0.0,101.5,36.4,0.25,0.08,0.167
1628983,Shai Gilgeous-Alexander,1610612746,LAC,2018-19,0.596,0.542,0.181,3.2,3.8,1.0,0.8,119.9,-13.0,0.088,0.022,0.075
2733,Shaun Livingston,1610612744,GSW,2018-19,0.517,0.453,0.128,1.4,3.88,0.5,0.2,111.1,-6.0,0.06,0.033,0.061
1628414,Sindarius Thornwell,1610612746,LAC,2018-19,0.417,0.417,0.176,0.0,0.0,0.3,0.0,72.4,27.6,0.086,0.0,0.286
1627746,Skal Labissiere,1610612757,POR,2018-19,0.225,0.25,0.154,0.0,0.0,0.0,0.0,95.7,-41.1,-0.146,0.0,0.0
203915,Spencer Dinwiddie,1610612751,BKN,2018-19,0.536,0.508,0.229,1.6,1.0,0.4,0.0,113.9,-11.5,0.078,0.026,0.063
201939,Stephen Curry,1610612744,GSW,2018-19,0.62,0.548,0.28,5.7,1.91,1.1,0.2,110.1,6.0,0.15,0.021,0.131
1628425,Sterling Brown,1610612749,MIL,2018-19,0.525,0.487,0.128,1.7,2.38,0.5,0.3,95.8,9.6,0.081,0.022,0.129
203500,Steven Adams,1610612760,OKC,2018-19,0.648,0.667,0.146,1.4,0.78,1.0,1.0,115.5,-11.0,0.103,0.076,0.138
1628388,T.J. Leaf,1610612754,IND,2018-19,0.258,0.0,0.154,0.0,0.0,0.0,0.0,50.0,35.0,0.115,0.067,0.133
204456,T.J. McConnell,1610612755,PHI,2018-19,0.444,0.444,0.149,1.2,11.0,0.2,0.1,114.7,-17.7,0.077,0.013,0.07
1628390,Terrance Ferguson,1610612760,OKC,2018-19,0.5,0.5,0.098,1.2,1.2,0.4,0.0,119.1,-15.9,0.008,0.015,0.074
203082,Terrence Ross,1610612753,ORL,2018-19,0.537,0.481,0.209,1.4,0.7,1.2,0.4,110.7,-12.4,0.079,0.006,0.129
1626179,Terry Rozier,1610612738,BOS,2018-19,0.439,0.39,0.2,1.9,1.7,0.4,0.2,91.9,3.0,0.104,0.023,0.172
200757,Thabo Sefolosha,1610612762,UTA,2018-19,0.179,0.179,0.146,0.5,2.0,0.0,0.0,108.0,-16.0,-0.011,0.02,0.156
201152,Thaddeus Young,1610612754,IND,2018-19,0.466,0.452,0.178,3.8,3.0,2.8,0.8,101.9,-2.7,0.111,0.069,0.16
1629033,Theo Pinson,1610612751,BKN,2018-19,0.563,0.563,0.153,1.0,3.0,0.7,0.0,90.7,37.6,0.108,0.0,0.12
1627748,Thon Maker,1610612765,DET,2018-19,0.367,0.269,0.2,1.0,1.33,0.0,1.0,118.2,-24.3,-0.007,0.049,0.068
204025,Tim Frazier,1610612749,MIL,2018-19,0.756,0.731,0.163,0.9,3.33,0.1,0.0,103.3,-15.1,0.177,0.0,0.209
202699,Tobias Harris,1610612755,PHI,2018-19,0.521,0.491,0.187,4.0,2.4,1.1,0.5,103.5,6.7,0.125,0.028,0.207
203503,Tony Snell,1610612749,MIL,2018-19,0.417,0.417,0.091,0.0,0.0,0.1,0.1,110.0,-20.3,0.004,0.063,0.036
1628470,Torrey Craig,1610612743,DEN,2018-19,0.605,0.601,0.109,0.9,2.0,0.5,0.4,109.3,6.1,0.068,0.063,0.146
1626203,Treveon Graham,1610612751,BKN,2018-19,0.277,0.2,0.081,0.6,1.0,0.6,0.2,115.4,-0.6,-0.005,0.024,0.1
1626168,Trey Lyles,1610612743,DEN,2018-19,0.0,0.0,0.15,0.7,0.0,0.0,0.0,88.2,47.1,-0.043,0.111,0.0
201936,Tyreke Evans,1610612754,IND,2018-19,0.563,0.552,0.316,0.8,0.5,0.8,0.3,104.1,-12.8,0.156,0.0,0.2
1627820,Tyrone Wallace,1610612746,LAC,2018-19,0.376,0.25,0.188,1.5,3.0,0.0,0.0,79.2,42.6,0.022,0.0,0.1
201961,Wayne Ellington,1610612765,DET,2018-19,0.432,0.414,0.117,1.3,2.5,0.8,0.0,124.0,-29.0,0.042,0.018,0.092
1628411,Wes Iwundu,1610612753,ORL,2018-19,0.546,0.417,0.163,0.8,2.0,0.6,0.0,94.5,3.9,0.093,0.0,0.121
202083,Wesley Matthews,1610612754,IND,2018-19,0.447,0.417,0.149,2.0,1.0,0.8,0.3,103.3,-5.0,0.035,0.0,0.089
203115,Will Barton,1610612743,DEN,2018-19,0.434,0.404,0.212,1.7,1.71,0.3,0.6,110.7,-8.4,0.079,0.039,0.141
201163,Wilson Chandler,1610612746,LAC,2018-19,0.422,0.344,0.162,0.5,0.67,0.5,0.0,107.1,8.2,0.019,0.0,0.102
1628380,Zach Collins,1610612757,POR,2018-19,0.592,0.549,0.175,0.9,0.7,0.4,1.3,105.6,-3.2,0.082,0.058,0.131
2585,Zaza Pachulia,1610612765,DET,2018-19,0.363,0.333,0.157,0.0,0.0,0.0,0.0,89.4,2.1,0.059,0.042,0.32
1629015,Zhaire Smith,1610612755,PHI,2018-19,0.0,0.0,0.0,0.0,0.0,0.5,0.0,6.7,93.3,0.182,0.0,0.0
1628988,Aaron Holiday,1610612754,IND,2019-20,0.668,0.667,0.163,2.5,2.5,1.0,0.0,133.1,-25.1,0.075,0.014,0.063
1627846,Abdel Nader,1610612760,OKC,2019-20,0.254,0.214,0.131,0.0,0.0,0.3,0.7,109.3,-40.2,0.005,0.027,0.063
201143,Al Horford,1610612755,PHI,2019-20,0.499,0.48,0.102,2.3,3.0,0.3,1.3,121.6,-18.2,0.068,0.063,0.155
202692,Alec Burks,1610612755,PHI,2019-20,0.397,0.357,0.239,1.8,2.33,0.3,0.8,112.8,-10.2,0.064,0.059,0.072
1627936,Alex Caruso,1610612747,LAL,2019-20,0.543,0.5,0.129,2.8,1.9,1.1,0.6,103.6,8.5,0.057,0.03,0.067
1628993,Alize Johnson,1610612754,IND,2019-20,0.0,0.0,0.0,0.0,0.0,0.0,0.0,0.0,0.0,0.0,0.0,0.0
1629599,Amir Coffey,1610612746,LAC,2019-20,0.258,0.0,0.25,1.3,0.0,0.3,0.0,68.8,93.8,0.11,0.0,0.0
2738,Andre Iguodala,1610612748,MIA,2019-20,0.58,0.569,0.085,1.5,2.21,0.8,0.6,107.2,-0.1,0.055,0.027,0.096
203460,Andre Roberson,1610612760,OKC,2019-20,0.0,0.0,0.125,0.0,0.0,0.0,0.0,216.7,-116.7,-0.103,0.0,0.0
1629014,Anfernee Simons,1610612757,POR,2019-20,0.471,0.423,0.155,2.5,2.5,1.5,0.0,112.1,5.3,0.073,0.011,0.125
203076,Anthony Davis,1610612747,LAL,2019-20,0.665,0.603,0.271,3.5,1.38,1.2,1.4,105.8,11.6,0.194,0.074,0.198
1628499,Antonius Cleveland,1610612742,DAL,2019-20,0.4,0.4,0.227,0.0,0.0,0.5,0.0,109.5,-29.5,0.041,0.091,0.0
203085,Austin Rivers,1610612745,HOU,2019-20,0.427,0.385,0.159,1.3,2.0,0.6,0.1,103.4,5.0,0.043,0.009,0.13
1629168,BJ Johnson,1610612753,ORL,2019-20,0.75,0.75,0.222,0.0,0.0,0.0,0.0,37.5,95.8,0.235,0.0,0.333
1628389,Bam Adebayo,1610612748,MIA,2019-20,0.625,0.564,0.207,4.4,1.79,1.0,0.8,109.5,4.7,0.146,0.072,0.223
203463,Ben McLemore,1610612745,HOU,2019-20,0.55,0.55,0.146,0.5,2.0,0.4,0.0,102.6,16.4,0.053,0.016,0.067
1626246,Boban Marjanovic,1610612742,DAL,2019-20,0.604,0.567,0.184,0.8,1.67,0.0,0.3,112.7,8.9,0.148,0.08,0.33
1629626,Bol Bol,1610612743,DEN,2019-20,0.759,0.667,0.288,0.0,0.0,0.5,0.5,77.8,50.1,0.269,0.136,0.074
202954,Brad Wanamaker,1610612738,BOS,2019-20,0.626,0.583,0.133,1.8,1.67,0.7,0.2,102.5,1.7,0.081,0.007,0.105
201572,Brook Lopez,1610612749,MIL,2019-20,0.643,0.627,0.168,0.5,0.42,1.0,1.3,106.1,1.1,0.097,0.054,0.108
203998,Bruno Caboclo,1610612745,HOU,2019-20,0.5,0.5,0.111,0.0,0.0,0.5,0.0,61.1,27.1,0.2,0.0,0.333
203468,CJ McCollum,1610612757,POR,2019-20,0.534,0.51,0.263,3.2,1.07,1.2,0.4,116.2,-13.1,0.105,0.023,0.116
1627747,Caris LeVert,1610612751,BKN,2019-20,0.482,0.432,0.275,9.5,2.92,1.3,0.3,119.6,-18.0,0.119,0.047,0.12
2546,Carmelo Anthony,1610612757,POR,2019-20,0.512,0.471,0.205,2.0,0.77,1.0,0.4,117.4,-17.1,0.061,0.005,0.139
1629035,Carsen Edwards,1610612738,BOS,2019-20,0.0,0.0,0.0,0.0,0.0,0.0,0.0,87.5,-12.5,0.143,0.0,0.2
1628449,Chris Boucher,1610612761,TOR,2019-20,0.35,0.364,0.113,0.1,1.0,0.0,0.3,108.4,-7.4,0.033,0.063,0.22
1629185,Chris Chiozza,1610612751,BKN,2019-20,0.446,0.438,0.184,4.3,5.67,1.3,0.0,125.9,-33.4,0.077,0.012,0.081
1629598,Chris Clemons,1610612745,HOU,2019-20,0.595,0.6,0.25,0.0,0.0,0.0,0.0,57.1,47.4,0.222,0.0,0.125
101108,Chris Paul,1610612760,OKC,2019-20,0.604,0.563,0.233,5.3,1.61,1.6,0.4,108.1,-7.4,0.155,0.011,0.18
201571,D.J. Augustin,1610612753,ORL,2019-20,0.588,0.478,0.223,6.0,2.5,0.2,0.0,110.8,-9.7,0.118,0.0,0.081
203081,Damian Lillard,1610612757,POR,2019-20,0.618,0.508,0.266,4.3,1.21,0.5,0.3,113.3,-15.6,0.141,0.006,0.083
1628464,Daniel Theis,1610612738,BOS,2019-20,0.578,0.538,0.135,1.5,1.67,0.4,1.2,104.4,4.5,0.09,0.068,0.173
201568,Danilo Gallinari,1610612760,OKC,2019-20,0.569,0.481,0.208,1.0,0.47,0.7,0.1,113.0,-9.7,0.1,0.023,0.156
201980,Danny Green,1610612747,LAL,2019-20,0.473,0.462,0.155,1.2,2.17,1.0,0.8,105.0,15.8,0.048,0.05,0.079
1627863,Danuel House Jr.,1610612745,HOU,2019-20,0.568,0.547,0.153,1.4,1.86,0.9,0.0,107.2,2.6,0.086,0.034,0.153
1629647,Darius Bazley,1610612760,OKC,2019-20,0.65,0.597,0.142,0.9,1.0,0.0,0.4,98.1,0.0,0.157,0.014,0.288
201960,DeMarre Carroll,1610612745,HOU,2019-20,0.5,0.5,0.143,0.5,0.0,0.0,0.0,69.2,23.1,0.205,0.0,0.333
1626153,Delon Wright,1610612742,DAL,2019-20,0.656,0.65,0.133,1.8,1.4,1.3,0.0,123.5,-18.4,0.077,0.019,0.056
203471,Dennis Schröder,1610612760,OKC,2019-20,0.504,0.463,0.257,3.6,1.47,0.6,0.1,103.8,4.0,0.088,0.009,0.092
1629126,Deonte Burton,1610612760,OKC,2019-20,0.0,0.0,0.0,0.0,0.0,0.0,0.0,50.0,30.0,0.0,0.0,0.0
1627884,Derrick Jones Jr.,1610612748,MIA,2019-20,0.573,0.588,0.092,0.5,3.5,0.4,0.3,103.3,-13.0,0.062,0.062,0.057
203079,Dion Waiters,1610612747,LAL,2019-20,0.388,0.333,0.156,0.4,2.0,0.2,0.2,114.1,-7.8,0.033,0.0,0.054
1628378,Donovan Mitchell,1610612762,UTA,2019-20,0.696,0.634,0.37,4.9,1.17,1.0,0.3,116.1,6.5,0.195,0.026,0.117
1629743,Donta Hall,1610612751,BKN,2019-20,0.518,0.6,0.154,0.0,0.0,0.0,0.7,144.2,-44.2,0.049,0.13,0.111
1628978,Donte DiVincenzo,1610612749,MIL,2019-20,0.552,0.52,0.182,1.2,1.2,0.7,0.3,102.8,-1.1,0.076,0.048,0.152
1627827,Dorian Finney-Smith,1610612742,DAL,2019-20,0.563,0.548,0.138,3.2,2.11,1.2,0.5,115.4,-8.1,0.07,0.06,0.111
203926,Doug McDermott,1610612754,IND,2019-20,0.333,0.333,0.134,0.3,1.0,0.3,0.0,124.3,-29.9,0.0,0.0,0.063
1629130,Duncan Robinson,1610612748,MIA,2019-20,0.636,0.602,0.151,1.8,2.38,0.7,0.3,112.9,1.2,0.068,0.009,0.094
2730,Dwight Howard,1610612747,LAL,2019-20,0.677,0.693,0.142,0.5,0.56,0.4,0.4,113.3,-0.3,0.079,0.115,0.186
1629058,Dzanan Musa,1610612751,BKN,2019-20,0.408,0.182,0.184,1.3,1.33,0.0,0.3,140.2,-36.9,0.016,0.019,0.056
1628410,Edmond Sumner,1610612754,IND,2019-20,0.381,0.286,0.112,0.0,0.0,0.0,0.0,94.0,-6.1,-0.004,0.026,0.122
1626144,Emmanuel Mudiay,1610612762,UTA,2019-20,0.437,0.429,0.186,0.7,2.0,0.0,0.3,106.0,-4.5,0.097,0.023,0.125
202683,Enes Freedom,1610612738,BOS,2019-20,0.539,0.536,0.209,0.6,1.75,0.0,0.0,104.2,16.9,0.103,0.183,0.222
202339,Eric Bledsoe,1610612749,MIL,2019-20,0.48,0.429,0.206,5.9,2.3,1.2,0.7,106.0,4.0,0.095,0.017,0.131
201569,Eric Gordon,1610612745,HOU,2019-20,0.537,0.491,0.23,3.0,1.5,0.8,0.6,106.8,-5.0,0.083,0.014,0.065
101141,Ersan Ilyasova,1610612749,MIL,2019-20,0.455,0.389,0.204,0.0,0.0,0.7,0.0,109.1,-24.8,0.057,0.0,0.182
203095,Evan Fournier,1610612753,ORL,2019-20,0.496,0.456,0.175,2.6,1.44,1.2,0.6,117.5,-15.9,0.055,0.016,0.101
1628412,Frank Mason III,1610612749,MIL,2019-20,0.0,0.0,0.0,0.5,0.0,0.0,0.0,60.0,140.0,0.083,0.0,0.0
1627832,Fred VanVleet,1610612761,TOR,2019-20,0.537,0.513,0.227,6.9,3.45,1.6,0.6,105.9,0.4,0.121,0.011,0.096
1627788,Furkan Korkmaz,1610612755,PHI,2019-20,0.163,0.0,0.108,0.5,1.0,0.3,0.0,88.0,16.8,-0.02,0.0,0.118
1629216,Gabe Vincent,1610612748,MIA,2019-20,0.0,0.0,0.0,0.0,0.0,0.0,0.0,0.0,0.0,0.0,0.0,0.0
202066,Garrett Temple,1610612751,BKN,2019-20,0.465,0.439,0.167,2.0,1.33,0.8,0.3,116.7,-13.3,0.033,0.0,0.078
1629109,Gary Clark,1610612753,ORL,2019-20,0.526,0.5,0.106,1.4,3.5,1.0,0.4,109.8,-11.7,0.075,0.025,0.158
203914,Gary Harris,1610612743,DEN,2019-20,0.522,0.483,0.146,1.7,1.14,1.1,0.3,108.2,0.2,0.032,0.02,0.055
1629018,Gary Trent Jr.,1610612757,POR,2019-20,0.499,0.467,0.137,0.6,0.6,0.8,0.0,113.0,-13.0,0.02,0.029,0.032
201588,George Hill,1610612749,MIL,2019-20,0.606,0.552,0.151,3.1,1.94,0.6,0.0,104.7,-0.3,0.082,0.018,0.073
1627777,Georges Niang,1610612762,UTA,2019-20,0.646,0.636,0.181,0.6,2.0,0.0,0.1,119.8,1.9,0.084,0.039,0.101
203507,Giannis Antetokounmpo,1610612749,MIL,2019-20,0.61,0.599,0.339,5.7,1.7,0.7,0.9,104.8,3.6,0.223,0.091,0.33
201609,Goran Dragic,1610612748,MIA,2019-20,0.549,0.513,0.26,4.4,1.92,1.0,0.1,105.5,5.6,0.109,0.024,0.1
202330,Gordon Hayward,1610612738,BOS,2019-20,0.504,0.47,0.158,2.8,2.0,1.4,0.4,116.4,1.1,0.069,0.017,0.121
1629684,Grant Williams,1610612738,BOS,2019-20,0.773,0.769,0.092,0.4,1.5,0.1,0.3,99.7,6.4,0.051,0.043,0.098
1628977,Hamidou Diallo,1610612760,OKC,2019-20,0.462,0.409,0.258,0.3,0.5,0.0,0.7,130.2,-43.4,0.074,0.061,0.148
202355,Hassan Whiteside,1610612757,POR,2019-20,0.564,0.563,0.148,0.4,0.33,0.2,2.0,112.2,-9.2,0.08,0.064,0.248
1627826,Ivica Zubac,1610612746,LAC,2019-20,0.626,0.564,0.146,0.6,0.67,0.2,0.8,103.8,17.7,0.096,0.101,0.204
200826,J.J. Barea,1610612742,DAL,2019-20,0.647,0.0,0.231,0.0,0.0,0.0,0.0,175.0,-83.3,0.0,0.0,0.0
2747,JR Smith,1610612747,LAL,2019-20,0.385,0.385,0.184,0.3,0.43,0.2,0.0,109.2,-17.7,-0.037,0.0,0.039
203960,JaKarr Sampson,1610612754,IND,2019-20,0.625,0.625,0.168,1.0,2.0,0.5,0.0,102.9,-1.9,0.113,0.023,0.25
203210,JaMychal Green,1610612746,LAC,2019-20,0.67,0.655,0.122,0.5,1.4,0.2,0.2,111.5,-4.9,0.084,0.058,0.164
201580,JaVale McGee,1610612747,LAL,2019-20,0.623,0.625,0.126,0.5,0.78,0.1,0.7,106.1,6.5,0.086,0.116,0.196
203109,Jae Crowder,1610612748,MIA,2019-20,0.57,0.54,0.161,1.9,2.6,0.7,0.6,111.3,-1.0,0.086,0.017,0.167
1627750,Jamal Murray,1610612743,DEN,2019-20,0.626,0.59,0.27,6.6,2.38,0.9,0.3,113.9,0.3,0.156,0.029,0.1
203516,James Ennis III,1610612753,ORL,2019-20,0.449,0.4,0.158,1.2,1.0,1.0,0.4,115.7,-16.1,0.044,0.044,0.184
201935,James Harden,1610612745,HOU,2019-20,0.636,0.564,0.316,7.7,2.04,1.5,0.8,104.8,3.4,0.19,0.026,0.126
201162,Jared Dudley,1610612747,LAL,2019-20,0.0,0.0,0.079,0.0,0.0,0.4,0.1,130.4,-56.5,-0.014,0.0,0.069
1629714,Jarrell Brantley,1610612762,UTA,2019-20,0.085,0.0,0.206,1.0,2.0,0.0,0.5,120.0,-36.0,-0.161,0.15,0.067
1628386,Jarrett Allen,1610612751,BKN,2019-20,0.66,0.583,0.134,2.3,0.82,0.5,1.8,116.5,-12.6,0.135,0.107,0.323
1629750,Javonte Green,1610612738,BOS,2019-20,0.75,0.75,0.143,0.0,0.0,0.0,0.0,84.6,7.7,0.2,0.0,0.167
1629121,Jaylen Adams,1610612757,POR,2019-20,0.333,0.333,0.17,0.7,0.0,0.3,0.0,81.0,52.4,0.07,0.053,0.1
1627759,Jaylen Brown,1610612738,BOS,2019-20,0.586,0.55,0.233,2.3,0.95,1.5,0.5,107.3,3.9,0.123,0.036,0.144
1629658,Jaylen Hoard,1610612757,POR,2019-20,0.583,0.583,0.127,0.3,0.5,0.0,0.0,104.5,13.6,0.06,0.109,0.1
1628369,Jayson Tatum,1610612738,BOS,2019-20,0.563,0.504,0.275,5.0,1.77,1.0,1.2,103.9,6.2,0.164,0.032,0.198
201145,Jeff Green,1610612745,HOU,2019-20,0.629,0.607,0.161,1.6,1.27,0.5,0.5,109.5,-0.5,0.095,0.014,0.171
203924,Jerami Grant,1610612743,DEN,2019-20,0.556,0.494,0.157,1.3,1.0,0.6,0.8,116.0,-5.5,0.052,0.013,0.087
1629725,Jeremiah Martin,1610612751,BKN,2019-20,0.416,0.393,0.235,1.3,2.0,0.0,0.3,138.6,-30.1,0.043,0.0,0.111
202710,Jimmy Butler III,1610612748,MIA,2019-20,0.616,0.514,0.244,6.0,2.15,2.0,0.7,111.6,2.5,0.15,0.06,0.113
201149,Joakim Noah,1610612746,LAC,2019-20,0.0,0.0,0.0,0.0,0.0,0.0,0.0,0.0,66.7,0.0,0.0,0.0
203925,Joe Harris,1610612751,BKN,2019-20,0.666,0.674,0.159,1.0,0.67,0.5,0.0,107.9,-2.0,0.117,0.025,0.225
204060,Joe Ingles,1610612762,UTA,2019-20,0.565,0.537,0.118,4.7,8.25,0.6,0.1,111.3,6.0,0.082,0.005,0.103
203954,Joel Embiid,1610612755,PHI,2019-20,0.6,0.486,0.345,1.3,0.33,1.5,1.3,120.9,-19.2,0.182,0.07,0.264
203903,Jordan Clarkson,1610612762,UTA,2019-20,0.577,0.552,0.239,2.1,2.14,0.9,0.0,116.0,0.8,0.107,0.011,0.115
1629729,Josh Reaves,1610612742,DAL,2019-20,0.515,0.333,0.227,0.5,1.0,0.0,0.5,109.5,-29.5,0.095,0.0,0.286
1626196,Josh Richardson,1610612755,PHI,2019-20,0.524,0.446,0.209,3.3,1.63,0.5,0.5,114.0,-5.7,0.074,0.025,0.075
1626147,Justin Anderson,1610612751,BKN,2019-20,0.69,0.625,0.225,1.0,1.5,0.0,0.3,120.0,-30.9,0.172,0.0,0.258
203200,Justin Holiday,1610612754,IND,2019-20,0.65,0.667,0.087,0.8,1.0,1.5,1.3,101.8,1.5,0.059,0.033,0.087
1628382,Justin Jackson,1610612742,DAL,2019-20,0.258,0.167,0.211,0.0,0.0,0.0,0.0,144.4,-61.6,-0.015,0.0,0.333
203994,Jusuf Nurkić,1610612757,POR,2019-20,0.529,0.465,0.206,3.6,1.38,1.4,0.2,118.3,-17.5,0.109,0.077,0.229
1629752,Juwan Morgan,1610612762,UTA,2019-20,0.342,0.333,0.082,0.7,5.0,0.3,0.0,103.5,20.1,0.03,0.077,0.139
202695,Kawhi Leonard,1610612746,LAC,2019-20,0.593,0.534,0.29,5.5,2.18,2.3,0.8,110.8,2.7,0.184,0.046,0.198
1628966,Keita Bates-Diop,1610612743,DEN,2019-20,0.255,0.2,0.098,0.2,0.0,0.0,0.0,104.3,2.0,0.051,0.107,0.125
203482,Kelly Olynyk,1610612748,MIA,2019-20,0.606,0.563,0.205,1.1,1.46,0.2,0.5,101.5,10.6,0.131,0.054,0.219
202689,Kemba Walker,1610612738,BOS,2019-20,0.573,0.518,0.225,5.1,2.69,0.9,0.4,106.0,6.2,0.117,0.01,0.095
1629134,Kendrick Nunn,1610612748,MIA,2019-20,0.482,0.457,0.198,1.3,1.67,0.2,0.2,105.0,1.1,0.066,0.013,0.107
203484,Kentavious Caldwell-Pope,1610612747,LAL,2019-20,0.56,0.537,0.152,1.3,1.87,1.0,0.2,110.7,6.2,0.06,0.013,0.062
203920,Khem Birch,1610612753,ORL,2019-20,0.637,0.5,0.109,1.4,1.4,0.2,0.0,96.5,4.5,0.086,0.091,0.167
203114,Khris Middleton,1610612749,MIL,2019-20,0.507,0.458,0.274,6.0,1.76,1.1,0.2,105.3,6.8,0.105,0.014,0.178
204001,Kristaps Porziņģis,1610612742,DAL,2019-20,0.708,0.638,0.23,0.7,0.67,0.0,1.0,117.6,-3.3,0.156,0.032,0.228
2594,Kyle Korver,1610612749,MIL,2019-20,0.619,0.585,0.178,0.1,0.2,0.3,0.1,100.8,4.6,0.071,0.008,0.057
1628398,Kyle Kuzma,1610612747,LAL,2019-20,0.535,0.503,0.188,0.8,0.81,0.3,0.3,110.2,1.1,0.059,0.038,0.1
200768,Kyle Lowry,1610612761,TOR,2019-20,0.559,0.497,0.214,5.8,2.29,1.7,0.7,104.1,5.5,0.119,0.018,0.156
203124,Kyle O'Quinn,1610612755,PHI,2019-20,0.0,0.0,0.143,1.0,0.5,0.0,0.0,92.3,-7.7,-0.3,0.0,0.25
202498,Lance Thomas,1610612751,BKN,2019-20,0.296,0.2,0.152,0.0,0.0,0.0,0.3,132.4,-32.4,-0.013,0.045,0.133
1629013,Landry Shamet,1610612746,LAC,2019-20,0.548,0.534,0.13,1.3,1.31,0.5,0.2,106.3,-0.6,0.05,0.0,0.089
2544,LeBron James,1610612747,LAL,2019-20,0.647,0.618,0.296,8.8,2.19,1.2,0.9,104.5,10.9,0.235,0.039,0.261
101150,Lou Williams,1610612746,LAC,2019-20,0.511,0.466,0.222,4.2,2.62,0.8,0.2,111.8,6.9,0.1,0.021,0.102
1629652,Luguentz Dort,1610612760,OKC,2019-20,0.454,0.441,0.235,1.0,0.4,0.3,1.0,104.0,-6.4,0.015,0.027,0.088
1629029,Luka Dončić,1610612742,DAL,2019-20,0.596,0.563,0.365,8.7,1.68,1.2,0.5,118.2,-9.1,0.189,0.018,0.243
1627763,Malcolm Brogdon,1610612754,IND,2019-20,0.556,0.469,0.251,10.0,4.0,1.0,0.0,112.3,-6.2,0.133,0.0,0.113
1626259,Malcolm Miller,1610612761,TOR,2019-20,0.5,0.5,0.25,0.0,0.0,0.0,0.0,91.7,-28.0,-0.133,0.0,0.0
201188,Marc Gasol,1610612761,TOR,2019-20,0.467,0.43,0.164,2.6,1.81,0.5,0.6,105.3,-2.6,0.068,0.016,0.19
202694,Marcus Morris Sr.,1610612746,LAC,2019-20,0.653,0.631,0.14,1.6,2.33,0.8,0.1,106.6,9.8,0.091,0.029,0.136
203935,Marcus Smart,1610612738,BOS,2019-20,0.552,0.497,0.181,4.6,1.73,1.2,0.5,105.4,6.6,0.087,0.016,0.115
1626209,Mario Hezonja,1610612757,POR,2019-20,0.484,0.455,0.155,1.2,2.0,0.6,0.0,108.7,-6.1,0.095,0.028,0.197
1628365,Markelle Fultz,1610612753,ORL,2019-20,0.476,0.45,0.218,5.2,2.0,1.0,0.6,115.7,-18.8,0.053,0.0,0.075
202693,Markieff Morris,1610612747,LAL,2019-20,0.608,0.597,0.135,1.0,1.18,0.3,0.1,104.9,7.0,0.06,0.034,0.136
101107,Marvin Williams,1610612749,MIL,2019-20,0.569,0.553,0.12,0.9,3.0,0.5,0.3,102.5,6.8,0.095,0.071,0.188
203486,Mason Plumlee,1610612743,DEN,2019-20,0.519,0.487,0.114,1.3,2.27,0.2,0.4,105.1,-0.8,0.075,0.139,0.14
1629680,Matisse Thybulle,1610612755,PHI,2019-20,0.5,0.5,0.051,0.5,1.0,0.8,0.3,118.7,-26.1,0.028,0.011,0.076
1629744,Matt Thomas,1610612761,TOR,2019-20,0.738,0.738,0.108,0.7,7.0,0.1,0.1,96.8,21.0,0.109,0.012,0.143
1628467,Maxi Kleber,1610612742,DAL,2019-20,0.452,0.397,0.103,1.5,2.25,0.3,1.2,122.6,-16.0,0.042,0.046,0.144
203086,Meyers Leonard,1610612748,MIA,2019-20,0.788,0.75,0.141,1.0,0.0,0.3,0.0,109.7,12.9,0.083,0.0,0.033
1626187,Michael Frazier II,1610612745,HOU,2019-20,0.375,0.375,0.161,0.5,2.0,0.0,0.0,67.9,32.1,0.129,0.067,0.158
203077,Michael Kidd-Gilchrist,1610612742,DAL,2019-20,0.421,0.357,0.14,0.5,3.0,0.2,0.2,121.8,-14.3,0.011,0.04,0.078
1629008,Michael Porter Jr.,1610612743,DEN,2019-20,0.602,0.579,0.196,0.8,0.64,0.7,0.3,110.4,5.9,0.116,0.048,0.257
201144,Mike Conley,1610612762,UTA,2019-20,0.672,0.625,0.226,5.2,5.2,1.6,0.2,115.1,0.0,0.145,0.02,0.074
203488,Mike Muscala,1610612760,OKC,2019-20,0.75,0.75,0.045,0.5,0.0,0.0,0.0,136.6,-29.3,0.05,0.0,0.19
203118,Mike Scott,1610612755,PHI,2019-20,0.444,0.2,0.14,0.3,0.0,0.0,0.0,79.5,6.2,0.242,0.083,0.261
1629671,Miye Oni,1610612762,UTA,2019-20,0.583,0.583,0.194,0.0,0.0,0.5,0.5,118.5,-29.6,0.157,0.1,0.111
1628420,Monte Morris,1610612743,DEN,2019-20,0.581,0.541,0.17,2.7,5.2,0.6,0.1,118.7,-10.1,0.099,0.01,0.068
1626149,Montrezl Harrell,1610612746,LAC,2019-20,0.608,0.579,0.22,0.4,0.42,0.4,0.5,116.3,-11.6,0.085,0.043,0.113
1626167,Myles Turner,1610612754,IND,2019-20,0.617,0.636,0.185,0.8,0.33,0.5,4.0,114.0,-11.6,0.11,0.074,0.229
203457,Nerlens Noel,1610612760,OKC,2019-20,0.491,0.471,0.1,0.4,1.5,0.3,0.7,99.5,1.4,0.07,0.052,0.202
1628430,Nigel Williams-Goss,1610612762,UTA,2019-20,0.0,0.0,0.0,1.0,0.0,0.0,0.0,140.0,-100.0,0.118,0.0,0.0
203999,Nikola Jokić,1610612743,DEN,2019-20,0.614,0.58,0.289,5.7,1.76,1.1,0.8,117.2,-2.6,0.166,0.059,0.234
202696,Nikola Vučević,1610612753,ORL,2019-20,0.604,0.586,0.296,4.0,1.54,0.8,0.6,115.3,-13.0,0.169,0.045,0.245
203943,Noah Vonleh,1610612743,DEN,2019-20,0.0,0.0,0.111,0.0,0.0,0.0,0.0,100.0,-33.3,-0.111,0.0,0.0
1626181,Norman Powell,1610612761,TOR,2019-20,0.629,0.596,0.202,1.0,1.0,0.5,0.3,101.4,4.0,0.09,0.014,0.077
203658,Norvel Pelle,1610612755,PHI,2019-20,0.0,0.0,0.0,0.0,0.0,1.0,1.0,100.0,-26.7,0.115,0.0,0.0
1628384,OG Anunoby,1610612761,TOR,2019-20,0.573,0.551,0.13,1.2,0.81,1.0,1.2,106.0,1.3,0.073,0.063,0.119
200782,P.J. Tucker,1610612745,HOU,2019-20,0.54,0.54,0.107,1.5,1.5,1.1,0.3,105.8,3.0,0.059,0.054,0.156
1628408,PJ Dozier,1610612743,DEN,2019-20,0.485,0.455,0.161,1.0,1.5,0.2,0.2,106.3,2.8,0.055,0.016,0.129
1627783,Pascal Siakam,1610612761,TOR,2019-20,0.462,0.423,0.235,3.8,1.91,1.1,0.4,103.6,2.9,0.093,0.031,0.156
1626192,Pat Connaughton,1610612749,MIL,2019-20,0.557,0.543,0.102,1.1,2.2,0.2,0.2,108.9,-3.8,0.077,0.03,0.187
201976,Patrick Beverley,1610612746,LAC,2019-20,0.613,0.615,0.125,2.4,2.71,1.0,0.4,99.4,3.8,0.087,0.053,0.158
202335,Patrick Patterson,1610612746,LAC,2019-20,1.5,1.5,0.13,2.0,0.0,0.0,0.0,95.5,45.5,0.274,0.0,0.083
202331,Paul George,1610612746,LAC,2019-20,0.536,0.482,0.254,3.8,1.23,1.5,0.5,109.3,2.7,0.098,0.029,0.139
200794,Paul Millsap,1610612743,DEN,2019-20,0.536,0.462,0.166,1.2,0.92,0.6,0.5,114.4,-3.5,0.063,0.061,0.144
1628778,Paul Watson,1610612761,TOR,2019-20,0.5,0.5,0.095,0.5,0.0,0.5,0.0,140.0,-13.7,0.065,0.0,0.0
1626188,Quinn Cook,1610612747,LAL,2019-20,0.623,0.6,0.196,0.8,5.0,0.0,0.0,147.2,-67.5,0.118,0.0,0.05
200765,Rajon Rondo,1610612747,LAL,2019-20,0.553,0.537,0.18,6.6,3.09,1.4,0.1,111.8,5.8,0.117,0.037,0.155
203526,Raul Neto,1610612755,PHI,2019-20,0.444,0.444,0.161,1.5,3.0,0.5,0.0,133.3,-46.5,0.088,0.0,0.158
1629730,Rayjon Tucker,1610612762,UTA,2019-20,0.5,0.5,0.222,0.0,0.0,0.0,0.0,121.7,-30.4,0.0,0.0,0.0
202704,Reggie Jackson,1610612746,LAC,2019-20,0.615,0.615,0.134,0.9,2.2,0.2,0.1,114.5,4.5,0.057,0.012,0.106
203496,Robert Covington,1610612745,HOU,2019-20,0.683,0.674,0.129,1.3,1.33,2.5,1.1,105.8,-2.6,0.098,0.02,0.14
1629057,Robert Williams III,1610612738,BOS,2019-20,0.713,0.742,0.114,0.8,1.43,0.2,0.5,102.9,6.3,0.116,0.149,0.182
201577,Robin Lopez,1610612749,MIL,2019-20,0.75,0.75,0.087,0.0,0.0,0.0,0.0,106.3,-22.5,0.09,0.0,0.2
1629066,Rodions Kurucs,1610612751,BKN,2019-20,0.527,0.55,0.166,0.8,1.0,0.3,0.5,130.3,-45.1,0.06,0.043,0.156
203585,Rodney McGruder,1610612746,LAC,2019-20,0.8,0.8,0.139,0.4,0.0,0.0,0.0,82.4,31.9,0.183,0.1,0.167
1629641,Romeo Langford,1610612738,BOS,2019-20,0.46,0.45,0.121,0.3,1.0,0.1,0.0,99.0,8.3,0.022,0.0,0.056
1626178,Rondae Hollis-Jefferson,1610612761,TOR,2019-20,0.518,0.4,0.155,0.6,3.0,0.4,0.2,110.5,9.1,0.072,0.128,0.132
1626220,Royce O'Neale,1610612762,UTA,2019-20,0.563,0.563,0.089,2.7,1.46,1.3,0.3,121.5,-3.8,0.044,0.013,0.152
203497,Rudy Gobert,1610612762,UTA,2019-20,0.638,0.649,0.174,1.1,0.89,0.6,1.4,119.4,5.2,0.105,0.102,0.222
201566,Russell Westbrook,1610612745,HOU,2019-20,0.464,0.45,0.304,4.6,1.23,1.5,0.3,106.7,-6.1,0.093,0.039,0.181
1628400,Semi Ojeleye,1610612738,BOS,2019-20,0.364,0.339,0.105,0.1,1.0,0.2,0.0,100.8,-2.7,0.012,0.016,0.071
201586,Serge Ibaka,1610612761,TOR,2019-20,0.702,0.677,0.215,1.2,1.08,0.2,1.3,101.5,7.2,0.182,0.065,0.235
203552,Seth Curry,1610612742,DAL,2019-20,0.697,0.679,0.15,1.3,1.0,1.0,0.0,119.8,3.2,0.075,0.012,0.053
1628983,Shai Gilgeous-Alexander,1610612760,OKC,2019-20,0.569,0.511,0.175,4.1,1.93,1.0,0.4,107.2,-4.6,0.103,0.01,0.112
1629003,Shake Milton,1610612755,PHI,2019-20,0.616,0.591,0.185,2.8,1.83,0.5,0.0,116.4,-7.0,0.085,0.008,0.088
203524,Solomon Hill,1610612748,MIA,2019-20,0.667,0.667,0.092,0.4,0.0,0.1,0.0,105.4,13.9,0.071,0.024,0.125
1626169,Stanley Johnson,1610612761,TOR,2019-20,0.568,0.545,0.231,2.0,6.0,0.0,0.0,117.8,-11.1,0.145,0.042,0.136
1628425,Sterling Brown,1610612749,MIL,2019-20,0.0,0.0,0.125,0.0,0.0,0.0,0.0,133.3,-95.8,0.0,0.0,0.333
203500,Steven Adams,1610612760,OKC,2019-20,0.584,0.596,0.15,1.3,0.56,0.6,0.3,108.8,-12.0,0.119,0.144,0.217
204456,T.J. McConnell,1610612754,IND,2019-20,0.394,0.375,0.175,2.3,3.5,0.0,0.0,100.0,-17.5,0.086,0.0,0.2
203933,T.J. Warren,1610612754,IND,2019-20,0.556,0.522,0.238,3.0,1.09,2.3,0.3,113.5,-7.2,0.097,0.034,0.138
1629605,Tacko Fall,1610612738,BOS,2019-20,0.798,1.0,0.286,0.0,0.0,0.0,0.0,114.3,-14.3,0.5,0.0,0.25
1629659,Talen Horton-Tucker,1610612747,LAL,2019-20,0.583,0.583,0.255,0.0,0.0,1.0,0.0,85.0,10.1,0.196,0.0,0.208
1629611,Terance Mann,1610612746,LAC,2019-20,0.4,0.4,0.108,0.1,0.5,0.1,0.0,79.1,17.7,0.045,0.0,0.212
1629056,Terence Davis,1610612761,TOR,2019-20,0.67,0.621,0.18,1.2,1.17,0.2,0.0,94.2,22.5,0.088,0.022,0.104
1628390,Terrance Ferguson,1610612760,OKC,2019-20,0.273,0.273,0.12,0.3,1.0,0.3,0.0,111.4,-20.4,-0.009,0.018,0.061
203082,Terrence Ross,1610612753,ORL,2019-20,0.584,0.547,0.232,1.0,0.63,0.8,0.2,103.7,2.6,0.102,0.007,0.153
203501,Tim Hardaway Jr.,1610612742,DAL,2019-20,0.536,0.521,0.213,1.8,3.67,0.3,0.0,125.2,-17.7,0.069,0.014,0.089
1627789,Timothe Luwawu-Cabarrot,1610612751,BKN,2019-20,0.498,0.449,0.217,1.5,0.75,0.8,0.0,117.2,-9.7,0.045,0.006,0.106
202699,Tobias Harris,1610612755,PHI,2019-20,0.461,0.4,0.212,4.0,3.2,0.5,0.3,120.5,-10.0,0.099,0.086,0.156
1628396,Tony Bradley,1610612762,UTA,2019-20,0.373,0.222,0.14,0.2,0.25,0.3,0.3,90.4,20.2,0.098,0.192,0.25
1628470,Torrey Craig,1610612743,DEN,2019-20,0.514,0.494,0.11,0.7,1.44,0.4,0.4,118.0,-9.2,0.043,0.035,0.137
1629682,Tremont Waters,1610612738,BOS,2019-20,0.0,0.0,0.167,1.0,0.0,0.0,0.0,83.3,-33.3,0.286,0.0,0.2
203504,Trey Burke,1610612742,DAL,2019-20,0.584,0.576,0.191,2.0,2.0,1.3,0.3,118.0,-1.6,0.09,0.012,0.113
203584,Troy Daniels,1610612743,DEN,2019-20,0.621,0.625,0.167,0.3,0.0,0.0,0.0,97.0,22.1,0.117,0.03,0.063
1629076,Tyler Cook,1610612743,DEN,2019-20,0.0,0.0,0.0,0.0,0.0,0.0,0.0,28.6,100.0,0.333,0.0,0.2
1629639,Tyler Herro,1610612748,MIA,2019-20,0.557,0.52,0.217,3.7,1.83,0.4,0.1,112.0,-0.6,0.103,0.011,0.144
204020,Tyler Johnson,1610612751,BKN,2019-20,0.587,0.576,0.225,2.3,3.0,0.0,0.3,135.3,-35.8,0.072,0.0,0.081
2199,Tyson Chandler,1610612745,HOU,2019-20,0.0,0.0,0.0,0.0,0.0,0.0,0.0,0.0,0.0,1.0,0.0,0.0
1629724,Vic Law,1610612753,ORL,2019-20,1.5,1.5,0.111,1.0,0.0,0.0,0.0,37.5,95.8,0.353,0.0,0.333
203506,Victor Oladipo,1610612754,IND,2019-20,0.563,0.5,0.289,2.5,0.71,2.3,0.0,109.5,-3.1,0.08,0.0,0.107
1629738,Vincent Poirier,1610612738,BOS,2019-20,0.0,0.0,0.0,1.0,0.0,1.0,0.0,50.0,0.0,0.5,0.0,0.0
1629117,Wenyen Gabriel,1610612757,POR,2019-20,0.661,0.667,0.165,1.0,0.8,0.5,0.5,100.9,1.9,0.041,0.125,0.045
1628411,Wes Iwundu,1610612753,ORL,2019-20,0.446,0.4,0.143,0.8,1.33,0.6,0.4,94.0,2.4,0.055,0.013,0.123
202083,Wesley Matthews,1610612749,MIL,2019-20,0.586,0.57,0.121,0.9,1.29,0.9,0.4,107.0,-0.6,0.045,0.023,0.048
203932,Aaron Gordon,1610612743,DEN,2020-21,0.505,0.48,0.175,2.0,1.43,0.5,0.3,122.0,-8.6,0.06,0.066,0.122
1630174,Aaron Nesmith,1610612738,BOS,2020-21,0.424,0.389,0.117,0.2,0.5,0.2,0.2,117.2,-6.0,0.031,0.024,0.145
1627846,Abdel Nader,1610612756,PHX,2020-21,0.333,0.333,0.091,0.0,0.0,0.0,0.0,102.8,-12.6,0.02,0.0,0.135
202692,Alec Burks,1610612752,NYK,2020-21,0.544,0.5,0.227,2.6,3.25,0.2,0.0,107.9,2.7,0.122,0.037,0.156
1627936,Alex Caruso,1610612747,LAL,2020-21,0.45,0.434,0.161,0.5,0.43,0.2,0.7,106.2,-8.6,0.013,0.015,0.053
203458,Alex Len,1610612764,WAS,2020-21,0.585,0.571,0.176,0.4,2.0,0.2,0.0,138.2,-49.1,0.075,0.083,0.219
1628035,Alfonzo McKinnie,1610612747,LAL,2020-21,0.0,0.0,0.111,0.0,0.0,0.0,0.0,80.8,3.2,-0.085,0.0,0.059
1628993,Alize Johnson,1610612751,BKN,2020-21,0.571,0.571,0.154,0.0,0.0,0.6,0.0,80.4,21.5,0.204,0.103,0.435
1629599,Amir Coffey,1610612746,LAC,2020-21,0.788,0.875,0.143,0.1,1.0,0.1,0.0,91.2,-6.8,0.17,0.0,0.133
203083,Andre Drummond,1610612747,LAL,2020-21,0.618,0.594,0.188,0.0,0.0,0.8,0.6,106.0,-3.3,0.142,0.183,0.324
2738,Andre Iguodala,1610612748,MIA,2020-21,0.682,0.682,0.095,1.3,1.0,1.0,0.5,116.3,-15.0,0.059,0.039,0.117
1629014,Anfernee Simons,1610612757,POR,2020-21,0.78,0.78,0.109,0.8,5.0,0.3,0.2,131.5,-19.6,0.095,0.027,0.127
203076,Anthony Davis,1610612747,LAL,2020-21,0.541,0.419,0.269,2.6,2.17,0.6,1.6,108.4,-5.6,0.146,0.049,0.191
1630264,Anthony Gill,1610612764,WAS,2020-21,0.0,0.0,0.072,0.0,0.0,0.0,0.0,113.2,-26.1,-0.104,0.027,0.103
201229,Anthony Tolliver,1610612755,PHI,2020-21,0.0,0.0,0.0,0.0,0.0,0.0,0.0,50.0,0.0,2.0,0.0,0.0
203085,Austin Rivers,1610612743,DEN,2020-21,0.605,0.572,0.12,2.1,2.33,0.2,0.3,122.3,-12.6,0.039,0.003,0.057
1626253,Axel Toupane,1610612749,MIL,2020-21,0.625,0.625,0.174,0.0,0.0,0.0,0.0,115.8,-26.3,0.16,0.167,0.222
1628389,Bam Adebayo,1610612748,MIA,2020-21,0.494,0.456,0.227,4.3,1.55,1.3,0.5,111.0,-16.7,0.115,0.089,0.152
203463,Ben McLemore,1610612747,LAL,2020-21,0.333,0.333,0.12,0.3,1.0,0.3,0.0,102.7,-14.9,0.014,0.024,0.162
1627732,Ben Simmons,1610612755,PHI,2020-21,0.562,0.621,0.162,8.8,3.93,1.3,0.8,107.9,12.9,0.117,0.066,0.171
201933,Blake Griffin,1610612751,BKN,2020-21,0.634,0.62,0.128,1.8,4.2,0.8,0.5,108.1,5.5,0.093,0.049,0.159
1626246,Boban Marjanovic,1610612742,DAL,2020-21,0.547,0.513,0.234,1.0,1.0,0.0,0.3,120.6,-5.4,0.103,0.156,0.237
1626171,Bobby Portis,1610612749,MIL,2020-21,0.543,0.523,0.184,0.6,1.33,0.7,0.4,108.1,7.5,0.108,0.081,0.179
203992,Bogdan Bogdanović,1610612737,ATL,2020-21,0.493,0.484,0.207,2.9,1.93,1.6,0.3,107.7,2.5,0.074,0.018,0.105
202711,Bojan Bogdanovic,1610612762,UTA,2020-21,0.642,0.595,0.2,1.5,0.7,0.9,0.0,123.0,0.5,0.084,0.016,0.112
1629626,Bol Bol,1610612743,DEN,2020-21,0.0,0.0,0.091,0.7,0.0,0.0,0.0,84.6,15.4,0.091,0.0,0.2
203078,Bradley Beal,1610612764,WAS,2020-21,0.54,0.484,0.333,4.2,1.05,0.8,0.6,125.2,-15.3,0.122,0.03,0.124
1629634,Brandon Clarke,1610612763,MEM,2020-21,0.5,0.5,0.095,0.0,0.0,0.0,0.5,55.6,39.2,0.116,0.0,0.091
201572,Brook Lopez,1610612749,MIL,2020-21,0.632,0.601,0.166,0.3,0.24,0.7,1.5,105.4,4.1,0.103,0.069,0.126
1628971,Bruce Brown,1610612751,BKN,2020-21,0.552,0.519,0.157,2.1,2.27,0.7,0.4,110.7,2.8,0.087,0.087,0.123
1628981,Bruno Fernando,1610612737,ATL,2020-21,0.773,0.667,0.138,0.0,0.0,0.0,0.0,77.3,18.7,0.224,0.1,0.0
1627854,Bryn Forbes,1610612749,MIL,2020-21,0.567,0.558,0.174,0.3,0.86,0.1,0.1,110.7,-4.6,0.07,0.006,0.092
1629604,CJ Elleby,1610612757,POR,2020-21,0.0,0.0,0.091,0.5,1.0,0.0,0.0,94.1,5.9,0.055,0.1,0.2
203468,CJ McCollum,1610612757,POR,2020-21,0.518,0.5,0.25,4.3,2.17,0.3,0.7,122.3,-0.2,0.08,0.026,0.122
1629629,Cam Reddish,1610612737,ATL,2020-21,0.668,0.653,0.196,1.8,1.4,1.5,0.5,112.4,-1.1,0.121,0.011,0.129
1629661,Cameron Johnson,1610612756,PHX,2020-21,0.693,0.65,0.137,0.8,1.07,0.9,0.2,112.3,-2.7,0.095,0.037,0.108
1626166,Cameron Payne,1610612756,PHX,2020-21,0.51,0.49,0.237,3.2,2.92,0.8,0.5,106.3,4.6,0.111,0.015,0.106
2546,Carmelo Anthony,1610612757,POR,2020-21,0.571,0.533,0.219,1.5,1.29,0.3,0.2,131.5,-16.0,0.074,0.013,0.121
1629035,Carsen Edwards,1610612738,BOS,2020-21,0.833,0.833,0.214,0.0,0.0,0.0,0.0,78.6,7.1,0.25,0.0,0.143
1630216,Cassius Winston,1610612764,WAS,2020-21,0.333,0.333,0.333,1.0,0.5,0.0,0.0,100.0,-20.0,-0.053,0.125,0.2
1628990,Chandler Hutchison,1610612764,WAS,2020-21,0.51,0.4,0.149,0.5,1.0,0.0,0.0,97.4,-33.5,0.141,0.0,0.188
1629185,Chris Chiozza,1610612751,BKN,2020-21,0.357,0.357,0.151,0.2,1.0,0.2,0.0,73.2,12.9,0.0,0.0,0.056
101108,Chris Paul,1610612756,PHX,2020-21,0.584,0.545,0.24,8.6,3.98,1.2,0.2,108.8,4.0,0.145,0.014,0.086
203991,Clint Capela,1610612737,ATL,2020-21,0.591,0.603,0.134,0.9,0.94,0.7,1.1,108.0,1.3,0.113,0.107,0.237
203081,Damian Lillard,1610612757,POR,2020-21,0.66,0.593,0.3,10.2,4.69,1.0,0.7,120.5,5.7,0.189,0.004,0.097
1629655,Daniel Gafford,1610612764,WAS,2020-21,0.807,0.846,0.137,0.6,1.0,1.0,2.0,115.1,2.8,0.12,0.111,0.115
1630187,Daniel Oturu,1610612746,LAC,2020-21,0.425,0.4,0.188,0.0,0.0,0.0,0.1,100.0,-17.2,0.056,0.154,0.154
201568,Danilo Gallinari,1610612737,ATL,2020-21,0.587,0.523,0.204,0.8,0.93,0.3,0.2,110.2,-3.4,0.096,0.017,0.128
201980,Danny Green,1610612755,PHI,2020-21,0.583,0.583,0.111,2.6,4.2,1.1,1.0,113.7,18.9,0.061,0.049,0.063
203967,Dario Šarić,1610612756,PHX,2020-21,0.616,0.556,0.172,1.0,2.33,0.1,0.1,102.7,12.1,0.106,0.066,0.168
202722,Davis Bertans,1610612764,WAS,2020-21,0.615,0.556,0.117,0.3,1.0,0.3,0.5,124.3,-14.8,0.045,0.0,0.103
1629631,De'Andre Hunter,1610612737,ATL,2020-21,0.519,0.467,0.168,0.6,0.43,0.2,0.6,100.3,10.9,0.053,0.013,0.108
1629001,De'Anthony Melton,1610612763,MEM,2020-21,0.467,0.452,0.176,1.0,1.67,0.2,0.8,109.7,-5.7,0.07,0.037,0.141
202326,DeMarcus Cousins,1610612746,LAC,2020-21,0.55,0.5,0.366,0.7,1.0,0.3,0.4,125.4,-17.4,0.112,0.092,0.157
1629028,Deandre Ayton,1610612756,PHX,2020-21,0.674,0.658,0.159,1.1,0.89,0.8,1.1,107.8,5.0,0.14,0.089,0.225
203471,Dennis Schröder,1610612747,LAL,2020-21,0.528,0.457,0.201,2.8,1.7,1.0,0.2,107.7,-5.6,0.081,0.005,0.088
202324,Derrick Favors,1610612762,UTA,2020-21,0.686,0.696,0.099,0.3,0.5,0.2,0.9,126.0,-7.7,0.063,0.137,0.2
1627884,Derrick Jones Jr.,1610612757,POR,2020-21,0.4,0.4,0.192,0.0,0.0,0.5,0.0,118.2,22.7,0.0,0.0,0.0
201565,Derrick Rose,1610612752,NYK,2020-21,0.551,0.524,0.231,5.0,3.13,0.4,0.2,108.6,-10.3,0.137,0.019,0.087
1630217,Desmond Bane,1610612763,MEM,2020-21,0.737,0.737,0.091,2.0,3.33,0.8,0.4,126.5,-12.9,0.088,0.019,0.165
1626164,Devin Booker,1610612756,PHX,2020-21,0.558,0.494,0.312,4.5,1.23,0.8,0.2,107.7,6.2,0.116,0.018,0.115
203473,Dewayne Dedmon,1610612748,MIA,2020-21,0.619,0.583,0.191,0.8,0.5,0.0,0.5,126.8,-22.4,0.074,0.118,0.196
1628415,Dillon Brooks,1610612763,MEM,2020-21,0.595,0.557,0.285,2.2,1.22,1.4,0.4,122.9,-0.3,0.109,0.029,0.097
1628378,Donovan Mitchell,1610612762,UTA,2020-21,0.602,0.553,0.369,5.5,1.96,1.1,0.2,120.9,3.1,0.162,0.009,0.122
1628978,Donte DiVincenzo,1610612749,MIL,2020-21,0.25,0.25,0.123,2.7,1.33,1.0,0.3,91.9,6.1,0.063,0.024,0.218
1627827,Dorian Finney-Smith,1610612742,DAL,2020-21,0.544,0.531,0.128,2.1,1.25,1.1,0.3,115.8,5.6,0.053,0.064,0.116
1629130,Duncan Robinson,1610612748,MIA,2020-21,0.614,0.552,0.158,0.8,0.75,0.8,0.0,105.7,-16.2,0.066,0.0,0.104
2730,Dwight Howard,1610612755,PHI,2020-21,0.588,0.533,0.163,0.7,0.67,0.2,0.5,104.7,-8.8,0.125,0.147,0.287
203939,Dwight Powell,1610612742,DAL,2020-21,0.893,0.875,0.105,0.9,6.0,0.3,0.0,99.0,10.0,0.155,0.086,0.154
202734,E'Twaun Moore,1610612756,PHX,2020-21,0.472,0.472,0.188,1.3,3.0,0.1,0.0,95.9,0.2,0.123,0.0,0.175
203901,Elfrid Payton,1610612752,NYK,2020-21,0.085,0.0,0.207,0.5,0.0,0.5,0.0,96.4,-29.8,-0.103,0.0,0.0
1629091,Elijah Bryant,1610612749,MIL,2020-21,0.35,0.35,0.179,0.4,2.0,0.2,0.1,95.4,-19.4,0.113,0.032,0.213
202683,Enes Freedom,1610612757,POR,2020-21,0.563,0.5,0.094,0.0,0.0,0.0,0.4,143.1,-31.2,0.021,0.105,0.137
101141,Ersan Ilyasova,1610612762,UTA,2020-21,0.694,0.5,0.5,0.0,0.0,0.0,0.0,171.4,-38.1,0.154,0.0,0.0
203095,Evan Fournier,1610612738,BOS,2020-21,0.564,0.532,0.178,1.4,1.4,1.2,0.0,136.0,-14.4,0.054,0.028,0.099
1630267,Facundo Campazzo,1610612743,DEN,2020-21,0.565,0.52,0.15,4.1,2.73,1.4,0.4,118.5,-6.6,0.069,0.023,0.093
1626163,Frank Kaminsky,1610612756,PHX,2020-21,0.49,0.477,0.168,1.4,3.5,0.2,0.3,107.7,-9.1,0.106,0.029,0.188
1628373,Frank Ntilikina,1610612752,NYK,2020-21,0.0,0.0,0.143,0.0,0.0,0.0,0.0,44.4,38.9,-0.333,0.0,0.0
1627788,Furkan Korkmaz,1610612755,PHI,2020-21,0.531,0.507,0.176,0.6,1.4,0.6,0.3,100.2,8.3,0.084,0.021,0.089
1629216,Gabe Vincent,1610612748,MIA,2020-21,0.833,0.833,0.129,0.7,2.0,0.0,0.0,89.3,-10.0,0.136,0.0,0.053
1629726,Garrison Mathews,1610612764,WAS,2020-21,0.323,0.0,0.133,0.0,0.0,0.0,0.0,97.1,-11.8,-0.091,0.0,0.133
201588,George Hill,1610612755,PHI,2020-21,0.575,0.535,0.119,1.5,1.8,0.7,0.3,99.3,2.7,0.063,0.022,0.045
1627777,Georges Niang,1610612762,UTA,2020-21,0.429,0.397,0.158,0.7,1.0,0.0,0.1,112.8,-2.6,0.013,0.015,0.114
203507,Giannis Antetokounmpo,1610612749,MIL,2020-21,0.599,0.584,0.314,5.1,1.69,1.0,1.2,103.7,7.6,0.201,0.069,0.262
201609,Goran Dragic,1610612748,MIA,2020-21,0.54,0.509,0.238,2.8,1.83,1.0,0.5,108.6,-13.9,0.087,0.007,0.051
1629684,Grant Williams,1610612738,BOS,2020-21,0.638,0.583,0.101,0.8,4.0,0.2,0.8,115.1,4.2,0.074,0.053,0.121
1628960,Grayson Allen,1610612763,MEM,2020-21,0.478,0.485,0.121,0.2,1.0,0.4,0.2,129.8,-21.6,0.021,0.022,0.095
1628385,Harry Giles III,1610612757,POR,2020-21,0.0,0.0,0.4,0.0,0.0,0.0,0.0,71.4,28.6,-0.211,0.5,0.333
1630193,Immanuel Quickley,1610612752,NYK,2020-21,0.402,0.364,0.225,1.0,0.83,0.6,0.0,100.6,-0.6,0.02,0.0,0.092
1629067,Isaac Bonga,1610612764,WAS,2020-21,0.0,0.0,0.217,0.0,0.0,0.0,0.3,63.2,10.5,-0.643,0.0,0.0
1630198,Isaiah Joe,1610612755,PHI,2020-21,0.333,0.333,0.15,0.3,0.0,0.0,0.0,84.2,-25.4,-0.095,0.0,0.0
202397,Ish Smith,1610612764,WAS,2020-21,0.395,0.395,0.17,2.8,2.8,1.4,0.4,110.4,-4.6,0.067,0.008,0.125
1627826,Ivica Zubac,1610612746,LAC,2020-21,0.681,0.596,0.138,0.4,0.44,0.1,0.7,111.7,-2.3,0.109,0.132,0.188
1629630,Ja Morant,1610612763,MEM,2020-21,0.578,0.531,0.31,8.2,2.41,0.4,0.0,128.9,-11.3,0.131,0.033,0.091
203210,JaMychal Green,1610612743,DEN,2020-21,0.551,0.511,0.12,1.1,3.67,0.2,0.2,117.3,1.6,0.092,0.083,0.19
201580,JaVale McGee,1610612743,DEN,2020-21,0.316,0.3,0.163,0.8,3.0,0.3,1.3,102.6,17.4,0.063,0.073,0.214
203953,Jabari Parker,1610612738,BOS,2020-21,0.693,0.667,0.228,0.5,0.33,0.0,0.8,100.8,15.1,0.127,0.036,0.181
203109,Jae Crowder,1610612756,PHX,2020-21,0.594,0.56,0.133,1.9,2.16,0.9,0.8,107.2,7.8,0.082,0.015,0.16
1628973,Jalen Brunson,1610612742,DAL,2020-21,0.563,0.523,0.208,1.4,2.5,0.0,0.0,120.7,-25.2,0.11,0.047,0.117
1630188,Jalen Smith,1610612756,PHX,2020-21,0.625,0.625,0.114,0.2,1.0,0.0,0.0,100.0,-2.7,0.073,0.087,0.167
201935,James Harden,1610612751,BKN,2020-21,0.673,0.583,0.228,8.6,2.96,1.7,0.7,115.5,8.3,0.167,0.026,0.15
201162,Jared Dudley,1610612747,LAL,2020-21,0.0,0.0,0.0,0.0,0.0,0.0,0.0,80.0,-13.3,0.0,0.0,0.0
1628991,Jaren Jackson Jr.,1610612763,MEM,2020-21,0.557,0.5,0.198,1.0,1.25,1.0,1.2,126.4,-13.6,0.076,0.061,0.143
1629714,Jarrell Brantley,1610612762,UTA,2020-21,0.266,0.0,0.333,0.0,0.0,0.0,0.0,57.1,-44.6,-2.0,0.0,0.2
1630206,Jay Scrubb,1610612746,LAC,2020-21,0.0,0.0,0.0,0.0,0.0,0.0,0.0,76.5,-45.2,0.074,0.0,0.125
1628369,Jayson Tatum,1610612738,BOS,2020-21,0.577,0.486,0.325,4.6,1.77,1.2,1.6,133.2,-18.3,0.149,0.015,0.16
201145,Jeff Green,1610612751,BKN,2020-21,0.671,0.636,0.121,1.7,3.33,0.5,0.3,100.3,6.3,0.084,0.028,0.079
201952,Jeff Teague,1610612749,MIL,2020-21,0.446,0.371,0.153,0.8,2.17,0.2,0.0,119.6,-14.7,0.033,0.016,0.054
1628975,Jevon Carter,1610612756,PHX,2020-21,0.338,0.375,0.17,0.6,0.0,0.0,0.0,104.4,-19.3,0.059,0.0,0.083
202710,Jimmy Butler III,1610612748,MIA,2020-21,0.394,0.328,0.229,7.0,3.11,1.3,0.3,120.6,-25.8,0.086,0.032,0.148
203925,Joe Harris,1610612751,BKN,2020-21,0.537,0.533,0.138,1.6,2.11,0.3,0.2,111.1,5.2,0.046,0.012,0.082
204060,Joe Ingles,1610612762,UTA,2020-21,0.661,0.646,0.131,3.5,4.22,0.6,0.0,116.5,-2.7,0.098,0.003,0.105
203954,Joel Embiid,1610612755,PHI,2020-21,0.631,0.553,0.351,3.4,0.88,1.0,1.5,105.8,16.6,0.186,0.05,0.267
1628381,John Collins,1610612737,ATL,2020-21,0.632,0.604,0.165,0.9,0.7,0.4,0.6,110.4,1.7,0.11,0.063,0.204
1629723,John Konchar,1610612763,MEM,2020-21,0.0,0.0,0.143,0.0,0.0,0.0,1.0,0.0,66.7,0.333,0.0,0.25
202685,Jonas Valančiūnas,1610612763,MEM,2020-21,0.61,0.586,0.183,2.6,1.3,0.6,0.6,126.5,-8.1,0.101,0.115,0.188
203903,Jordan Clarkson,1610612762,UTA,2020-21,0.547,0.509,0.285,1.5,0.74,0.6,0.3,120.8,-7.6,0.094,0.02,0.091
1629670,Jordan Nwora,1610612749,MIL,2020-21,0.356,0.278,0.272,0.2,1.0,0.0,0.2,83.3,0.2,0.056,0.111,0.133
1630182,Josh Green,1610612742,DAL,2020-21,0.0,0.0,0.0,0.0,0.0,0.0,0.0,125.0,-25.0,0.0,0.0,0.0
1626196,Josh Richardson,1610612742,DAL,2020-21,0.532,0.446,0.186,0.7,0.83,0.3,0.0,123.8,-30.0,0.062,0.028,0.09
201950,Jrue Holiday,1610612749,MIL,2020-21,0.482,0.461,0.217,8.7,3.55,1.7,0.4,105.7,8.1,0.114,0.033,0.109
203944,Julius Randle,1610612752,NYK,2020-21,0.425,0.356,0.311,4.0,0.87,0.6,0.0,112.6,-12.1,0.087,0.054,0.254
1628382,Justin Jackson,1610612749,MIL,2020-21,0.6,0.6,0.15,0.2,1.0,0.2,0.0,85.3,-22.4,0.206,0.067,0.059
1626159,Justise Winslow,1610612763,MEM,2020-21,0.0,0.0,0.0,1.0,0.0,0.0,0.0,0.0,66.7,1.333,0.0,0.25
203994,Jusuf Nurkić,1610612757,POR,2020-21,0.598,0.555,0.204,2.7,1.14,0.5,1.2,113.8,12.9,0.103,0.112,0.246
1629752,Juwan Morgan,1610612762,UTA,2020-21,0.0,0.0,0.0,0.5,0.0,0.0,0.0,133.3,-60.6,0.068,0.167,0.167
1629644,KZ Okpala,1610612748,MIA,2020-21,0.0,0.0,0.083,0.0,0.0,0.0,0.0,100.0,0.0,-0.043,0.0,0.0
202695,Kawhi Leonard,1610612746,LAC,2020-21,0.679,0.629,0.286,4.4,2.0,2.1,0.8,116.5,3.3,0.191,0.057,0.147
1629833,Keljin Blevins,1610612757,POR,2020-21,0.5,0.5,0.182,0.0,0.0,0.0,0.0,122.2,-22.2,0.0,0.0,0.0
202689,Kemba Walker,1610612760,OKC,2020-21,0.419,0.354,0.245,4.0,1.5,0.3,0.0,135.3,-28.9,0.042,0.0,0.15
1629134,Kendrick Nunn,1610612748,MIA,2020-21,0.467,0.453,0.217,1.5,2.0,0.5,0.0,114.9,-21.3,0.056,0.0,0.057
203484,Kentavious Caldwell-Pope,1610612747,LAL,2020-21,0.497,0.448,0.1,1.0,2.5,1.0,0.0,113.7,-3.9,0.034,0.014,0.087
201142,Kevin Durant,1610612751,BKN,2020-21,0.63,0.573,0.345,4.4,1.26,1.5,1.6,111.3,3.8,0.197,0.011,0.199
1628989,Kevin Huerter,1610612737,ATL,2020-21,0.531,0.519,0.158,2.8,2.68,0.8,0.9,110.8,-4.1,0.076,0.019,0.097
1628995,Kevin Knox II,1610612752,NYK,2020-21,1.136,0.0,0.111,1.0,0.0,0.0,1.0,25.0,97.2,1.125,0.0,0.2
203114,Khris Middleton,1610612749,MIL,2020-21,0.548,0.504,0.26,5.1,1.59,1.5,0.2,106.1,6.1,0.127,0.026,0.161
1627739,Kris Dunn,1610612737,ATL,2020-21,0.444,0.2,0.134,1.0,1.25,0.4,0.4,91.3,7.3,0.061,0.0,0.114
204001,Kristaps Porziņģis,1610612742,DAL,2020-21,0.572,0.528,0.157,1.3,3.0,1.3,0.7,121.0,-2.8,0.085,0.03,0.155
203937,Kyle Anderson,1610612763,MEM,2020-21,0.48,0.464,0.137,3.2,4.0,2.8,0.0,121.0,-5.9,0.094,0.026,0.157
1628398,Kyle Kuzma,1610612747,LAL,2020-21,0.366,0.333,0.188,1.2,1.17,0.3,0.2,103.7,-5.2,0.039,0.027,0.15
202681,Kyrie Irving,1610612751,BKN,2020-21,0.582,0.546,0.25,3.4,2.82,1.0,0.6,107.3,15.9,0.128,0.038,0.107
1629013,Landry Shamet,1610612751,BKN,2020-21,0.579,0.561,0.107,0.6,1.17,0.4,0.1,109.1,2.8,0.042,0.015,0.083
204038,Langston Galloway,1610612756,PHX,2020-21,0.134,0.143,0.184,0.5,0.0,0.0,0.5,109.1,-15.2,-0.041,0.0,0.111
2544,LeBron James,1610612747,LAL,2020-21,0.564,0.553,0.289,8.0,1.92,1.5,0.3,106.8,2.3,0.173,0.032,0.164
101150,Lou Williams,1610612737,ATL,2020-21,0.57,0.514,0.228,2.2,1.77,0.7,0.1,108.6,-3.5,0.115,0.007,0.08
1629029,Luka Dončić,1610612742,DAL,2020-21,0.572,0.569,0.391,10.3,2.25,1.3,0.4,117.9,0.4,0.186,0.014,0.209
1628379,Luke Kennard,1610612746,LAC,2020-21,0.638,0.638,0.137,0.5,2.33,0.1,0.0,109.0,3.4,0.064,0.022,0.041
1628436,Luke Kornet,1610612738,BOS,2020-21,0.798,1.0,0.143,0.0,0.0,0.0,0.0,78.6,7.1,0.25,0.0,0.429
1629603,Mamadi Diakite,1610612749,MIL,2020-21,0.322,0.25,0.132,0.0,0.0,0.4,0.1,80.5,-3.6,0.011,0.021,0.176
201188,Marc Gasol,1610612747,LAL,2020-21,0.881,0.885,0.096,3.0,3.75,0.8,0.8,115.7,-19.1,0.114,0.042,0.205
202694,Marcus Morris Sr.,1610612746,LAC,2020-21,0.542,0.52,0.169,1.5,4.0,0.5,0.5,114.3,-0.9,0.074,0.023,0.112
203935,Marcus Smart,1610612738,BOS,2020-21,0.591,0.561,0.202,6.0,2.14,1.0,0.2,131.3,-13.2,0.09,0.02,0.112
202693,Markieff Morris,1610612747,LAL,2020-21,0.387,0.278,0.154,0.8,1.5,0.0,0.3,120.8,-31.6,-0.024,0.085,0.0
1630210,Markus Howard,1610612743,DEN,2020-21,0.554,0.554,0.148,0.4,0.0,0.0,0.1,126.9,0.5,0.04,0.009,0.053
1629680,Matisse Thybulle,1610612755,PHI,2020-21,0.581,0.587,0.106,0.3,1.5,1.3,0.9,106.8,-5.6,0.055,0.016,0.053
1629744,Matt Thomas,1610612762,UTA,2020-21,0.0,0.0,0.133,0.0,0.0,0.0,0.0,114.3,-50.0,-0.1,0.0,0.143
1629622,Max Strus,1610612748,MIA,2020-21,0.0,0.0,0.083,0.0,0.0,0.0,0.0,100.0,0.0,-0.043,0.0,0.0
1628467,Maxi Kleber,1610612742,DAL,2020-21,0.559,0.533,0.083,1.4,10.0,0.4,0.0,119.1,-7.4,0.046,0.025,0.125
1629008,Michael Porter Jr.,1610612743,DEN,2020-21,0.603,0.581,0.207,1.3,0.81,1.1,0.3,123.2,-6.2,0.091,0.034,0.171
1628969,Mikal Bridges,1610612756,PHX,2020-21,0.603,0.576,0.139,1.6,2.25,1.0,0.7,107.6,4.7,0.085,0.031,0.099
201144,Mike Conley,1610612762,UTA,2020-21,0.613,0.559,0.213,7.7,3.29,0.2,0.5,119.0,9.9,0.114,0.018,0.103
1628455,Mike James,1610612751,BKN,2020-21,0.384,0.384,0.196,1.3,4.0,0.2,0.0,87.9,8.9,0.072,0.017,0.123
203118,Mike Scott,1610612755,PHI,2020-21,0.333,0.333,0.11,0.6,0.0,0.2,0.2,87.8,16.4,0.029,0.026,0.048
1629671,Miye Oni,1610612762,UTA,2020-21,0.0,0.0,0.05,0.0,0.0,0.1,0.0,105.5,-12.4,-0.083,0.065,0.0
1628420,Monte Morris,1610612743,DEN,2020-21,0.532,0.5,0.201,5.5,7.86,1.0,0.2,122.9,-5.5,0.103,0.023,0.063
1626149,Montrezl Harrell,1610612747,LAL,2020-21,0.64,0.571,0.209,0.0,0.0,0.5,0.0,100.0,-15.9,0.169,0.102,0.122
1629642,Nassir Little,1610612757,POR,2020-21,0.434,0.375,0.292,0.0,0.0,0.0,0.3,90.0,-0.5,0.017,0.0,0.091
1630233,Nathan Knight,1610612737,ATL,2020-21,0.254,0.286,0.216,0.0,0.0,0.0,0.3,86.7,-25.4,0.074,0.0,0.375
202357,Nemanja Bjelica,1610612748,MIA,2020-21,0.66,0.636,0.206,1.0,0.0,1.0,0.5,131.7,-31.7,0.111,0.034,0.138
203457,Nerlens Noel,1610612752,NYK,2020-21,0.675,0.5,0.093,0.2,0.25,0.8,0.6,112.1,-17.9,0.055,0.097,0.112
1629651,Nic Claxton,1610612751,BKN,2020-21,0.495,0.483,0.118,0.6,1.75,0.3,1.0,107.5,7.6,0.068,0.109,0.138
201587,Nicolas Batum,1610612746,LAC,2020-21,0.642,0.615,0.103,2.1,6.5,1.3,0.5,112.1,13.0,0.099,0.039,0.149
1629740,Nicolo Melli,1610612742,DAL,2020-21,0.0,0.0,0.083,0.0,0.0,0.3,0.0,145.7,-53.8,-0.014,0.083,0.308
203999,Nikola Jokić,1610612743,DEN,2020-21,0.591,0.553,0.34,5.0,2.08,0.6,0.9,123.5,-9.1,0.191,0.1,0.256
1626181,Norman Powell,1610612757,POR,2020-21,0.608,0.566,0.189,2.0,1.71,0.8,1.0,120.1,3.0,0.074,0.014,0.043
1630167,Obi Toppin,1610612752,NYK,2020-21,0.624,0.587,0.201,0.4,0.67,0.0,0.2,104.7,3.1,0.102,0.06,0.15
1630168,Onyeka Okongwu,1610612737,ATL,2020-21,0.596,0.548,0.11,0.1,0.5,0.3,0.7,104.8,-6.8,0.084,0.111,0.14
200782,P.J. Tucker,1610612749,MIL,2020-21,0.491,0.485,0.069,1.1,2.5,1.0,0.1,105.4,8.6,0.031,0.068,0.091
1626192,Pat Connaughton,1610612749,MIL,2020-21,0.633,0.618,0.104,0.9,1.67,0.4,0.3,108.3,3.8,0.075,0.049,0.133
201976,Patrick Beverley,1610612746,LAC,2020-21,0.56,0.522,0.107,1.4,6.0,0.7,0.7,110.8,0.6,0.066,0.034,0.098
202331,Paul George,1610612746,LAC,2020-21,0.578,0.509,0.299,5.4,1.52,1.0,0.5,114.7,5.6,0.146,0.024,0.212
200794,Paul Millsap,1610612743,DEN,2020-21,0.52,0.5,0.251,1.7,1.88,0.3,0.7,123.2,-5.4,0.115,0.077,0.257
1630194,Paul Reed,1610612755,PHI,2020-21,0.5,0.5,0.167,0.0,0.0,0.0,0.3,85.7,0.0,0.457,0.273,0.417
1630202,Payton Pritchard,1610612738,BOS,2020-21,0.475,0.441,0.129,2.4,4.0,0.4,0.0,126.1,-10.6,0.073,0.027,0.119
1630173,Precious Achiuwa,1610612748,MIA,2020-21,0.608,0.75,0.385,0.0,0.0,0.0,0.7,76.0,3.2,0.152,0.0,0.333
1629628,RJ Barrett,1610612752,NYK,2020-21,0.489,0.448,0.204,3.0,7.5,0.8,0.4,113.0,-10.2,0.115,0.022,0.208
200765,Rajon Rondo,1610612746,LAC,2020-21,0.472,0.443,0.15,3.8,3.57,0.4,0.2,117.9,-6.4,0.087,0.019,0.142
203526,Raul Neto,1610612764,WAS,2020-21,0.442,0.412,0.134,1.0,5.0,0.4,0.0,114.9,-10.4,0.029,0.024,0.07
1629730,Rayjon Tucker,1610612755,PHI,2020-21,0.568,0.0,0.333,0.0,0.0,0.0,0.0,100.0,-66.7,0.0,0.0,0.0
203493,Reggie Bullock Jr.,1610612752,NYK,2020-21,0.534,0.513,0.124,1.2,1.5,0.6,0.2,109.3,-10.0,0.05,0.028,0.071
202704,Reggie Jackson,1610612746,LAC,2020-21,0.626,0.599,0.222,3.4,2.32,0.9,0.2,114.6,8.9,0.103,0.013,0.084
1629617,Reggie Perry,1610612751,BKN,2020-21,0.615,0.615,0.25,0.2,0.33,0.2,0.0,82.0,16.0,0.122,0.138,0.087
203496,Robert Covington,1610612757,POR,2020-21,0.693,0.653,0.097,1.2,0.88,1.5,1.0,118.6,7.2,0.072,0.044,0.158
1629057,Robert Williams III,1610612738,BOS,2020-21,0.638,0.643,0.15,0.7,2.0,0.3,3.0,106.5,12.5,0.137,0.182,0.123
201577,Robin Lopez,1610612764,WAS,2020-21,0.691,0.72,0.155,0.0,0.0,0.0,0.8,116.9,-18.1,0.095,0.053,0.071
1629641,Romeo Langford,1610612738,BOS,2020-21,0.533,0.5,0.134,1.3,5.0,0.8,0.5,117.2,0.2,0.066,0.042,0.048
1626178,Rondae Hollis-Jefferson,1610612757,POR,2020-21,0.791,0.8,0.079,0.0,0.0,0.2,0.2,114.1,-21.7,0.097,0.081,0.143
1626220,Royce O'Neale,1610612762,UTA,2020-21,0.687,0.671,0.107,2.1,2.88,1.1,0.3,123.6,-0.9,0.08,0.043,0.171
203497,Rudy Gobert,1610612762,UTA,2020-21,0.736,0.741,0.148,0.8,0.53,0.5,2.1,117.1,2.9,0.127,0.119,0.243
1629060,Rui Hachimura,1610612764,WAS,2020-21,0.708,0.713,0.135,1.0,1.0,0.4,0.2,123.2,-15.2,0.091,0.027,0.174
201566,Russell Westbrook,1610612764,WAS,2020-21,0.462,0.363,0.276,11.8,2.81,0.4,0.2,122.7,-14.8,0.121,0.07,0.199
1630241,Sam Merrill,1610612749,MIL,2020-21,0.357,0.357,0.104,0.1,1.0,0.5,0.0,87.9,-13.3,0.077,0.024,0.143
1628400,Semi Ojeleye,1610612738,BOS,2020-21,0.102,0.0,0.179,0.0,0.0,0.5,0.5,100.0,-19.2,-0.061,0.0,0.0
201586,Serge Ibaka,1610612746,LAC,2020-21,0.644,0.5,0.243,1.0,2.0,0.5,1.5,105.7,44.3,0.151,0.111,0.136
203552,Seth Curry,1610612755,PHI,2020-21,0.727,0.718,0.182,2.3,2.8,0.8,0.3,110.2,12.8,0.108,0.011,0.064
1629003,Shake Milton,1610612755,PHI,2020-21,0.485,0.404,0.22,0.8,0.82,0.3,0.1,101.6,-7.0,0.032,0.0,0.062
1627885,Shaquille Harrison,1610612743,DEN,2020-21,0.846,0.875,0.098,0.3,0.6,0.3,0.3,105.4,6.1,0.091,0.0,0.16
1630219,Skylar Mays,1610612737,ATL,2020-21,0.8,0.8,0.133,0.1,1.0,0.3,0.0,81.1,-6.1,0.286,0.0,0.105
203524,Solomon Hill,1610612737,ATL,2020-21,0.33,0.313,0.077,0.2,3.0,0.1,0.1,110.3,-17.5,0.002,0.018,0.104
1628388,T.J. Leaf,1610612757,POR,2020-21,0.75,0.75,0.19,0.0,0.0,0.0,0.0,100.0,0.0,0.246,0.2,0.125
1629605,Tacko Fall,1610612738,BOS,2020-21,0.0,0.0,0.0,0.0,0.0,0.0,0.0,0.0,50.0,1.0,0.0,0.5
201959,Taj Gibson,1610612752,NYK,2020-21,0.612,0.6,0.07,0.8,1.33,1.6,1.0,105.5,-3.3,0.087,0.099,0.135
1629659,Talen Horton-Tucker,1610612747,LAL,2020-21,0.496,0.479,0.264,0.5,0.67,0.3,0.0,107.2,-14.4,0.132,0.036,0.24
1629611,Terance Mann,1610612746,LAC,2020-21,0.619,0.596,0.143,0.7,3.5,0.5,0.3,107.7,15.3,0.073,0.051,0.087
203648,Thanasis Antetokounmpo,1610612749,MIL,2020-21,0.467,0.286,0.116,0.2,1.0,0.4,0.2,89.7,-7.5,0.042,0.058,0.127
203501,Tim Hardaway Jr.,1610612742,DAL,2020-21,0.551,0.53,0.192,1.4,1.67,0.4,0.0,117.2,-0.4,0.064,0.018,0.076
1627789,Timothe Luwawu-Cabarrot,1610612751,BKN,2020-21,0.4,0.4,0.159,0.3,2.0,0.0,0.0,74.5,20.1,0.053,0.0,0.125
202699,Tobias Harris,1610612755,PHI,2020-21,0.561,0.526,0.242,3.5,2.33,1.0,0.4,110.3,6.4,0.142,0.023,0.202
203503,Tony Snell,1610612737,ATL,2020-21,0.156,0.156,0.133,0.2,0.5,0.2,0.1,114.6,-25.2,-0.036,0.0,0.076
1628470,Torrey Craig,1610612756,PHX,2020-21,0.539,0.527,0.144,0.4,0.9,0.0,0.4,105.4,5.1,0.061,0.074,0.145
1629027,Trae Young,1610612737,ATL,2020-21,0.551,0.481,0.342,9.5,2.38,1.3,0.0,111.7,-0.7,0.146,0.011,0.06
1629682,Tremont Waters,1610612738,BOS,2020-21,0.376,0.25,0.467,0.7,1.0,0.3,0.0,68.8,11.3,0.048,0.0,0.0
1630235,Trent Forrest,1610612762,UTA,2020-21,0.5,0.5,0.16,0.0,0.0,0.0,0.0,121.1,-68.7,0.078,0.0,0.0
2772,Trevor Ariza,1610612748,MIA,2020-21,0.413,0.413,0.116,0.5,0.67,0.8,0.3,107.7,-22.3,0.05,0.017,0.196
203504,Trey Burke,1610612742,DAL,2020-21,0.063,0.0,0.195,0.5,0.0,0.0,0.0,132.4,-52.9,-0.107,0.045,0.0
202684,Tristan Thompson,1610612738,BOS,2020-21,0.627,0.588,0.145,1.0,1.0,0.8,1.2,140.8,-32.4,0.11,0.186,0.206
1630234,Ty-Shon Alexander,1610612756,PHX,2020-21,1.0,1.0,0.333,0.0,0.0,0.0,0.0,75.0,-8.3,0.308,0.0,0.0
1629639,Tyler Herro,1610612748,MIA,2020-21,0.45,0.395,0.196,1.8,2.33,0.3,0.3,118.2,-18.2,0.071,0.01,0.122
204020,Tyler Johnson,1610612751,BKN,2020-21,0.475,0.441,0.108,0.6,5.0,0.3,0.0,106.9,-0.7,0.03,0.027,0.056
1630178,Tyrese Maxey,1610612755,PHI,2020-21,0.502,0.47,0.212,1.3,3.2,0.3,0.5,100.6,2.4,0.105,0.006,0.118
1626145,Tyus Jones,1610612763,MEM,2020-21,0.419,0.382,0.161,1.2,0.0,0.2,0.0,94.9,17.2,0.092,0.018,0.113
1628962,Udoka Azubuike,1610612762,UTA,2020-21,0.0,0.0,0.0,0.0,0.0,0.0,0.0,0.0,33.3,-0.5,0.0,1.0
1628427,Vlatko Čančar,1610612743,DEN,2020-21,1.058,1.167,0.125,0.2,1.0,0.2,0.2,93.2,25.4,0.169,0.0,0.115
202083,Wesley Matthews,1610612747,LAL,2020-21,0.463,0.409,0.133,0.3,0.0,0.3,0.0,114.1,-15.4,0.022,0.038,0.05
203115,Will Barton,1610612743,DEN,2020-21,0.547,0.523,0.245,2.7,2.0,0.7,0.3,114.9,0.7,0.11,0.011,0.16
1626161,Willie Cauley-Stein,1610612742,DAL,2020-21,0.727,0.667,0.091,0.5,1.0,0.3,0.7,112.4,-18.0,0.098,0.043,0.22
1630214,Xavier Tillman,1610612763,MEM,2020-21,0.2,0.2,0.136,0.3,1.0,0.3,0.0,120.0,-37.1,-0.008,0.043,0.105
1627812,Yogi Ferrell,1610612746,LAC,2020-21,0.4,0.4,0.156,0.3,0.0,0.0,0.0,90.0,-3.8,0.163,0.0,0.273
1630192,Zeke Nnaji,1610612743,DEN,2020-21,0.676,0.688,0.209,0.4,0.0,0.2,0.0,89.7,26.0,0.142,0.053,0.043
203932,Aaron Gordon,1610612743,DEN,2021-22,0.52,0.454,0.193,2.6,1.63,0.4,1.2,120.7,-7.1,0.078,0.111,0.121
1628988,Aaron Holiday,1610612756,PHX,2021-22,0.727,0.75,0.25,1.5,0.0,0.5,0.2,84.4,70.1,0.265,0.136,0.0
1630174,Aaron Nesmith,1610612738,BOS,2021-22,0.32,0.265,0.169,0.2,3.0,0.1,0.3,89.3,1.4,0.064,0.074,0.177
201143,Al Horford,1610612738,BOS,2021-22,0.663,0.645,0.127,3.3,2.62,0.8,1.3,105.1,5.9,0.131,0.043,0.209
1627936,Alex Caruso,1610612741,CHI,2021-22,0.543,0.543,0.094,4.3,17.0,1.3,1.0,103.8,-6.3,0.074,0.016,0.078
203083,Andre Drummond,1610612751,BKN,2021-22,0.568,0.545,0.136,0.8,0.5,1.3,0.8,120.0,-20.8,0.046,0.059,0.188
2738,Andre Iguodala,1610612744,GSW,2021-22,0.533,0.5,0.103,1.7,3.0,0.0,0.3,120.5,-9.7,0.035,0.048,0.085
203952,Andrew Wiggins,1610612744,GSW,2021-22,0.544,0.526,0.204,1.8,1.33,1.0,1.0,107.4,9.3,0.098,0.071,0.135
1630162,Anthony Edwards,1610612750,MIN,2021-22,0.604,0.559,0.264,3.0,1.2,1.2,1.2,111.3,-4.1,0.116,0.018,0.081
1629717,Armoni Brooks,1610612761,TOR,2021-22,0.0,0.0,0.174,0.0,0.0,0.0,0.0,121.1,-47.4,-0.078,0.0,0.222
203085,Austin Rivers,1610612743,DEN,2021-22,0.569,0.556,0.087,1.2,1.5,1.4,0.2,117.7,-3.5,0.02,0.0,0.03
1630245,Ayo Dosunmu,1610612741,CHI,2021-22,0.378,0.365,0.145,2.2,3.67,0.2,0.0,103.8,-14.7,0.054,0.041,0.103
1628389,Bam Adebayo,1610612748,MIA,2021-22,0.638,0.594,0.177,2.7,1.26,1.0,0.7,104.3,6.7,0.132,0.059,0.184
202687,Bismack Biyombo,1610612756,PHX,2021-22,0.636,0.647,0.126,0.6,0.83,0.1,0.2,102.3,7.4,0.064,0.093,0.126
201933,Blake Griffin,1610612751,BKN,2021-22,0.508,0.429,0.155,2.0,4.0,0.5,0.5,114.3,12.2,0.072,0.077,0.087
1626246,Boban Marjanovic,1610612742,DAL,2021-22,0.41,0.25,0.438,0.0,0.0,0.3,0.0,120.0,-66.7,0.122,0.0,0.273
1626171,Bobby Portis,1610612749,MIL,2021-22,0.509,0.478,0.195,0.8,0.56,0.4,0.3,97.1,2.4,0.129,0.074,0.295
203992,Bogdan Bogdanović,1610612737,ATL,2021-22,0.534,0.5,0.243,3.0,3.0,0.3,0.3,115.2,-5.7,0.109,0.039,0.14
202711,Bojan Bogdanovic,1610612762,UTA,2021-22,0.59,0.549,0.227,1.7,0.83,0.3,0.0,116.8,-10.2,0.079,0.014,0.112
1630538,Bones Hyland,1610612743,DEN,2021-22,0.546,0.472,0.238,3.2,2.67,0.2,0.0,113.4,-1.0,0.094,0.012,0.114
1629634,Brandon Clarke,1610612763,MEM,2021-22,0.645,0.615,0.168,2.0,2.0,0.8,0.8,104.0,2.4,0.145,0.105,0.155
1627742,Brandon Ingram,1610612740,NOP,2021-22,0.584,0.521,0.282,6.2,1.61,0.7,0.3,117.9,0.1,0.138,0.017,0.16
201572,Brook Lopez,1610612749,MIL,2021-22,0.566,0.52,0.156,0.7,0.73,0.5,1.5,102.4,-4.2,0.091,0.075,0.121
1628971,Bruce Brown,1610612751,BKN,2021-22,0.676,0.649,0.166,2.8,1.22,1.3,0.8,116.5,-7.8,0.092,0.05,0.099
1627854,Bryn Forbes,1610612743,DEN,2021-22,0.581,0.533,0.109,1.4,3.5,0.2,0.0,116.5,2.7,0.037,0.015,0.034
203468,CJ McCollum,1610612740,NOP,2021-22,0.487,0.46,0.275,4.8,1.93,0.7,0.8,116.0,-2.2,0.094,0.044,0.149
1628997,Caleb Martin,1610612748,MIA,2021-22,0.46,0.463,0.189,0.3,0.5,0.6,0.1,108.0,-7.2,0.06,0.055,0.118
1630560,Cam Thomas,1610612751,BKN,2021-22,0.0,0.0,0.0,0.0,0.0,0.0,0.0,0.0,200.0,0.0,0.0,0.0
1629661,Cameron Johnson,1610612756,PHX,2021-22,0.619,0.576,0.174,1.5,1.67,0.4,0.1,113.5,-2.2,0.084,0.031,0.117
1626166,Cameron Payne,1610612756,PHX,2021-22,0.352,0.331,0.222,2.1,2.08,0.5,0.1,107.1,-2.5,0.028,0.011,0.101
1629646,Charles Bassey,1610612755,PHI,2021-22,0.41,0.5,0.063,0.3,0.0,0.0,0.3,107.4,-11.3,0.098,0.063,0.308
1628449,Chris Boucher,1610612761,TOR,2021-22,0.722,0.69,0.163,0.2,0.5,0.2,1.2,112.7,-0.2,0.146,0.086,0.23
101108,Chris Paul,1610612756,PHX,2021-22,0.666,0.623,0.213,8.3,3.48,1.5,0.2,113.9,2.0,0.156,0.019,0.106
203991,Clint Capela,1610612737,ATL,2021-22,0.333,0.333,0.081,0.0,0.0,0.5,0.5,120.5,-34.6,0.089,0.105,0.244
1629632,Coby White,1610612741,CHI,2021-22,0.445,0.422,0.232,1.8,1.5,0.2,0.0,105.2,-22.7,0.081,0.0,0.168
1626156,D'Angelo Russell,1610612750,MIN,2021-22,0.455,0.417,0.203,6.7,2.35,1.5,0.0,109.4,-1.7,0.069,0.0,0.07
1630625,Dalano Banton,1610612761,TOR,2021-22,0.754,1.0,0.217,0.3,1.0,0.3,0.0,125.0,-51.3,0.235,0.154,0.0
1627814,Damion Lee,1610612744,GSW,2021-22,0.453,0.441,0.138,0.4,1.17,0.1,0.0,109.4,-13.8,0.054,0.041,0.165
1628464,Daniel Theis,1610612738,BOS,2021-22,0.633,0.618,0.143,0.7,1.0,0.3,0.5,110.8,-8.4,0.096,0.067,0.186
201568,Danilo Gallinari,1610612737,ATL,2021-22,0.512,0.444,0.217,0.8,0.8,0.2,0.0,117.4,-16.9,0.097,0.017,0.181
201980,Danny Green,1610612755,PHI,2021-22,0.576,0.579,0.15,0.8,0.77,1.0,0.3,106.2,4.5,0.061,0.033,0.089
1627863,Danuel House Jr.,1610612762,UTA,2021-22,0.509,0.455,0.127,0.7,0.67,0.0,0.2,107.8,2.5,0.047,0.02,0.122
202722,Davis Bertans,1610612742,DAL,2021-22,0.606,0.573,0.142,0.3,2.0,0.4,0.1,106.1,4.1,0.071,0.021,0.133
1630549,Day'Ron Sharpe,1610612751,BKN,2021-22,0.0,0.0,0.0,0.0,0.0,0.0,0.0,0.0,200.0,0.0,0.0,0.0
1629631,De'Andre Hunter,1610612737,ATL,2021-22,0.673,0.643,0.238,0.6,0.27,0.8,0.2,116.7,-21.4,0.111,0.012,0.097
1629001,De'Anthony Melton,1610612763,MEM,2021-22,0.419,0.408,0.184,1.6,1.14,1.0,0.5,99.2,1.9,0.065,0.045,0.129
201599,DeAndre Jordan,1610612755,PHI,2021-22,1.0,1.0,0.111,0.3,0.5,0.0,0.7,149.2,-54.2,0.094,0.043,0.231
201942,DeMar DeRozan,1610612741,CHI,2021-22,0.481,0.411,0.255,4.8,2.18,1.8,0.4,112.8,-14.9,0.099,0.004,0.13
202326,DeMarcus Cousins,1610612743,DEN,2021-22,0.744,0.724,0.326,1.2,0.86,0.6,0.2,114.9,5.8,0.226,0.063,0.286
1629028,Deandre Ayton,1610612756,PHX,2021-22,0.653,0.646,0.233,1.7,1.16,0.4,0.8,116.9,0.0,0.153,0.098,0.213
1626153,Delon Wright,1610612737,ATL,2021-22,0.622,0.603,0.125,2.8,2.8,0.8,0.2,107.0,7.9,0.119,0.091,0.088
1627884,Derrick Jones Jr.,1610612741,CHI,2021-22,0.519,0.5,0.151,0.4,0.67,0.2,0.0,104.8,-19.8,0.028,0.043,0.068
1628401,Derrick White,1610612738,BOS,2021-22,0.494,0.438,0.171,2.7,2.1,0.9,0.6,104.6,1.5,0.074,0.014,0.099
1630217,Desmond Bane,1610612763,MEM,2021-22,0.645,0.613,0.176,2.2,1.63,0.9,0.8,102.6,12.3,0.11,0.01,0.088
1626164,Devin Booker,1610612756,PHX,2021-22,0.587,0.531,0.286,4.4,1.38,0.5,0.4,115.6,-2.4,0.122,0.031,0.102
1628984,Devonte' Graham,1610612740,NOP,2021-22,0.558,0.472,0.188,0.7,1.0,0.2,0.2,122.1,-3.2,0.077,0.038,0.135
203473,Dewayne Dedmon,1610612748,MIA,2021-22,0.527,0.478,0.175,0.4,0.71,0.1,0.2,112.7,-1.2,0.051,0.105,0.214
1628415,Dillon Brooks,1610612763,MEM,2021-22,0.44,0.422,0.246,2.7,1.36,1.0,0.3,103.2,6.3,0.04,0.021,0.061
1628378,Donovan Mitchell,1610612762,UTA,2021-22,0.505,0.436,0.337,5.7,2.13,0.7,0.5,115.3,-8.1,0.123,0.026,0.093
1627827,Dorian Finney-Smith,1610612742,DAL,2021-22,0.63,0.618,0.128,1.9,1.94,0.9,0.4,113.2,4.3,0.071,0.049,0.104
203110,Draymond Green,1610612744,GSW,2021-22,0.534,0.507,0.136,6.3,2.34,1.1,1.0,107.2,7.4,0.091,0.038,0.174
1629130,Duncan Robinson,1610612748,MIA,2021-22,0.612,0.596,0.171,0.4,1.67,0.3,0.1,109.6,0.9,0.077,0.012,0.129
203939,Dwight Powell,1610612742,DAL,2021-22,0.643,0.629,0.101,0.2,0.44,0.2,0.3,106.8,4.6,0.041,0.075,0.115
203901,Elfrid Payton,1610612756,PHX,2021-22,0.667,0.667,0.115,1.5,0.0,0.0,0.0,90.0,78.4,0.118,0.0,0.0
1629672,Eric Paschall,1610612762,UTA,2021-22,0.621,0.583,0.111,0.0,0.0,0.3,0.0,95.9,13.9,0.083,0.042,0.16
1630267,Facundo Campazzo,1610612743,DEN,2021-22,0.0,0.0,0.148,0.5,1.0,0.0,0.0,127.6,-27.6,-0.033,0.0,0.333
1628373,Frank Ntilikina,1610612742,DAL,2021-22,0.471,0.458,0.108,0.8,1.5,0.7,0.1,103.4,-4.2,0.024,0.015,0.079
1627832,Fred VanVleet,1610612761,TOR,2021-22,0.486,0.463,0.2,6.3,6.25,1.8,1.0,126.5,-16.0,0.092,0.014,0.085
1627788,Furkan Korkmaz,1610612755,PHI,2021-22,0.586,0.565,0.167,0.4,2.0,0.1,0.1,110.9,-5.6,0.106,0.015,0.162
1629216,Gabe Vincent,1610612748,MIA,2021-22,0.515,0.477,0.165,3.2,2.28,0.8,0.3,102.4,9.3,0.07,0.007,0.075
202066,Garrett Temple,1610612740,NOP,2021-22,0.0,0.0,0.0,0.0,0.0,0.0,0.0,150.0,-33.3,0.063,0.0,0.333
1627780,Gary Payton II,1610612744,GSW,2021-22,0.751,0.75,0.122,1.3,2.67,1.2,0.6,100.0,11.5,0.123,0.067,0.111
1629018,Gary Trent Jr.,1610612761,TOR,2021-22,0.509,0.457,0.209,1.3,2.67,1.0,0.5,121.7,-13.7,0.066,0.005,0.053
201588,George Hill,1610612749,MIL,2021-22,0.425,0.3,0.039,0.6,3.0,0.0,0.0,113.2,-19.5,-0.006,0.013,0.062
1627777,Georges Niang,1610612755,PHI,2021-22,0.593,0.583,0.128,0.9,1.57,0.3,0.0,107.9,4.9,0.033,0.024,0.067
203507,Giannis Antetokounmpo,1610612749,MIL,2021-22,0.552,0.507,0.373,6.8,1.5,0.7,1.3,99.2,7.1,0.208,0.054,0.286
201609,Goran Dragic,1610612751,BKN,2021-22,0.639,0.625,0.207,1.5,1.2,0.8,0.0,115.6,6.7,0.113,0.082,0.162
203476,Gorgui Dieng,1610612737,ATL,2021-22,0.615,0.5,0.08,0.0,0.0,0.0,0.0,113.0,7.8,0.084,0.1,0.333
1629684,Grant Williams,1610612738,BOS,2021-22,0.599,0.55,0.131,0.8,0.95,0.3,0.8,107.6,1.6,0.052,0.035,0.098
1628960,Grayson Allen,1610612749,MIL,2021-22,0.576,0.567,0.128,1.3,1.67,0.7,0.3,105.2,-4.3,0.068,0.015,0.093
202328,Greg Monroe,1610612750,MIN,2021-22,0.4,0.4,0.375,0.5,1.0,1.0,0.0,92.9,-21.4,0.25,0.091,0.111
202355,Hassan Whiteside,1610612762,UTA,2021-22,0.4,0.417,0.098,0.0,0.0,0.3,1.3,118.5,-17.8,0.111,0.131,0.338
1629312,Haywood Highsmith,1610612748,MIA,2021-22,0.643,0.643,0.137,0.4,1.0,0.0,0.0,90.9,12.1,0.056,0.063,0.081
1630529,Herbert Jones,1610612740,NOP,2021-22,0.596,0.534,0.114,1.8,1.38,1.8,0.8,117.2,-3.4,0.051,0.034,0.062
1629067,Isaac Bonga,1610612761,TOR,2021-22,1.136,0.0,0.111,0.0,0.0,0.0,0.0,71.4,0.0,0.444,0.0,0.333
1630198,Isaiah Joe,1610612755,PHI,2021-22,0.5,0.5,0.195,0.0,0.0,0.0,0.0,83.8,44.8,0.0,0.0,0.1
1630688,Ish Wainright,1610612756,PHX,2021-22,0.542,0.542,0.188,0.1,0.33,0.1,0.1,96.8,26.1,0.095,0.212,0.167
1629630,Ja Morant,1610612763,MEM,2021-22,0.549,0.486,0.304,9.8,2.75,2.0,0.4,109.4,5.3,0.178,0.035,0.172
203210,JaMychal Green,1610612743,DEN,2021-22,0.524,0.406,0.134,0.4,1.0,0.0,0.2,120.1,-12.8,0.039,0.048,0.136
201580,JaVale McGee,1610612756,PHX,2021-22,0.727,0.7,0.208,0.6,0.78,0.3,0.4,109.9,-1.0,0.162,0.127,0.258
1630183,Jaden McDaniels,1610612750,MIN,2021-22,0.713,0.676,0.145,0.7,0.67,0.3,1.8,106.3,6.6,0.076,0.038,0.086
1630531,Jaden Springer,1610612755,PHI,2021-22,0.5,0.5,0.154,0.4,0.0,0.0,0.0,96.9,9.6,0.145,0.0,0.235
203109,Jae Crowder,1610612756,PHX,2021-22,0.524,0.49,0.161,2.4,1.63,1.0,0.5,116.5,-1.2,0.061,0.024,0.141
1628973,Jalen Brunson,1610612742,DAL,2021-22,0.553,0.508,0.274,3.7,3.47,0.8,0.1,114.0,1.6,0.126,0.025,0.115
1630552,Jalen Johnson,1610612737,ATL,2021-22,0.0,0.0,0.174,0.0,0.0,0.0,0.0,100.0,22.7,-0.088,0.0,0.0
201935,James Harden,1610612755,PHI,2021-22,0.584,0.494,0.237,8.6,2.06,0.8,0.7,110.7,2.1,0.127,0.026,0.12
1630215,Jared Butler,1610612762,UTA,2021-22,0.0,0.0,0.167,0.0,0.0,0.0,0.0,72.7,36.4,-0.074,0.0,0.167
1628991,Jaren Jackson Jr.,1610612763,MEM,2021-22,0.516,0.465,0.238,0.9,0.65,0.8,2.5,103.5,6.2,0.088,0.066,0.154
1629020,Jarred Vanderbilt,1610612750,MIN,2021-22,0.525,0.481,0.116,0.7,0.8,1.2,0.3,115.7,-7.5,0.091,0.093,0.22
1629633,Jarrett Culver,1610612763,MEM,2021-22,0.322,0.3,0.236,0.3,0.5,0.7,0.0,114.3,-42.3,0.024,0.074,0.227
1629750,Javonte Green,1610612741,CHI,2021-22,0.196,0.176,0.124,0.4,0.5,1.8,0.0,94.3,2.5,0.008,0.095,0.089
1629637,Jaxson Hayes,1610612740,NOP,2021-22,0.586,0.56,0.174,0.2,0.25,0.0,0.3,125.6,-17.1,0.054,0.047,0.153
1627759,Jaylen Brown,1610612738,BOS,2021-22,0.581,0.542,0.265,3.5,1.15,1.1,0.4,106.3,4.4,0.126,0.037,0.138
1629669,Jaylen Nowell,1610612750,MIN,2021-22,0.3,0.3,0.345,1.0,0.0,1.0,0.0,107.7,17.3,0.0,0.0,0.0
1628369,Jayson Tatum,1610612738,BOS,2021-22,0.562,0.507,0.288,6.2,1.48,1.2,0.9,105.5,4.7,0.131,0.025,0.132
201145,Jeff Green,1610612743,DEN,2021-22,0.495,0.441,0.077,0.4,1.0,0.6,0.4,120.0,-9.0,0.041,0.06,0.097
1628975,Jevon Carter,1610612749,MIL,2021-22,0.578,0.553,0.087,0.9,1.67,0.7,0.0,88.5,24.1,0.058,0.025,0.092
202710,Jimmy Butler III,1610612748,MIA,2021-22,0.604,0.541,0.28,4.6,3.12,2.1,0.6,105.7,7.7,0.205,0.063,0.143
203954,Joel Embiid,1610612755,PHI,2021-22,0.59,0.506,0.284,2.1,0.66,0.4,0.8,108.6,5.0,0.142,0.063,0.22
1628381,John Collins,1610612737,ATL,2021-22,0.541,0.538,0.179,1.2,1.2,0.4,0.2,122.1,-25.9,0.08,0.018,0.174
1629723,John Konchar,1610612763,MEM,2021-22,0.379,0.318,0.098,0.6,5.0,0.4,0.1,114.3,-32.1,0.097,0.048,0.276
202685,Jonas Valančiūnas,1610612740,NOP,2021-22,0.548,0.493,0.222,3.0,1.5,0.7,0.2,121.1,-4.7,0.147,0.191,0.368
1630228,Jonathan Kuminga,1610612744,GSW,2021-22,0.581,0.525,0.255,0.5,0.73,0.2,0.1,108.0,-11.0,0.109,0.032,0.162
203903,Jordan Clarkson,1610612762,UTA,2021-22,0.649,0.61,0.243,1.3,0.8,0.5,0.2,114.1,-1.6,0.123,0.032,0.081
1629162,Jordan McLaughlin,1610612750,MIN,2021-22,0.826,0.824,0.104,3.4,8.5,1.0,0.0,109.3,-3.9,0.161,0.0,0.135
1629670,Jordan Nwora,1610612749,MIL,2021-22,0.202,0.222,0.2,0.3,0.0,0.0,0.0,91.1,-26.7,0.0,0.0,0.136
1629673,Jordan Poole,1610612744,GSW,2021-22,0.654,0.606,0.235,3.8,1.57,0.8,0.4,108.8,3.0,0.119,0.017,0.08
1630631,Jose Alvarado,1610612740,NOP,2021-22,0.62,0.576,0.171,1.5,1.29,1.2,0.2,112.4,-9.8,0.066,0.016,0.063
1630182,Josh Green,1610612742,DAL,2021-22,0.365,0.375,0.114,0.4,0.0,0.3,0.0,109.2,-8.4,0.011,0.007,0.1
1629006,Josh Okogie,1610612750,MIN,2021-22,0.0,0.0,0.0,0.0,0.0,0.0,0.0,40.0,26.7,0.0,0.0,0.0
201950,Jrue Holiday,1610612749,MIL,2021-22,0.461,0.432,0.26,6.5,2.29,1.8,0.6,104.2,1.8,0.1,0.024,0.111
1629308,Juan Toscano-Anderson,1610612744,GSW,2021-22,0.486,0.5,0.16,0.6,1.0,0.1,0.1,104.6,-25.2,0.077,0.0,0.208
1627823,Juancho Hernangomez,1610612762,UTA,2021-22,0.389,0.389,0.153,0.8,2.5,0.3,0.0,99.0,5.5,0.084,0.036,0.147
1629752,Juwan Morgan,1610612738,BOS,2021-22,0.266,0.0,0.056,0.0,0.0,0.0,0.0,83.9,-12.9,0.0,0.111,0.063
1626157,Karl-Anthony Towns,1610612750,MIN,2021-22,0.642,0.55,0.246,2.2,0.48,0.7,2.0,115.7,-3.1,0.127,0.051,0.236
1630556,Kessler Edwards,1610612751,BKN,2021-22,0.0,0.0,0.059,0.5,1.0,0.5,0.0,118.8,-25.4,-0.082,0.0,0.0
201142,Kevin Durant,1610612751,BKN,2021-22,0.526,0.428,0.308,6.3,1.19,1.0,0.3,121.5,-8.1,0.094,0.013,0.125
1628989,Kevin Huerter,1610612737,ATL,2021-22,0.472,0.457,0.182,3.8,1.73,1.2,0.6,117.7,-18.3,0.057,0.006,0.093
1628995,Kevin Knox II,1610612737,ATL,2021-22,0.926,0.909,0.652,0.0,0.0,1.0,0.0,100.0,22.7,0.418,0.0,0.333
1626172,Kevon Looney,1610612744,GSW,2021-22,0.662,0.659,0.108,2.2,2.53,0.4,0.5,105.8,7.7,0.123,0.134,0.22
203920,Khem Birch,1610612761,TOR,2021-22,0.563,0.563,0.141,0.5,1.0,0.2,0.2,108.3,5.1,0.023,0.065,0.098
203114,Khris Middleton,1610612749,MIL,2021-22,0.573,0.542,0.209,7.0,1.27,1.5,0.0,96.7,0.7,0.104,0.013,0.114
202691,Klay Thompson,1610612744,GSW,2021-22,0.55,0.534,0.222,2.3,1.79,1.1,0.7,111.2,1.4,0.092,0.009,0.096
203937,Kyle Anderson,1610612763,MEM,2021-22,0.611,0.598,0.128,1.8,2.1,0.9,0.6,107.5,2.4,0.103,0.042,0.186
200768,Kyle Lowry,1610612748,MIA,2021-22,0.413,0.366,0.171,4.7,2.47,1.2,0.7,105.3,2.4,0.063,0.01,0.127
202681,Kyrie Irving,1610612751,BKN,2021-22,0.588,0.508,0.215,5.3,2.33,1.8,1.3,118.3,-3.3,0.115,0.041,0.096
1629013,Landry Shamet,1610612756,PHX,2021-22,0.509,0.49,0.129,1.3,2.14,0.5,0.0,112.2,-6.9,0.061,0.016,0.097
1626204,Larry Nance Jr.,1610612740,NOP,2021-22,0.627,0.59,0.158,1.8,1.83,0.5,0.3,108.5,4.0,0.123,0.141,0.134
1630492,Luca Vildoza,1610612749,MIL,2021-22,0.417,0.417,0.133,0.6,0.0,0.3,0.0,89.7,-32.2,0.146,0.036,0.059
1629029,Luka Dončić,1610612742,DAL,2021-22,0.577,0.527,0.396,6.4,1.63,1.8,0.6,111.4,2.7,0.204,0.019,0.259
1628436,Luke Kornet,1610612738,BOS,2021-22,0.875,0.875,0.116,0.1,1.0,0.0,0.0,81.0,19.0,0.129,0.048,0.19
1630201,Malachi Flynn,1610612761,TOR,2021-22,0.0,0.0,0.088,0.5,3.0,0.2,0.0,108.0,2.7,-0.066,0.045,0.033
1627736,Malik Beasley,1610612750,MIN,2021-22,0.547,0.523,0.182,0.7,0.57,0.3,0.2,108.5,-14.6,0.082,0.016,0.133
1630238,Malik Fitts,1610612738,BOS,2021-22,1.0,1.0,0.125,0.0,0.0,0.0,0.0,54.5,35.5,0.214,0.0,0.105
203935,Marcus Smart,1610612738,BOS,2021-22,0.529,0.491,0.206,5.9,2.37,1.2,0.2,107.9,2.5,0.092,0.026,0.095
202693,Markieff Morris,1610612748,MIA,2021-22,0.0,0.0,0.2,0.0,0.0,0.0,0.0,71.4,16.1,-0.333,0.0,0.25
1627737,Marquese Chriss,1610612742,DAL,2021-22,0.658,0.563,0.16,0.0,0.0,0.0,0.0,116.4,-25.1,0.093,0.125,0.172
1629680,Matisse Thybulle,1610612755,PHI,2021-22,0.533,0.542,0.089,0.4,2.0,0.8,0.8,115.8,-15.5,0.035,0.016,0.053
1629622,Max Strus,1610612748,MIA,2021-22,0.516,0.503,0.177,2.1,1.9,0.8,0.4,101.5,9.0,0.07,0.028,0.117
1628467,Maxi Kleber,1610612742,DAL,2021-22,0.681,0.67,0.128,1.1,1.82,0.2,0.8,115.1,-1.2,0.082,0.033,0.167
1628969,Mikal Bridges,1610612756,PHX,2021-22,0.572,0.525,0.152,2.8,3.36,1.1,1.0,115.8,0.4,0.087,0.028,0.099
201144,Mike Conley,1610612762,UTA,2021-22,0.432,0.377,0.194,4.8,2.23,0.8,0.3,108.2,-8.5,0.064,0.011,0.1
1628420,Monte Morris,1610612743,DEN,2021-22,0.622,0.598,0.172,5.4,3.38,1.2,0.0,126.2,-14.2,0.09,0.007,0.074
1630541,Moses Moody,1610612744,GSW,2021-22,0.669,0.661,0.147,0.3,1.33,0.2,0.2,113.6,-1.3,0.077,0.024,0.064
1630230,Naji Marshall,1610612740,NOP,2021-22,0.765,0.7,0.106,0.8,1.67,0.2,0.2,113.3,0.0,0.078,0.054,0.06
1629675,Naz Reid,1610612750,MIN,2021-22,0.598,0.5,0.189,0.0,0.0,0.2,1.2,95.0,-19.4,0.08,0.033,0.176
202357,Nemanja Bjelica,1610612744,GSW,2021-22,0.58,0.574,0.129,1.1,2.43,0.3,0.1,108.9,-7.2,0.079,0.042,0.176
1629651,Nic Claxton,1610612751,BKN,2021-22,0.624,0.792,0.17,1.5,3.0,1.3,2.3,115.4,-0.5,0.128,0.08,0.178
1629638,Nickeil Alexander-Walker,1610612762,UTA,2021-22,1.025,1.0,0.167,1.0,0.0,1.0,0.0,72.7,36.4,0.593,0.0,0.167
203917,Nik Stauskas,1610612738,BOS,2021-22,0.472,0.375,0.259,0.3,0.0,0.0,0.0,71.2,26.8,0.158,0.0,0.154
203999,Nikola Jokić,1610612743,DEN,2021-22,0.643,0.599,0.358,5.8,1.21,1.6,1.0,122.5,-12.5,0.217,0.098,0.314
202696,Nikola Vučević,1610612741,CHI,2021-22,0.52,0.511,0.242,3.2,2.0,0.4,1.2,107.1,-10.5,0.138,0.068,0.271
1628384,OG Anunoby,1610612761,TOR,2021-22,0.584,0.561,0.213,2.5,1.5,1.0,0.2,115.3,-8.3,0.091,0.033,0.093
1630209,Omer Yurtseven,1610612748,MIA,2021-22,0.647,0.667,0.213,0.3,0.0,0.0,0.1,98.7,5.0,0.158,0.025,0.136
1630168,Onyeka Okongwu,1610612737,ATL,2021-22,0.637,0.563,0.099,0.4,0.5,0.8,0.8,105.7,0.6,0.073,0.099,0.143
203490,Otto Porter Jr.,1610612744,GSW,2021-22,0.63,0.617,0.108,1.8,2.83,0.9,0.3,106.2,12.4,0.085,0.036,0.14
200782,P.J. Tucker,1610612748,MIA,2021-22,0.612,0.601,0.114,1.8,2.46,0.8,0.3,106.0,5.5,0.089,0.067,0.143
1627783,Pascal Siakam,1610612761,TOR,2021-22,0.558,0.495,0.242,5.8,2.69,1.2,1.0,119.2,-9.0,0.125,0.031,0.164
1626192,Pat Connaughton,1610612749,MIL,2021-22,0.632,0.619,0.129,0.9,1.57,0.4,0.3,103.3,0.9,0.096,0.009,0.139
201976,Patrick Beverley,1610612750,MIN,2021-22,0.562,0.52,0.159,4.8,2.42,1.2,1.2,111.8,-4.8,0.065,0.021,0.073
1630172,Patrick Williams,1610612741,CHI,2021-22,0.569,0.543,0.169,0.8,0.57,1.0,0.6,114.8,-21.9,0.069,0.034,0.139
201988,Patty Mills,1610612751,BKN,2021-22,0.781,0.781,0.099,0.0,0.0,0.0,0.3,118.7,-1.0,0.055,0.0,0.053
200794,Paul Millsap,1610612755,PHI,2021-22,0.0,0.0,0.0,1.0,0.0,0.0,0.0,127.3,-7.3,0.048,0.0,0.2
1630194,Paul Reed,1610612755,PHI,2021-22,0.563,0.556,0.145,0.8,1.11,0.8,0.5,110.2,0.5,0.084,0.163,0.175
1630202,Payton Pritchard,1610612738,BOS,2021-22,0.545,0.539,0.165,1.6,4.22,0.3,0.1,103.2,9.3,0.09,0.036,0.111
1630173,Precious Achiuwa,1610612761,TOR,2021-22,0.541,0.529,0.179,1.0,0.67,0.2,0.8,120.8,-10.8,0.068,0.05,0.154
1629730,Rayjon Tucker,1610612749,MIL,2021-22,0.333,0.333,0.063,0.0,0.0,0.0,0.0,81.4,-18.6,0.01,0.036,0.095
203493,Reggie Bullock Jr.,1610612742,DAL,2021-22,0.598,0.576,0.108,1.7,3.75,1.2,0.1,112.7,1.8,0.065,0.012,0.115
1629057,Robert Williams III,1610612738,BOS,2021-22,0.725,0.679,0.109,1.0,1.7,0.7,2.2,100.5,7.5,0.136,0.108,0.143
1626220,Royce O'Neale,1610612762,UTA,2021-22,0.516,0.5,0.096,1.5,3.0,0.5,0.2,119.4,-12.9,0.062,0.032,0.168
203497,Rudy Gobert,1610612762,UTA,2021-22,0.688,0.636,0.142,0.5,0.38,0.2,1.0,113.3,-7.2,0.144,0.108,0.31
1630573,Sam Hauser,1610612738,BOS,2021-22,0.512,0.375,0.172,0.3,0.0,0.0,0.0,50.0,32.1,0.145,0.0,0.063
1630567,Scottie Barnes,1610612761,TOR,2021-22,0.52,0.452,0.177,4.3,3.4,1.0,0.3,120.5,-10.3,0.108,0.053,0.232
201586,Serge Ibaka,1610612749,MIL,2021-22,0.267,0.25,0.352,0.0,0.0,0.0,0.0,84.6,-25.8,0.033,0.067,0.286
203552,Seth Curry,1610612751,BKN,2021-22,0.719,0.718,0.151,3.0,4.0,0.3,0.8,118.9,-3.1,0.092,0.019,0.07
1629003,Shake Milton,1610612755,PHI,2021-22,0.641,0.579,0.144,0.9,2.2,0.5,0.3,108.7,5.7,0.091,0.028,0.087
1630219,Skylar Mays,1610612737,ATL,2021-22,1.0,1.0,0.043,0.5,0.0,0.5,0.0,100.0,22.7,0.088,0.0,0.167
203915,Spencer Dinwiddie,1610612742,DAL,2021-22,0.576,0.521,0.23,3.6,2.24,0.8,0.3,111.6,0.7,0.1,0.016,0.076
201939,Stephen Curry,1610612744,GSW,2021-22,0.606,0.563,0.304,5.9,2.26,1.3,0.4,109.5,7.2,0.158,0.015,0.127
1628425,Sterling Brown,1610612742,DAL,2021-22,0.42,0.3,0.239,0.3,1.0,0.4,0.2,111.5,-21.0,0.127,0.036,0.241
203500,Steven Adams,1610612763,MEM,2021-22,0.464,0.429,0.108,2.1,3.75,0.1,0.1,109.3,7.6,0.087,0.111,0.231
1629004,Svi Mykhailiuk,1610612761,TOR,2021-22,0.205,0.0,0.143,0.0,0.0,0.0,0.0,153.8,-78.8,-0.048,0.0,0.167
1627752,Taurean Prince,1610612750,MIN,2021-22,0.499,0.444,0.201,1.2,1.5,0.4,0.2,114.1,-26.4,0.076,0.014,0.104
201152,Thaddeus Young,1610612761,TOR,2021-22,0.506,0.528,0.117,1.7,3.33,0.8,0.2,111.5,-4.1,0.081,0.083,0.141
203648,Thanasis Antetokounmpo,1610612749,MIL,2021-22,0.579,0.667,0.078,0.1,0.0,0.1,0.0,87.2,-17.7,0.062,0.036,0.13
1627789,Timothe Luwawu-Cabarrot,1610612737,ATL,2021-22,0.625,0.625,0.102,0.5,2.0,0.0,0.0,112.2,4.4,0.01,0.0,0.176
202699,Tobias Harris,1610612755,PHI,2021-22,0.591,0.568,0.192,2.9,1.94,1.1,0.8,111.3,-0.6,0.121,0.024,0.182
1628396,Tony Bradley,1610612741,CHI,2021-22,1.0,1.0,0.238,0.5,0.0,0.0,0.0,63.2,52.6,0.492,0.0,0.267
1628470,Torrey Craig,1610612756,PHX,2021-22,0.437,0.432,0.15,0.6,1.25,0.4,0.2,118.1,-16.1,0.068,0.067,0.154
1629027,Trae Young,1610612737,ATL,2021-22,0.461,0.37,0.277,6.0,0.97,0.6,0.0,115.5,-15.5,0.055,0.027,0.105
203504,Trey Burke,1610612742,DAL,2021-22,0.649,0.591,0.264,0.4,4.0,0.1,0.0,108.3,-16.8,0.182,0.0,0.086
1630530,Trey Murphy III,1610612740,NOP,2021-22,0.64,0.614,0.087,0.5,3.0,0.5,0.2,114.7,9.3,0.055,0.028,0.111
202684,Tristan Thompson,1610612741,CHI,2021-22,0.4,0.4,0.109,0.4,0.4,0.2,0.0,110.7,-35.7,0.014,0.043,0.15
1628972,Troy Brown Jr.,1610612741,CHI,2021-22,0.353,0.353,0.23,1.0,1.0,0.7,0.0,92.4,-1.3,0.058,0.023,0.171
1629639,Tyler Herro,1610612748,MIA,2021-22,0.49,0.453,0.248,2.8,1.56,0.6,0.4,114.8,-7.7,0.103,0.018,0.15
1630178,Tyrese Maxey,1610612755,PHI,2021-22,0.61,0.555,0.213,3.9,2.24,0.8,0.2,110.5,-0.2,0.115,0.014,0.075
1626145,Tyus Jones,1610612763,MEM,2021-22,0.521,0.485,0.182,4.5,4.15,1.2,0.2,104.1,2.5,0.132,0.013,0.126
203506,Victor Oladipo,1610612748,MIA,2021-22,0.499,0.43,0.216,2.1,1.24,1.3,0.3,105.0,2.0,0.083,0.01,0.13
1628427,Vlatko Čančar,1610612743,DEN,2021-22,0.833,0.833,0.263,0.5,0.5,0.0,0.0,80.0,41.1,0.156,0.0,0.333
202083,Wesley Matthews,1610612749,MIL,2021-22,0.544,0.531,0.091,1.2,2.33,0.8,0.3,100.5,2.9,0.043,0.025,0.074
203115,Will Barton,1610612743,DEN,2021-22,0.503,0.492,0.191,2.8,1.4,0.8,0.2,124.1,-12.1,0.068,0.029,0.15
1626195,Willy Hernangomez,1610612740,NOP,2021-22,0.25,0.25,0.5,0.0,0.0,0.0,0.0,150.0,-33.3,-0.063,0.667,0.0
1630214,Xavier Tillman,1610612763,MEM,2021-22,0.724,0.74,0.106,0.7,0.6,0.7,0.1,112.8,-14.8,0.071,0.084,0.129
1629139,Yuta Watanabe,1610612761,TOR,2021-22,0.333,0.333,0.259,0.0,0.0,0.0,0.0,112.5,-34.2,-0.032,0.0,0.0
203897,Zach LaVine,1610612741,CHI,2021-22,0.553,0.5,0.232,6.0,2.0,0.8,0.3,109.3,-12.1,0.115,0.0,0.132
1630192,Zeke Nnaji,1610612743,DEN,2021-22,1.5,1.5,0.053,0.0,0.0,0.0,0.0,80.0,41.1,0.031,0.0,0.0
1630533,Ziaire Williams,1610612763,MEM,2021-22,0.598,0.548,0.14,0.5,2.5,0.5,0.0,114.1,-7.7,0.065,0.02,0.071
203932,Aaron Gordon,1610612743,DEN,2022-23,0.588,0.564,0.152,2.6,2.6,0.6,0.7,107.5,12.2,0.079,0.072,0.097
1628988,Aaron Holiday,1610612737,ATL,2022-23,0.0,0.0,0.143,1.0,1.0,0.0,0.0,175.0,-17.9,0.0,0.0,0.0
201143,Al Horford,1610612738,BOS,2022-23,0.497,0.492,0.104,3.0,5.36,1.1,1.7,108.5,5.0,0.087,0.05,0.182
203458,Alex Len,1610612758,SAC,2022-23,0.816,0.778,0.129,0.1,0.14,0.0,0.4,102.5,21.2,0.063,0.111,0.228
1629599,Amir Coffey,1610612746,LAC,2022-23,0.0,0.0,0.0,0.0,0.0,0.0,0.0,100.0,-100.0,0.0,0.0,0.0
203952,Andrew Wiggins,1610612744,GSW,2022-23,0.538,0.511,0.198,1.9,1.47,0.8,1.2,106.4,3.5,0.083,0.048,0.101
203076,Anthony Davis,1610612747,LAL,2022-23,0.599,0.53,0.237,2.6,1.21,1.4,3.1,111.2,3.7,0.168,0.064,0.27
1630162,Anthony Edwards,1610612750,MIN,2022-23,0.602,0.548,0.328,5.2,3.25,1.8,2.0,119.8,-2.3,0.166,0.017,0.116
1630237,Anthony Lamb,1610612744,GSW,2022-23,0.5,0.5,0.092,0.0,0.0,0.2,0.2,89.2,-8.6,0.044,0.029,0.116
1630559,Austin Reaves,1610612747,LAL,2022-23,0.616,0.564,0.179,4.6,2.92,0.6,0.2,108.5,5.8,0.099,0.035,0.079
203085,Austin Rivers,1610612750,MIN,2022-23,0.625,0.625,0.088,0.3,1.0,0.3,0.0,107.4,-19.4,0.071,0.02,0.085
1628389,Bam Adebayo,1610612748,MIA,2022-23,0.53,0.481,0.234,3.7,1.37,0.8,0.7,110.3,2.2,0.119,0.073,0.196
202687,Bismack Biyombo,1610612756,PHX,2022-23,0.564,0.563,0.153,0.8,1.0,0.0,1.3,121.4,-9.2,0.063,0.128,0.207
201933,Blake Griffin,1610612738,BOS,2022-23,0.0,0.0,0.067,0.0,0.0,0.0,0.0,116.7,-9.0,-0.052,0.143,0.143
1626171,Bobby Portis,1610612749,MIL,2022-23,0.567,0.549,0.18,1.2,1.5,0.6,0.4,119.1,2.6,0.109,0.093,0.333
203992,Bogdan Bogdanović,1610612737,ATL,2022-23,0.701,0.694,0.154,2.5,5.0,1.0,0.8,112.8,6.2,0.103,0.011,0.107
1630538,Bones Hyland,1610612746,LAC,2022-23,0.444,0.398,0.262,0.8,1.0,0.8,0.2,115.8,11.6,0.033,0.011,0.036
1630527,Brandon Boston,1610612746,LAC,2022-23,0.0,0.0,1.0,0.0,0.0,0.0,0.0,100.0,-100.0,0.0,0.0,0.0
201572,Brook Lopez,1610612749,MIL,2022-23,0.653,0.634,0.19,1.2,0.55,1.4,1.8,119.2,-7.4,0.102,0.075,0.103
1628971,Bruce Brown,1610612743,DEN,2022-23,0.607,0.563,0.184,1.9,1.65,1.1,0.5,107.6,8.6,0.103,0.031,0.121
1628997,Caleb Martin,1610612748,MIA,2022-23,0.657,0.636,0.157,1.6,1.5,0.9,0.4,109.3,7.0,0.107,0.04,0.141
1630560,Cam Thomas,1610612751,BKN,2022-23,0.429,0.429,0.242,0.5,1.0,0.0,0.0,127.6,-44.8,0.024,0.0,0.083
1629661,Cameron Johnson,1610612751,BKN,2022-23,0.637,0.618,0.195,2.8,2.2,0.8,0.3,113.5,-13.5,0.118,0.019,0.128
1626166,Cameron Payne,1610612756,PHX,2022-23,0.578,0.594,0.171,2.9,2.22,0.4,0.3,119.3,-10.5,0.072,0.0,0.099
1627747,Caris LeVert,1610612739,CLE,2022-23,0.546,0.532,0.201,2.6,2.6,0.4,0.2,108.3,-7.1,0.101,0.026,0.109
1626224,Cedi Osman,1610612739,CLE,2022-23,0.518,0.48,0.165,1.0,1.0,0.4,0.2,110.1,-11.7,0.052,0.011,0.149
1629002,Chimezie Metu,1610612758,SAC,2022-23,0.431,0.0,0.176,0.0,0.0,0.0,0.0,63.6,72.7,-0.029,0.125,0.0
101108,Chris Paul,1610612756,PHX,2022-23,0.469,0.467,0.173,7.4,7.43,1.7,0.7,112.3,7.9,0.101,0.022,0.116
1631128,Christian Braun,1610612743,DEN,2022-23,0.572,0.556,0.11,0.6,1.1,0.6,0.2,108.1,-2.5,0.058,0.054,0.103
203991,Clint Capela,1610612737,ATL,2022-23,0.615,0.605,0.121,0.5,0.75,1.0,0.5,117.4,-7.6,0.107,0.087,0.235
203469,Cody Zeller,1610612748,MIA,2022-23,0.553,0.571,0.139,0.3,0.54,0.1,0.2,108.7,1.0,0.052,0.065,0.215
1626156,D'Angelo Russell,1610612747,LAL,2022-23,0.516,0.495,0.212,4.6,2.55,0.7,0.3,113.4,0.1,0.08,0.021,0.069
1629610,DaQuan Jeffries,1610612752,NYK,2022-23,0.0,0.0,0.0,0.0,0.0,0.0,0.0,81.8,-54.5,-0.5,0.0,0.0
1627814,Damion Lee,1610612756,PHX,2022-23,0.407,0.375,0.104,0.6,5.0,0.3,0.0,115.1,-1.3,0.028,0.042,0.09
201980,Danny Green,1610612739,CLE,2022-23,0.3,0.3,0.084,0.3,0.5,0.5,0.3,106.3,-12.9,-0.004,0.054,0.104
1627863,Danuel House Jr.,1610612755,PHI,2022-23,0.466,0.452,0.237,0.1,1.0,0.0,0.0,108.8,-21.7,0.108,0.0,0.273
1629636,Darius Garland,1610612739,CLE,2022-23,0.566,0.513,0.265,5.0,1.39,1.6,0.2,107.1,-4.3,0.097,0.0,0.047
1630561,David Duke Jr.,1610612751,BKN,2022-23,0.333,0.333,0.364,0.0,0.0,0.0,0.0,110.0,-32.2,-0.154,0.0,0.0
1631223,David Roddy,1610612763,MEM,2022-23,0.391,0.379,0.154,0.7,4.0,0.0,0.3,109.3,-20.4,0.051,0.036,0.171
1630558,Davion Mitchell,1610612758,SAC,2022-23,0.514,0.489,0.145,1.7,2.0,0.9,0.1,104.2,-6.7,0.067,0.017,0.037
1630549,Day'Ron Sharpe,1610612751,BKN,2022-23,0.773,0.667,0.14,2.5,2.5,0.0,0.5,144.7,-29.7,0.099,0.154,0.308
1628368,De'Aaron Fox,1610612758,SAC,2022-23,0.524,0.488,0.305,7.7,1.93,2.1,0.6,113.3,-2.8,0.124,0.039,0.088
1629631,De'Andre Hunter,1610612737,ATL,2022-23,0.559,0.541,0.179,1.2,0.78,0.7,0.3,119.4,-2.2,0.061,0.027,0.13
1629001,De'Anthony Melton,1610612755,PHI,2022-23,0.515,0.5,0.15,1.6,2.25,1.2,0.8,106.5,0.7,0.07,0.051,0.081
201599,DeAndre Jordan,1610612743,DEN,2022-23,0.644,0.667,0.158,0.3,0.5,0.0,0.3,67.9,21.8,0.153,0.0,0.2
1629731,Dean Wade,1610612739,CLE,2022-23,0.532,0.0,0.074,0.0,0.0,0.0,0.0,85.7,-24.2,0.174,0.0,0.2
1629028,Deandre Ayton,1610612756,PHX,2022-23,0.553,0.55,0.186,1.0,0.59,0.6,0.7,118.0,-2.5,0.088,0.096,0.213
1627749,Dejounte Murray,1610612737,ATL,2022-23,0.538,0.515,0.244,6.8,3.4,2.0,0.2,119.4,-8.1,0.132,0.04,0.155
203471,Dennis Schröder,1610612747,LAL,2022-23,0.512,0.461,0.139,2.9,2.3,1.0,0.2,106.2,5.3,0.05,0.007,0.059
201565,Derrick Rose,1610612752,NYK,2022-23,0.0,0.0,0.571,1.0,0.0,0.0,0.0,128.6,-100.0,-0.462,0.0,0.0
1628401,Derrick White,1610612738,BOS,2022-23,0.671,0.641,0.16,2.1,2.33,0.6,1.0,113.2,0.6,0.094,0.022,0.072
1630217,Desmond Bane,1610612763,MEM,2022-23,0.548,0.491,0.259,3.2,1.12,0.5,0.0,109.4,-5.7,0.1,0.027,0.119
1626164,Devin Booker,1610612756,PHX,2022-23,0.686,0.649,0.283,7.2,2.47,1.7,0.8,120.0,-3.4,0.169,0.028,0.088
203473,Dewayne Dedmon,1610612755,PHI,2022-23,0.0,0.0,0.167,0.0,0.0,0.0,0.0,140.0,-49.1,-0.098,0.0,0.5
1628415,Dillon Brooks,1610612763,MEM,2022-23,0.393,0.377,0.218,1.8,1.57,0.2,0.0,110.2,-11.4,0.015,0.015,0.09
1627734,Domantas Sabonis,1610612758,SAC,2022-23,0.517,0.5,0.221,4.7,1.27,1.4,0.9,113.5,-9.5,0.109,0.105,0.167
1628378,Donovan Mitchell,1610612739,CLE,2022-23,0.518,0.495,0.296,7.2,1.89,2.0,0.6,109.0,-2.8,0.13,0.016,0.102
1628978,Donte DiVincenzo,1610612744,GSW,2022-23,0.512,0.492,0.148,2.8,2.12,0.8,0.2,111.2,-8.8,0.077,0.043,0.104
1627827,Dorian Finney-Smith,1610612751,BKN,2022-23,0.543,0.543,0.134,0.8,0.6,0.8,0.5,108.2,-6.6,0.059,0.063,0.115
203110,Draymond Green,1610612744,GSW,2022-23,0.535,0.489,0.145,6.8,3.04,1.5,1.0,112.4,-1.5,0.105,0.045,0.158
1629130,Duncan Robinson,1610612748,MIA,2022-23,0.641,0.633,0.191,1.7,1.95,0.3,0.1,109.1,8.6,0.089,0.002,0.082
1628410,Edmond Sumner,1610612751,BKN,2022-23,0.0,0.0,0.0,1.0,0.0,0.0,0.0,110.0,-32.2,0.077,0.0,0.0
201569,Eric Gordon,1610612746,LAC,2022-23,0.547,0.523,0.143,2.6,3.25,0.6,0.4,121.8,-11.1,0.048,0.007,0.044
1630596,Evan Mobley,1610612739,CLE,2022-23,0.476,0.458,0.156,2.0,0.83,0.6,1.2,102.2,-0.3,0.089,0.085,0.173
1627788,Furkan Korkmaz,1610612755,PHI,2022-23,0.347,0.0,0.167,0.3,1.0,0.0,0.0,104.5,-8.9,0.026,0.0,0.111
1629216,Gabe Vincent,1610612748,MIA,2022-23,0.535,0.506,0.192,3.5,2.52,0.9,0.2,108.9,2.8,0.06,0.011,0.034
1627780,Gary Payton II,1610612744,GSW,2022-23,0.707,0.704,0.148,0.8,0.82,0.7,0.5,118.8,-7.9,0.103,0.104,0.116
1627777,Georges Niang,1610612755,PHI,2022-23,0.667,0.667,0.117,0.2,0.4,0.0,0.2,108.1,-5.2,0.027,0.0,0.028
203507,Giannis Antetokounmpo,1610612749,MIL,2022-23,0.525,0.528,0.342,5.3,1.14,0.3,0.7,113.7,-8.9,0.143,0.082,0.26
201609,Goran Dragic,1610612749,MIL,2022-23,0.532,0.0,0.235,0.5,0.0,0.0,0.0,131.3,-31.3,0.072,0.0,0.0
1629684,Grant Williams,1610612738,BOS,2022-23,0.662,0.642,0.103,1.2,4.5,0.3,0.4,118.5,-4.0,0.061,0.043,0.092
1628960,Grayson Allen,1610612749,MIL,2022-23,0.658,0.634,0.129,1.8,2.25,0.4,0.0,115.7,-2.0,0.067,0.006,0.076
203084,Harrison Barnes,1610612758,SAC,2022-23,0.525,0.467,0.148,0.7,1.67,1.1,0.3,113.9,-12.2,0.073,0.041,0.065
1629312,Haywood Highsmith,1610612748,MIA,2022-23,0.728,0.718,0.118,0.3,2.5,0.6,0.1,112.2,-1.2,0.085,0.063,0.093
1630193,Immanuel Quickley,1610612752,NYK,2022-23,0.481,0.417,0.206,1.0,0.89,0.5,0.0,95.0,5.0,0.065,0.011,0.058
1630171,Isaac Okoro,1610612739,CLE,2022-23,0.624,0.565,0.18,0.8,1.0,0.4,0.4,91.3,3.9,0.102,0.041,0.048
1628392,Isaiah Hartenstein,1610612752,NYK,2022-23,0.566,0.478,0.071,1.3,2.8,0.8,1.4,106.8,-0.5,0.077,0.102,0.127
202397,Ish Smith,1610612743,DEN,2022-23,0.5,0.5,0.08,0.3,0.0,0.0,0.0,80.0,-21.7,0.035,0.0,0.067
1630688,Ish Wainright,1610612756,PHX,2022-23,0.375,0.375,0.073,0.0,0.0,0.0,0.2,95.6,-17.3,-0.009,0.0,0.043
1627826,Ivica Zubac,1610612746,LAC,2022-23,0.621,0.567,0.157,0.6,0.27,0.6,0.2,125.6,-17.6,0.098,0.119,0.281
1629630,Ja Morant,1610612763,MEM,2022-23,0.524,0.486,0.287,7.0,2.06,1.8,0.2,110.0,-3.7,0.135,0.035,0.136
203210,JaMychal Green,1610612744,GSW,2022-23,0.5,0.5,0.229,0.4,1.5,0.0,0.1,113.3,-18.2,0.029,0.0,0.088
1630531,Jaden Springer,1610612755,PHI,2022-23,0.922,1.0,0.167,0.0,0.0,0.3,0.0,90.9,9.1,0.11,0.0,0.0
203109,Jae Crowder,1610612749,MIL,2022-23,0.252,0.231,0.149,0.8,3.0,0.5,0.0,120.9,-18.7,-0.009,0.022,0.088
1628973,Jalen Brunson,1610612752,NYK,2022-23,0.589,0.53,0.277,5.6,2.7,1.5,0.1,109.5,3.8,0.165,0.02,0.103
1630552,Jalen Johnson,1610612737,ATL,2022-23,0.523,0.5,0.233,1.3,1.6,0.5,0.0,114.4,-0.6,0.104,0.036,0.228
1629667,Jalen McDaniels,1610612755,PHI,2022-23,0.475,0.475,0.101,0.6,1.67,0.1,0.0,99.5,8.2,0.046,0.033,0.14
1627750,Jamal Murray,1610612743,DEN,2022-23,0.586,0.545,0.269,7.1,2.84,1.5,0.3,108.9,10.5,0.148,0.02,0.122
201935,James Harden,1610612755,PHI,2022-23,0.538,0.478,0.257,8.3,2.6,1.8,0.4,114.0,-5.3,0.137,0.014,0.156
1628991,Jaren Jackson Jr.,1610612763,MEM,2022-23,0.546,0.464,0.222,1.5,0.5,1.0,2.0,108.8,-8.0,0.085,0.079,0.115
1629020,Jarred Vanderbilt,1610612747,LAL,2022-23,0.501,0.458,0.139,0.8,0.92,0.7,0.8,109.1,-3.0,0.05,0.074,0.104
1628386,Jarrett Allen,1610612739,CLE,2022-23,0.608,0.611,0.102,2.4,4.0,0.8,1.0,111.8,-6.5,0.1,0.083,0.114
1630554,Jason Preston,1610612746,LAC,2022-23,0.0,0.0,0.0,0.0,0.0,0.0,0.0,100.0,-100.0,0.0,0.0,0.0
1627759,Jaylen Brown,1610612738,BOS,2022-23,0.57,0.551,0.272,3.4,1.03,1.1,0.4,111.4,1.6,0.102,0.034,0.112
1629669,Jaylen Nowell,1610612750,MIN,2022-23,0.298,0.288,0.201,0.6,1.5,0.0,0.0,127.9,-25.4,-0.021,0.058,0.017
1628369,Jayson Tatum,1610612738,BOS,2022-23,0.585,0.524,0.29,5.3,1.88,1.1,1.1,111.2,4.6,0.164,0.034,0.225
201145,Jeff Green,1610612743,DEN,2022-23,0.583,0.524,0.104,0.7,1.56,0.3,0.4,115.0,-2.4,0.034,0.02,0.076
1628975,Jevon Carter,1610612749,MIL,2022-23,0.278,0.278,0.078,1.0,0.0,0.3,0.0,117.0,-13.2,0.027,0.0,0.118
202710,Jimmy Butler III,1610612748,MIA,2022-23,0.565,0.5,0.281,5.9,3.15,1.8,0.6,112.7,-1.0,0.158,0.052,0.113
1629111,Jock Landale,1610612756,PHX,2022-23,0.648,0.63,0.141,0.4,1.5,0.4,0.4,107.1,10.5,0.097,0.097,0.165
203925,Joe Harris,1610612751,BKN,2022-23,0.252,0.192,0.172,0.0,0.0,0.5,0.0,89.0,9.9,-0.039,0.0,0.119
204060,Joe Ingles,1610612749,MIL,2022-23,0.739,0.739,0.136,2.0,1.67,0.6,0.2,120.9,-4.7,0.072,0.012,0.066
203954,Joel Embiid,1610612755,PHI,2022-23,0.561,0.448,0.305,2.7,0.69,0.7,2.8,111.3,-1.1,0.133,0.048,0.216
1628381,John Collins,1610612737,ATL,2022-23,0.543,0.525,0.177,0.8,0.56,0.3,1.0,107.3,-2.2,0.061,0.037,0.113
1629723,John Konchar,1610612763,MEM,2022-23,0.222,0.222,0.081,0.8,4.0,0.4,0.4,99.1,-18.5,0.03,0.058,0.133
1630228,Jonathan Kuminga,1610612744,GSW,2022-23,0.608,0.604,0.218,0.5,1.25,0.2,0.0,117.9,-21.1,0.102,0.061,0.072
1629162,Jordan McLaughlin,1610612750,MIN,2022-23,0.0,0.0,0.133,1.0,0.0,0.0,0.0,93.5,-31.5,-0.046,0.0,0.154
1629673,Jordan Poole,1610612744,GSW,2022-23,0.447,0.4,0.23,3.5,3.07,0.8,0.2,109.6,-2.5,0.061,0.012,0.078
1628404,Josh Hart,1610612752,NYK,2022-23,0.55,0.532,0.149,2.2,1.14,0.8,0.3,110.2,-3.1,0.088,0.049,0.181
1631169,Josh Minott,1610612750,MIN,2022-23,0.0,0.0,0.143,0.0,0.0,2.0,1.0,85.7,-24.2,-0.026,0.0,0.0
1629006,Josh Okogie,1610612756,PHX,2022-23,0.48,0.405,0.11,1.3,4.33,0.6,0.2,122.3,-12.9,0.041,0.068,0.051
201950,Jrue Holiday,1610612749,MIL,2022-23,0.491,0.471,0.217,8.0,3.33,1.0,0.4,115.2,0.7,0.102,0.02,0.158
203944,Julius Randle,1610612752,NYK,2022-23,0.485,0.432,0.274,3.6,1.03,0.5,0.3,108.0,1.5,0.105,0.05,0.199
1630551,Justin Champagnie,1610612738,BOS,2022-23,0.25,0.25,0.174,0.0,0.0,0.0,0.0,109.5,0.0,-0.079,0.0,0.0
1626157,Karl-Anthony Towns,1610612750,MIN,2022-23,0.553,0.5,0.253,2.0,0.56,0.6,0.8,117.9,-10.5,0.104,0.035,0.268
202695,Kawhi Leonard,1610612746,LAC,2022-23,0.67,0.614,0.285,6.0,2.0,2.0,0.5,119.8,-4.9,0.187,0.034,0.156
1631099,Keegan Murray,1610612758,SAC,2022-23,0.561,0.552,0.128,0.7,1.25,0.6,0.3,110.8,-4.3,0.076,0.063,0.14
1631254,Kenneth Lofton Jr.,1610612763,MEM,2022-23,0.394,0.375,0.3,0.3,0.0,0.0,0.0,100.0,-40.7,0.108,0.059,0.182
203484,Kentavious Caldwell-Pope,1610612743,DEN,2022-23,0.598,0.565,0.125,1.6,2.07,1.3,0.7,111.5,6.2,0.062,0.021,0.077
1630556,Kessler Edwards,1610612758,SAC,2022-23,0.0,0.0,0.0,0.0,0.0,0.0,0.0,58.8,56.6,0.051,0.0,0.143
201142,Kevin Durant,1610612756,PHX,2022-23,0.599,0.516,0.283,5.5,1.56,0.8,1.4,118.6,-0.4,0.146,0.016,0.19
1628989,Kevin Huerter,1610612758,SAC,2022-23,0.424,0.403,0.167,1.1,2.0,0.4,1.3,104.8,-2.0,0.051,0.004,0.14
201567,Kevin Love,1610612748,MIA,2022-23,0.543,0.517,0.164,1.2,2.4,0.5,0.4,112.1,-4.1,0.107,0.037,0.272
1626172,Kevon Looney,1610612744,GSW,2022-23,0.584,0.578,0.103,3.3,3.31,0.6,0.4,103.7,7.9,0.149,0.164,0.3
203114,Khris Middleton,1610612749,MIL,2022-23,0.6,0.541,0.28,6.2,1.82,0.6,0.0,112.6,4.1,0.127,0.041,0.143
202691,Klay Thompson,1610612744,GSW,2022-23,0.525,0.502,0.218,2.2,1.12,0.5,0.3,109.9,1.8,0.073,0.002,0.101
203937,Kyle Anderson,1610612750,MIN,2022-23,0.551,0.533,0.16,4.5,3.0,1.8,0.5,115.4,-11.7,0.099,0.029,0.141
200768,Kyle Lowry,1610612748,MIA,2022-23,0.562,0.52,0.171,4.4,2.53,1.0,0.6,112.9,2.2,0.095,0.021,0.119
1630205,Lamar Stevens,1610612739,CLE,2022-23,0.868,0.75,0.143,0.0,0.0,0.0,0.0,70.0,35.0,0.259,0.0,0.231
1629013,Landry Shamet,1610612756,PHX,2022-23,0.513,0.5,0.121,1.1,2.75,0.2,0.1,118.0,-4.0,0.037,0.018,0.077
2544,LeBron James,1610612747,LAL,2022-23,0.584,0.546,0.258,6.5,2.6,1.1,1.1,110.9,0.6,0.165,0.041,0.196
1629022,Lonnie Walker IV,1610612747,LAL,2022-23,0.613,0.592,0.176,0.8,2.75,0.5,0.1,108.4,1.5,0.078,0.006,0.063
1628379,Luke Kennard,1610612763,MEM,2022-23,0.727,0.696,0.095,1.4,7.0,0.8,0.0,103.5,16.7,0.097,0.04,0.133
1628436,Luke Kornet,1610612738,BOS,2022-23,0.957,0.938,0.11,0.0,0.0,0.0,0.1,114.9,4.5,0.174,0.139,0.2
1627763,Malcolm Brogdon,1610612738,BOS,2022-23,0.535,0.503,0.216,2.9,2.89,0.2,0.3,110.4,6.4,0.09,0.029,0.107
1627736,Malik Beasley,1610612747,LAL,2022-23,0.45,0.397,0.173,0.2,1.0,0.1,0.0,107.4,-9.4,0.028,0.028,0.045
1628370,Malik Monk,1610612758,SAC,2022-23,0.58,0.478,0.243,3.6,1.79,0.7,0.4,108.1,6.3,0.137,0.026,0.139
1630699,MarJon Beauchamp,1610612749,MIL,2022-23,0.833,0.833,0.231,0.0,0.0,0.0,0.0,118.2,-9.8,0.179,0.0,0.2
202694,Marcus Morris Sr.,1610612746,LAC,2022-23,0.423,0.379,0.187,0.0,0.0,0.3,0.3,134.7,-31.4,0.041,0.013,0.153
203935,Marcus Smart,1610612738,BOS,2022-23,0.592,0.552,0.192,5.1,2.24,1.3,0.3,109.9,3.7,0.101,0.032,0.086
203486,Mason Plumlee,1610612746,LAC,2022-23,0.925,0.875,0.109,1.8,3.0,0.4,0.4,117.7,6.3,0.149,0.167,0.222
1631108,Max Christie,1610612747,LAL,2022-23,0.553,0.55,0.145,0.3,0.0,0.0,0.1,81.4,18.6,0.125,0.026,0.158
1629622,Max Strus,1610612748,MIA,2022-23,0.538,0.516,0.14,1.4,5.5,0.3,0.3,111.8,-1.8,0.065,0.021,0.107
203086,Meyers Leonard,1610612749,MIL,2022-23,0.0,0.0,0.077,0.0,0.0,0.0,0.0,118.2,-9.8,0.0,0.0,0.2
1629008,Michael Porter Jr.,1610612743,DEN,2022-23,0.541,0.521,0.169,1.6,3.44,0.5,0.6,110.6,9.7,0.098,0.032,0.221
1628969,Mikal Bridges,1610612751,BKN,2022-23,0.539,0.494,0.293,4.0,2.0,0.5,0.5,117.1,-14.4,0.12,0.013,0.124
201144,Mike Conley,1610612750,MIN,2022-23,0.64,0.595,0.133,6.4,4.57,0.6,0.0,114.2,-3.7,0.095,0.012,0.061
203488,Mike Muscala,1610612738,BOS,2022-23,0.781,0.75,0.132,0.2,1.0,0.0,0.0,112.5,31.9,0.074,0.143,0.063
1630540,Miles McBride,1610612752,NYK,2022-23,0.375,0.375,0.08,0.1,0.0,0.0,0.1,76.6,-15.2,0.067,0.0,0.095
1629011,Mitchell Robinson,1610612752,NYK,2022-23,0.568,0.604,0.106,0.8,0.9,0.7,1.5,106.9,-0.4,0.09,0.176,0.157
1628964,Mo Bamba,1610612747,LAL,2022-23,0.0,0.0,0.087,0.3,0.0,0.0,0.3,60.9,39.1,0.07,0.0,0.2
1626149,Montrezl Harrell,1610612755,PHI,2022-23,0.0,0.0,0.214,0.0,0.0,0.0,0.0,107.1,-21.4,-0.073,0.0,0.2
1630541,Moses Moody,1610612744,GSW,2022-23,0.725,0.686,0.128,0.7,4.0,0.4,0.3,109.9,-4.7,0.112,0.041,0.135
1630233,Nathan Knight,1610612750,MIN,2022-23,0.25,0.25,0.385,0.0,0.0,0.0,0.0,111.1,-47.5,-0.083,0.143,0.0
1629651,Nic Claxton,1610612751,BKN,2022-23,0.714,0.72,0.129,1.5,2.0,0.3,1.8,110.6,-9.7,0.137,0.048,0.211
1629638,Nickeil Alexander-Walker,1610612750,MIN,2022-23,0.578,0.571,0.123,1.4,1.75,0.6,0.2,108.1,3.3,0.052,0.007,0.057
201587,Nicolas Batum,1610612746,LAC,2022-23,0.579,0.579,0.092,1.2,3.0,0.4,0.4,123.8,-15.6,0.046,0.01,0.141
203999,Nikola Jokić,1610612743,DEN,2022-23,0.631,0.591,0.301,9.5,2.71,1.1,1.0,110.5,9.7,0.21,0.092,0.258
1631107,Nikola Jović,1610612748,MIA,2022-23,0.25,0.25,0.118,0.0,0.0,0.0,0.0,100.0,18.5,0.074,0.067,0.25
1626181,Norman Powell,1610612746,LAC,2022-23,0.608,0.559,0.242,2.2,1.38,0.8,0.4,119.0,-4.0,0.093,0.023,0.069
1630167,Obi Toppin,1610612752,NYK,2022-23,0.533,0.521,0.2,0.6,0.88,0.7,0.3,104.4,-0.6,0.114,0.053,0.163
1630209,Omer Yurtseven,1610612748,MIA,2022-23,0.286,0.286,0.19,0.1,1.0,0.0,0.1,111.4,-5.5,0.016,0.158,0.105
1630168,Onyeka Okongwu,1610612737,ATL,2022-23,0.612,0.62,0.111,1.2,1.0,0.3,1.3,121.1,-3.3,0.06,0.129,0.153
200782,P.J. Tucker,1610612755,PHI,2022-23,0.516,0.51,0.087,1.5,3.2,1.2,0.3,114.8,-2.6,0.052,0.061,0.117
1628408,PJ Dozier,1610612758,SAC,2022-23,0.667,0.667,0.353,0.0,0.0,0.0,0.0,63.6,72.7,0.371,0.125,0.25
1626192,Pat Connaughton,1610612749,MIL,2022-23,0.756,0.75,0.157,1.8,3.5,1.0,0.3,114.4,-6.9,0.138,0.04,0.195
1631116,Patrick Baldwin Jr.,1610612744,GSW,2022-23,0.0,0.0,0.103,0.3,0.0,0.0,0.0,104.0,-16.0,0.021,0.0,0.214
201988,Patty Mills,1610612751,BKN,2022-23,0.0,0.0,0.167,0.0,0.0,0.0,0.0,88.9,-18.9,-0.333,0.0,0.0
1630194,Paul Reed,1610612755,PHI,2022-23,0.621,0.579,0.134,0.6,1.17,0.5,0.4,110.0,2.4,0.133,0.179,0.224
1630202,Payton Pritchard,1610612738,BOS,2022-23,0.661,0.636,0.209,1.1,2.2,0.1,0.0,115.7,8.0,0.128,0.0,0.136
1631212,Peyton Watson,1610612743,DEN,2022-23,0.5,0.5,0.207,0.2,1.0,0.0,0.2,82.1,-21.4,0.131,0.083,0.176
1629656,Quentin Grimes,1610612752,NYK,2022-23,0.452,0.402,0.108,1.4,1.3,1.0,0.6,103.6,3.3,0.041,0.012,0.085
1629628,RJ Barrett,1610612752,NYK,2022-23,0.55,0.494,0.256,2.8,1.24,0.8,0.2,109.6,-3.0,0.108,0.013,0.118
203526,Raul Neto,1610612739,CLE,2022-23,0.266,0.0,0.235,0.5,0.5,0.0,0.0,100.0,-18.8,-0.182,0.0,0.0
202704,Reggie Jackson,1610612743,DEN,2022-23,0.75,0.75,0.075,0.3,2.0,0.2,0.0,83.8,-12.7,0.129,0.0,0.1
201937,Ricky Rubio,1610612739,CLE,2022-23,0.0,0.0,0.154,1.0,0.6,0.3,0.0,94.3,-17.8,-0.04,0.111,0.211
203496,Robert Covington,1610612746,LAC,2022-23,0.0,0.0,0.111,1.0,0.0,0.0,0.5,133.3,-33.3,-0.013,0.0,0.167
1629057,Robert Williams III,1610612738,BOS,2022-23,0.786,0.788,0.117,1.0,1.19,0.5,1.3,113.5,2.9,0.114,0.095,0.195
201577,Robin Lopez,1610612739,CLE,2022-23,1.031,1.0,0.333,0.0,0.0,0.0,0.0,71.4,21.4,0.344,0.25,0.0
1626220,Royce O'Neale,1610612751,BKN,2022-23,0.335,0.31,0.134,3.5,3.5,1.3,0.3,112.4,-17.4,0.044,0.034,0.119
203497,Rudy Gobert,1610612750,MIN,2022-23,0.648,0.63,0.174,2.0,1.25,0.4,1.0,119.8,-4.8,0.113,0.116,0.246
1629060,Rui Hachimura,1610612747,LAL,2022-23,0.668,0.63,0.176,0.6,1.0,0.5,0.3,110.2,1.4,0.109,0.023,0.111
201566,Russell Westbrook,1610612746,LAC,2022-23,0.509,0.457,0.298,7.4,1.85,1.2,1.4,124.3,-6.5,0.114,0.047,0.168
1630180,Saddiq Bey,1610612737,ATL,2022-23,0.512,0.463,0.135,1.0,3.0,0.5,0.0,129.4,-10.5,0.063,0.046,0.144
1630573,Sam Hauser,1610612738,BOS,2022-23,0.502,0.483,0.123,0.3,0.0,0.1,0.1,110.9,13.1,0.05,0.052,0.114
1630583,Santi Aldama,1610612763,MEM,2022-23,0.576,0.561,0.146,1.2,3.5,0.5,0.0,119.3,-14.5,0.108,0.056,0.183
203552,Seth Curry,1610612751,BKN,2022-23,0.615,0.605,0.175,2.0,6.0,0.0,0.0,115.3,-16.2,0.094,0.0,0.058
1629003,Shake Milton,1610612755,PHI,2022-23,0.68,0.6,0.156,0.3,2.0,0.3,0.0,104.9,-9.8,0.154,0.0,0.15
1627885,Shaquille Harrison,1610612747,LAL,2022-23,0.635,0.643,0.118,1.1,0.0,0.3,0.0,96.6,3.4,0.163,0.0,0.111
203915,Spencer Dinwiddie,1610612751,BKN,2022-23,0.544,0.5,0.225,6.5,2.17,1.3,0.3,115.2,-9.9,0.091,0.007,0.073
201939,Stephen Curry,1610612744,GSW,2022-23,0.588,0.558,0.299,6.1,1.88,1.0,0.5,110.1,3.6,0.146,0.017,0.111
203933,T.J. Warren,1610612756,PHX,2022-23,0.385,0.342,0.12,0.5,3.0,0.2,0.5,108.4,6.1,0.024,0.025,0.06
1627752,Taurean Prince,1610612750,MIN,2022-23,0.528,0.485,0.179,0.8,0.8,0.6,0.2,119.1,-15.8,0.037,0.027,0.041
1629611,Terance Mann,1610612746,LAC,2022-23,0.717,0.712,0.14,2.2,1.22,0.8,0.2,115.7,6.5,0.069,0.049,0.07
1629056,Terence Davis,1610612758,SAC,2022-23,0.575,0.55,0.159,1.5,3.0,0.3,0.0,124.8,-5.8,0.051,0.035,0.119
203082,Terrence Ross,1610612756,PHX,2022-23,0.407,0.407,0.167,0.2,1.0,0.2,0.3,118.0,-4.8,0.022,0.0,0.127
203648,Thanasis Antetokounmpo,1610612749,MIL,2022-23,0.0,0.0,0.0,0.0,0.0,0.0,0.0,118.2,-9.8,0.0,0.0,0.0
1628418,Thomas Bryant,1610612743,DEN,2022-23,0.0,0.0,0.0,0.0,0.0,0.0,0.0,0.0,0.0,0.0,0.0,0.0
202699,Tobias Harris,1610612755,PHI,2022-23,0.597,0.578,0.169,1.6,2.25,0.6,0.5,113.5,-1.9,0.108,0.042,0.167
1628470,Torrey Craig,1610612756,PHX,2022-23,0.725,0.7,0.122,0.5,2.0,0.5,0.2,112.1,2.3,0.08,0.041,0.097
1629027,Trae Young,1610612737,ATL,2022-23,0.521,0.463,0.335,10.2,2.54,1.7,0.7,116.4,-7.3,0.131,0.019,0.075
1626168,Trey Lyles,1610612758,SAC,2022-23,0.545,0.538,0.147,0.7,1.67,0.3,0.0,104.9,10.0,0.102,0.07,0.24
202684,Tristan Thompson,1610612747,LAL,2022-23,0.417,0.455,0.187,0.3,2.0,0.0,0.0,92.2,9.3,0.087,0.121,0.167
1628972,Troy Brown Jr.,1610612747,LAL,2022-23,0.393,0.393,0.095,0.9,0.0,0.2,0.1,111.3,-5.2,0.065,0.029,0.127
1629639,Tyler Herro,1610612748,MIA,2022-23,0.667,0.667,0.213,2.0,2.0,0.0,1.0,100.0,32.6,0.127,0.0,0.095
1630178,Tyrese Maxey,1610612755,PHI,2022-23,0.55,0.516,0.223,2.3,3.13,1.4,0.5,110.7,-0.1,0.102,0.021,0.107
1626145,Tyus Jones,1610612763,MEM,2022-23,0.362,0.347,0.158,3.7,2.75,1.3,0.0,106.5,-8.1,0.077,0.02,0.112
2617,Udonis Haslem,1610612748,MIA,2022-23,0.0,0.0,0.375,0.0,0.0,0.0,0.0,100.0,-71.4,-0.211,0.0,0.5
203506,Victor Oladipo,1610612748,MIA,2022-23,0.566,0.579,0.22,1.0,1.0,1.0,0.5,118.8,1.3,0.068,0.031,0.115
1628427,Vlatko Čančar,1610612743,DEN,2022-23,0.0,0.0,0.227,0.2,0.0,0.0,0.0,81.8,-39.0,-0.048,0.0,0.2
1631111,Wendell Moore Jr.,1610612750,MIN,2022-23,0.0,0.0,0.2,0.0,0.0,0.0,0.0,40.0,20.0,-0.4,0.0,0.0
1629117,Wenyen Gabriel,1610612747,LAL,2022-23,0.442,0.4,0.127,0.0,0.0,0.2,0.3,101.3,-14.8,0.012,0.157,0.027
202083,Wesley Matthews,1610612749,MIL,2022-23,0.667,0.667,0.09,0.5,0.0,1.0,0.5,137.1,-34.8,0.057,0.02,0.059
1630214,Xavier Tillman,1610612763,MEM,2022-23,0.551,0.544,0.118,3.2,4.75,0.7,0.7,105.7,0.9,0.104,0.081,0.155
1629139,Yuta Watanabe,1610612751,BKN,2022-23,0.521,0.75,0.364,0.0,0.0,0.0,0.0,110.0,-32.2,0.0,0.0,0.333
1630192,Zeke Nnaji,1610612743,DEN,2022-23,0.625,0.625,0.192,0.0,0.0,0.2,0.0,76.9,-20.9,0.172,0.0,0.118
1630533,Ziaire Williams,1610612763,MEM,2022-23,0.357,0.357,0.3,0.5,1.0,0.0,0.0,100.0,-40.7,0.025,0.0,0.182
1630639,A.J. Lawson,1610612742,DAL,2023-24,0.557,0.556,0.156,0.0,0.0,0.0,0.1,109.8,-15.0,0.068,0.036,0.067
1631260,AJ Green,1610612749,MIL,2023-24,0.491,0.438,0.115,0.3,2.0,0.0,0.0,111.6,-3.8,0.03,0.0,0.127
203932,Aaron Gordon,1610612743,DEN,2023-24,0.66,0.631,0.153,4.4,2.94,0.8,0.6,112.9,-3.9,0.114,0.084,0.122
1630174,Aaron Nesmith,1610612754,IND,2023-24,0.566,0.511,0.145,2.2,1.61,0.6,0.5,117.7,2.6,0.055,0.036,0.12
1630598,Aaron Wiggins,1610612760,OKC,2023-24,0.598,0.553,0.172,1.0,1.11,0.6,0.3,100.0,8.4,0.114,0.061,0.122
201143,Al Horford,1610612738,BOS,2023-24,0.609,0.605,0.122,2.1,3.33,0.8,0.8,106.6,11.4,0.102,0.064,0.177
202692,Alec Burks,1610612752,NYK,2023-24,0.694,0.62,0.22,1.0,0.0,0.2,0.2,128.5,-11.9,0.161,0.03,0.165
1629599,Amir Coffey,1610612746,LAC,2023-24,0.386,0.386,0.107,0.3,0.4,0.3,0.2,112.9,-12.9,0.012,0.017,0.071
1641748,Andre Jackson Jr.,1610612749,MIL,2023-24,0.545,0.545,0.102,2.0,3.33,1.0,0.2,106.6,10.9,0.067,0.091,0.09
1629614,Andrew Nembhard,1610612754,IND,2023-24,0.654,0.64,0.178,5.5,4.09,0.4,0.2,119.4,2.6,0.099,0.027,0.076
1641710,Anthony Black,1610612753,ORL,2023-24,0.429,0.429,0.32,1.0,2.0,0.5,0.0,133.3,-38.1,0.092,0.1,0.143
203076,Anthony Davis,1610612747,LAL,2023-24,0.665,0.634,0.246,4.0,1.82,0.4,1.6,114.8,-3.2,0.178,0.078,0.297
1630162,Anthony Edwards,1610612750,MIN,2023-24,0.598,0.552,0.289,6.5,2.0,1.5,0.6,110.6,4.4,0.158,0.028,0.157
1630559,Austin Reaves,1610612747,LAL,2023-24,0.589,0.532,0.193,3.6,4.5,1.4,0.6,116.3,-3.5,0.101,0.03,0.078
1628389,Bam Adebayo,1610612748,MIA,2023-24,0.532,0.505,0.28,3.8,2.38,0.4,0.0,113.8,-10.0,0.135,0.057,0.2
1641767,Ben Sheppard,1610612754,IND,2023-24,0.587,0.57,0.11,1.0,1.55,0.5,0.1,113.8,6.5,0.052,0.033,0.12
1626171,Bobby Portis,1610612749,MIL,2023-24,0.512,0.5,0.255,1.0,0.67,0.5,0.2,114.7,7.7,0.123,0.092,0.277
202711,Bojan Bogdanovic,1610612752,NYK,2023-24,0.443,0.417,0.22,1.0,4.0,0.0,0.3,86.0,32.0,0.105,0.015,0.19
1629626,Bol Bol,1610612756,PHX,2023-24,0.333,0.333,0.107,0.0,0.0,0.3,0.0,88.0,0.5,0.08,0.0,0.444
1630538,Bones Hyland,1610612746,LAC,2023-24,0.628,0.5,0.345,1.3,4.0,0.0,0.0,116.0,8.0,0.235,0.0,0.167
203078,Bradley Beal,1610612756,PHX,2023-24,0.539,0.525,0.219,4.5,1.38,0.8,0.3,122.4,-14.2,0.056,0.043,0.035
1630527,Brandon Boston,1610612746,LAC,2023-24,0.512,0.5,0.217,0.3,0.0,0.0,0.0,114.3,23.8,0.053,0.125,0.1
1627742,Brandon Ingram,1610612740,NOP,2023-24,0.45,0.364,0.215,3.3,1.44,1.0,1.3,104.7,-14.0,0.078,0.006,0.117
201572,Brook Lopez,1610612749,MIL,2023-24,0.65,0.653,0.203,1.8,1.22,0.0,1.3,125.3,-10.7,0.094,0.056,0.073
1627741,Buddy Hield,1610612755,PHI,2023-24,0.615,0.588,0.157,0.5,1.0,0.0,0.3,117.5,-7.4,0.064,0.03,0.059
203468,CJ McCollum,1610612740,NOP,2023-24,0.474,0.466,0.261,4.8,1.19,1.8,0.8,113.5,-18.5,0.078,0.013,0.126
1631216,Caleb Houstan,1610612753,ORL,2023-24,0.75,0.75,0.061,0.0,0.0,0.0,0.0,129.6,-51.1,0.066,0.077,0.111
1628997,Caleb Martin,1610612748,MIA,2023-24,0.614,0.589,0.138,1.4,2.33,0.6,0.0,117.6,-15.5,0.062,0.029,0.079
1626166,Cameron Payne,1610612755,PHI,2023-24,0.56,0.56,0.2,1.4,2.33,0.2,0.8,110.3,-6.9,0.081,0.0,0.079
1627747,Caris LeVert,1610612739,CLE,2023-24,0.489,0.461,0.205,2.3,1.79,0.8,0.5,108.7,-7.4,0.094,0.027,0.116
1641717,Cason Wallace,1610612760,OKC,2023-24,0.501,0.5,0.104,1.0,2.5,0.9,0.2,97.8,10.6,0.038,0.036,0.028
1631096,Chet Holmgren,1610612760,OKC,2023-24,0.584,0.55,0.196,2.1,1.11,0.7,2.5,102.0,11.1,0.109,0.042,0.161
1641753,Chris Livingston,1610612749,MIL,2023-24,0.431,1.0,0.154,0.0,0.0,0.0,0.0,90.9,-7.6,-0.063,0.0,0.0
1631128,Christian Braun,1610612743,DEN,2023-24,0.5,0.463,0.14,0.8,9.0,0.2,0.4,98.5,3.0,0.068,0.045,0.116
1629643,Chuma Okeke,1610612753,ORL,2023-24,0.872,0.833,0.13,0.5,0.0,0.0,0.0,147.4,-47.4,0.12,0.0,0.0
1630175,Cole Anthony,1610612753,ORL,2023-24,0.4,0.341,0.209,1.3,1.8,0.6,0.1,94.0,8.0,0.049,0.019,0.123
1626156,D'Angelo Russell,1610612747,LAL,2023-24,0.481,0.479,0.205,4.2,2.33,0.8,0.2,107.6,4.7,0.062,0.006,0.065
1629610,DaQuan Jeffries,1610612752,NYK,2023-24,0.5,0.5,0.167,0.0,0.0,0.3,0.0,61.9,33.2,0.124,0.04,0.176
1627745,Damian Jones,1610612739,CLE,2023-24,0.0,0.0,0.091,1.0,1.0,0.0,0.5,110.0,-10.0,0.051,0.111,0.125
203081,Damian Lillard,1610612749,MIL,2023-24,0.64,0.543,0.3,5.0,2.22,1.0,0.0,124.8,-13.8,0.144,0.012,0.066
1629655,Daniel Gafford,1610612742,DAL,2023-24,0.65,0.634,0.172,0.7,0.79,0.3,1.5,111.3,-5.4,0.124,0.1,0.171
1628464,Daniel Theis,1610612746,LAC,2023-24,1.5,1.5,0.111,0.0,0.0,0.0,0.0,150.0,5.6,0.151,0.0,0.2
201568,Danilo Gallinari,1610612749,MIL,2023-24,0.564,0.5,0.139,0.7,2.0,0.0,0.0,120.3,1.8,0.097,0.03,0.211
203957,Danté Exum,1610612742,DAL,2023-24,0.461,0.443,0.159,0.6,2.4,0.1,0.0,106.5,-4.1,0.06,0.021,0.092
1629636,Darius Garland,1610612739,CLE,2023-24,0.522,0.5,0.22,5.8,2.56,1.1,0.2,110.6,-9.2,0.098,0.002,0.096
1631223,David Roddy,1610612756,PHX,2023-24,0.0,0.0,0.0,0.0,0.0,0.0,0.0,0.0,100.0,0.0,0.0,0.0
1629001,De'Anthony Melton,1610612755,PHI,2023-24,0.0,0.0,0.125,1.0,0.0,0.0,0.0,106.3,8.0,-0.031,0.0,0.111
201599,DeAndre Jordan,1610612743,DEN,2023-24,0.694,0.5,0.107,0.0,0.0,0.5,0.5,148.0,-80.0,0.065,0.053,0.2
1629731,Dean Wade,1610612739,CLE,2023-24,0.423,0.423,0.11,1.7,2.5,0.3,0.7,117.4,-13.3,0.035,0.015,0.091
1626153,Delon Wright,1610612748,MIA,2023-24,0.766,0.75,0.094,1.8,0.0,1.0,0.3,115.6,-10.0,0.1,0.021,0.098
1641726,Dereck Lively II,1610612742,DAL,2023-24,0.677,0.679,0.131,1.3,1.29,0.4,1.0,105.4,9.1,0.123,0.122,0.213
1627884,Derrick Jones Jr.,1610612742,DAL,2023-24,0.577,0.556,0.13,1.2,1.5,0.5,1.0,107.8,3.7,0.06,0.053,0.064
1628401,Derrick White,1610612738,BOS,2023-24,0.617,0.587,0.182,4.1,4.81,0.9,1.2,108.1,5.5,0.114,0.029,0.095
1626164,Devin Booker,1610612756,PHX,2023-24,0.662,0.546,0.263,6.0,2.18,1.8,0.3,122.3,-12.0,0.14,0.007,0.075
1628378,Donovan Mitchell,1610612739,CLE,2023-24,0.584,0.54,0.332,4.7,1.68,1.3,0.3,106.7,-0.7,0.164,0.016,0.123
1628978,Donte DiVincenzo,1610612752,NYK,2023-24,0.566,0.537,0.203,2.6,2.13,1.2,0.9,125.6,-6.9,0.086,0.027,0.093
203926,Doug McDermott,1610612754,IND,2023-24,0.591,0.591,0.081,0.7,7.0,0.0,0.2,113.7,-14.5,0.047,0.03,0.014
1629234,Drew Eubanks,1610612756,PHX,2023-24,0.638,0.583,0.179,0.0,0.0,0.7,0.3,120.0,-21.3,0.079,0.0,0.114
1629130,Duncan Robinson,1610612748,MIA,2023-24,0.406,0.406,0.172,1.2,1.2,0.4,0.0,129.9,-38.5,0.016,0.0,0.094
203939,Dwight Powell,1610612742,DAL,2023-24,0.532,0.333,0.095,0.2,1.0,0.1,0.0,95.6,4.4,0.031,0.071,0.196
1630700,Dyson Daniels,1610612740,NOP,2023-24,0.333,0.333,0.194,0.0,0.0,0.7,0.0,97.3,-31.6,0.057,0.0,0.133
1630604,E.J. Liddell,1610612740,NOP,2023-24,0.0,0.0,0.0,0.0,0.0,0.0,0.0,28.6,38.1,0.143,0.0,0.5
201569,Eric Gordon,1610612756,PHX,2023-24,0.508,0.446,0.139,1.3,1.25,1.3,0.5,125.1,-8.9,0.045,0.01,0.051
1630596,Evan Mobley,1610612739,CLE,2023-24,0.593,0.572,0.202,2.3,1.27,0.8,2.2,108.4,-3.5,0.136,0.072,0.188
1630532,Franz Wagner,1610612753,ORL,2023-24,0.539,0.451,0.217,4.4,3.44,0.7,1.3,98.5,6.3,0.141,0.035,0.145
1629216,Gabe Vincent,1610612747,LAL,2023-24,0.292,0.292,0.093,0.6,1.0,0.4,0.0,111.3,-10.6,-0.002,0.015,0.103
203914,Gary Harris,1610612753,ORL,2023-24,0.433,0.411,0.084,0.7,2.0,1.2,0.5,98.5,2.8,0.013,0.028,0.044
1627777,Georges Niang,1610612739,CLE,2023-24,0.314,0.256,0.187,0.4,0.57,0.4,0.2,113.0,-11.7,-0.024,0.025,0.072
1629048,Goga Bitadze,1610612753,ORL,2023-24,0.0,0.0,0.13,1.0,2.0,0.0,0.0,147.4,-47.4,0.03,0.125,0.4
202330,Gordon Hayward,1610612760,OKC,2023-24,0.0,0.0,0.029,0.4,0.0,0.1,0.1,85.1,17.0,0.083,0.022,0.25
1628960,Grayson Allen,1610612756,PHX,2023-24,0.518,0.3,0.109,1.0,0.67,0.5,0.0,111.8,-2.2,0.037,0.056,0.143
1629312,Haywood Highsmith,1610612748,MIA,2023-24,0.422,0.411,0.124,1.6,2.0,0.2,0.2,119.0,-24.0,0.023,0.017,0.105
1630529,Herbert Jones,1610612740,NOP,2023-24,0.562,0.488,0.176,2.5,0.91,1.3,0.3,110.2,-16.2,0.066,0.042,0.101
1641816,Hunter Tyson,1610612743,DEN,2023-24,0.102,0.0,0.182,0.3,1.0,0.0,0.0,96.4,-25.0,-0.047,0.05,0.118
1630171,Isaac Okoro,1610612739,CLE,2023-24,0.446,0.421,0.148,1.1,1.18,0.9,0.3,105.6,-3.7,0.025,0.019,0.058
1628392,Isaiah Hartenstein,1610612752,NYK,2023-24,0.642,0.599,0.123,3.5,2.42,0.3,0.9,128.2,-9.5,0.089,0.127,0.153
1630543,Isaiah Jackson,1610612754,IND,2023-24,0.56,0.535,0.149,0.5,1.75,0.2,0.9,109.9,-0.7,0.096,0.14,0.176
1630198,Isaiah Joe,1610612760,OKC,2023-24,0.593,0.593,0.149,1.0,2.0,0.5,0.0,105.4,1.9,0.083,0.023,0.107
202738,Isaiah Thomas,1610612756,PHX,2023-24,0.0,0.0,0.375,0.0,0.0,0.0,0.0,112.5,-62.5,-0.214,0.0,0.0
1627826,Ivica Zubac,1610612746,LAC,2023-24,0.615,0.6,0.204,1.0,0.75,0.8,0.5,111.2,-3.4,0.143,0.1,0.2
1630702,Jaden Hardy,1610612742,DAL,2023-24,0.536,0.507,0.273,0.9,2.43,0.2,0.0,106.0,-11.1,0.105,0.016,0.096
1630183,Jaden McDaniels,1610612750,MIN,2023-24,0.627,0.6,0.143,1.1,1.06,0.9,1.1,111.5,6.4,0.064,0.054,0.066
1630531,Jaden Springer,1610612738,BOS,2023-24,0.667,0.667,0.109,0.3,0.5,0.0,0.3,86.0,11.6,0.069,0.0,0.136
203109,Jae Crowder,1610612749,MIL,2023-24,0.349,0.292,0.143,0.5,0.0,0.0,0.5,123.3,-25.7,0.023,0.048,0.1
1631170,Jaime Jaquez Jr.,1610612748,MIA,2023-24,0.463,0.433,0.243,3.0,1.71,0.8,0.5,110.4,-10.8,0.078,0.017,0.089
1628973,Jalen Brunson,1610612752,NYK,2023-24,0.536,0.482,0.352,7.5,2.77,0.8,0.2,118.2,0.0,0.139,0.015,0.072
1629618,Jalen Pickett,1610612743,DEN,2023-24,0.667,0.667,0.115,0.3,0.0,0.0,0.3,77.3,-12.1,0.231,0.0,0.077
1630188,Jalen Smith,1610612754,IND,2023-24,0.564,0.5,0.15,0.3,0.5,0.3,0.1,123.9,-44.8,0.061,0.149,0.152
1630591,Jalen Suggs,1610612753,ORL,2023-24,0.541,0.488,0.21,3.3,1.15,1.3,0.4,99.4,6.8,0.093,0.044,0.109
1631114,Jalen Williams,1610612760,OKC,2023-24,0.544,0.516,0.223,5.4,2.84,1.7,0.5,104.7,8.0,0.132,0.035,0.136
1627750,Jamal Murray,1610612743,DEN,2023-24,0.474,0.448,0.286,5.6,2.16,0.8,0.5,114.1,-2.9,0.086,0.02,0.101
201935,James Harden,1610612746,LAC,2023-24,0.616,0.551,0.22,8.0,3.43,1.0,1.0,117.2,-9.8,0.154,0.013,0.102
201949,James Johnson,1610612754,IND,2023-24,0.568,0.0,1.0,0.0,0.0,0.0,0.0,0.0,50.0,1.0,0.0,0.0
1641716,Jarace Walker,1610612754,IND,2023-24,0.353,0.3,0.246,0.4,0.67,0.2,0.1,113.3,-32.7,0.022,0.045,0.111
1628386,Jarrett Allen,1610612739,CLE,2023-24,0.702,0.676,0.189,1.3,1.0,1.3,1.0,108.0,-4.9,0.213,0.122,0.313
1629637,Jaxson Hayes,1610612747,LAL,2023-24,0.174,0.0,0.093,0.3,0.5,0.0,0.0,100.0,15.2,0.006,0.13,0.346
1627759,Jaylen Brown,1610612738,BOS,2023-24,0.591,0.569,0.28,3.3,1.22,1.2,0.6,109.9,6.2,0.121,0.033,0.133
1631119,Jaylin Williams,1610612760,OKC,2023-24,0.633,0.621,0.131,1.5,5.0,0.4,0.3,105.8,-9.3,0.139,0.03,0.196
1628369,Jayson Tatum,1610612738,BOS,2023-24,0.549,0.48,0.28,6.3,2.38,1.1,0.7,108.6,9.2,0.149,0.023,0.224
1630526,Jeremiah Robinson-Earl,1610612740,NOP,2023-24,0.347,0.5,0.273,1.0,0.0,0.0,0.0,90.0,-10.0,0.042,0.143,0.0
1630579,Jericho Sims,1610612752,NYK,2023-24,0.931,1.0,0.06,0.2,0.0,0.4,0.2,78.9,10.9,0.181,0.088,0.217
1641724,Jett Howard,1610612753,ORL,2023-24,0.833,0.833,0.217,0.5,0.5,0.0,0.0,147.4,-47.4,0.06,0.0,0.2
204060,Joe Ingles,1610612753,ORL,2023-24,0.427,0.417,0.076,1.7,0.0,0.4,0.0,97.7,10.5,0.121,0.029,0.162
203954,Joel Embiid,1610612755,PHI,2023-24,0.592,0.492,0.358,5.7,1.36,1.2,1.5,114.8,9.3,0.176,0.084,0.169
202685,Jonas Valančiūnas,1610612740,NOP,2023-24,0.586,0.524,0.28,1.3,0.5,0.5,0.0,116.5,-20.4,0.158,0.176,0.302
1628371,Jonathan Isaac,1610612753,ORL,2023-24,0.552,0.538,0.127,0.4,0.75,0.7,1.3,98.7,3.6,0.108,0.063,0.167
1641722,Jordan Hawkins,1610612740,NOP,2023-24,0.0,0.0,0.138,0.0,0.0,0.0,0.0,76.0,7.3,-0.105,0.0,0.25
1629162,Jordan McLaughlin,1610612750,MIN,2023-24,0.202,0.222,0.164,0.3,1.0,0.0,0.0,81.4,20.2,-0.022,0.0,0.118
1641775,Jordan Walsh,1610612738,BOS,2023-24,0.333,0.333,0.125,0.0,0.0,0.0,0.0,62.5,28.8,0.082,0.0,0.133
1630631,Jose Alvarado,1610612740,NOP,2023-24,0.175,0.175,0.166,2.3,2.25,1.3,0.3,102.4,-17.1,0.008,0.0,0.085
1630581,Josh Giddey,1610612760,OKC,2023-24,0.554,0.533,0.215,2.1,1.75,0.2,0.4,98.9,10.1,0.113,0.037,0.149
1630182,Josh Green,1610612742,DAL,2023-24,0.584,0.559,0.109,1.0,3.29,0.8,0.1,109.7,0.4,0.07,0.055,0.089
1628404,Josh Hart,1610612752,NYK,2023-24,0.552,0.513,0.163,4.5,1.74,1.0,0.8,122.3,-4.3,0.1,0.065,0.222
1631169,Josh Minott,1610612750,MIN,2023-24,0.333,0.333,0.196,0.6,0.0,0.0,0.0,70.3,27.2,0.105,0.043,0.182
1629006,Josh Okogie,1610612756,PHX,2023-24,0.601,0.611,0.226,0.5,1.0,0.5,0.0,110.2,12.6,0.068,0.0,0.118
201950,Jrue Holiday,1610612738,BOS,2023-24,0.617,0.593,0.146,4.4,2.86,1.1,0.6,107.3,10.0,0.101,0.053,0.111
1631124,Julian Strawther,1610612743,DEN,2023-24,0.451,0.417,0.25,0.0,0.0,0.3,0.0,100.0,-35.5,0.0,0.0,0.105
203200,Justin Holiday,1610612743,DEN,2023-24,0.476,0.471,0.119,0.3,1.33,0.5,0.0,94.4,9.0,0.039,0.007,0.135
203994,Jusuf Nurkić,1610612756,PHX,2023-24,0.503,0.5,0.162,2.8,1.83,1.5,1.5,120.3,-14.9,0.091,0.127,0.198
1626157,Karl-Anthony Towns,1610612750,MIN,2023-24,0.581,0.53,0.245,2.6,1.56,0.8,0.2,111.7,1.0,0.133,0.068,0.225
202695,Kawhi Leonard,1610612746,LAC,2023-24,0.474,0.458,0.23,2.0,1.0,2.0,0.5,109.7,-9.7,0.125,0.054,0.21
1626162,Kelly Oubre Jr.,1610612755,PHI,2023-24,0.574,0.555,0.156,1.7,1.25,1.8,1.2,115.1,6.5,0.063,0.042,0.062
1631112,Kendall Brown,1610612754,IND,2023-24,0.333,0.333,0.173,0.3,0.67,0.0,0.1,110.2,-42.2,0.008,0.0,0.125
1629026,Kenrich Williams,1610612760,OKC,2023-24,0.25,0.25,0.113,0.4,0.0,0.1,0.0,101.6,-6.5,0.07,0.03,0.226
203484,Kentavious Caldwell-Pope,1610612743,DEN,2023-24,0.534,0.5,0.107,2.6,3.1,1.4,0.4,113.0,0.9,0.045,0.013,0.076
201142,Kevin Durant,1610612756,PHX,2023-24,0.653,0.59,0.256,3.3,1.3,0.5,1.5,129.4,-18.8,0.141,0.007,0.154
201567,Kevin Love,1610612748,MIA,2023-24,0.5,0.5,0.167,0.8,2.0,0.0,0.0,150.0,-51.6,0.113,0.045,0.464
203114,Khris Middleton,1610612749,MIL,2023-24,0.582,0.531,0.276,4.7,2.0,0.5,0.2,116.9,0.9,0.129,0.056,0.187
1641738,Kobe Brown,1610612746,LAC,2023-24,0.0,0.0,0.0,0.0,0.0,0.0,0.0,114.3,20.7,0.011,0.125,0.1
204001,Kristaps Porziņģis,1610612738,BOS,2023-24,0.617,0.55,0.212,1.1,1.6,0.7,1.6,101.6,12.2,0.128,0.025,0.164
203937,Kyle Anderson,1610612750,MIN,2023-24,0.514,0.474,0.137,2.5,3.8,0.7,0.3,112.7,-7.3,0.088,0.077,0.109
200768,Kyle Lowry,1610612755,PHI,2023-24,0.544,0.469,0.113,4.0,6.0,1.0,0.7,114.4,5.4,0.06,0.039,0.077
202681,Kyrie Irving,1610612742,DAL,2023-24,0.566,0.534,0.24,5.1,2.22,1.0,0.3,110.9,5.7,0.108,0.026,0.067
1626204,Larry Nance Jr.,1610612740,NOP,2023-24,0.636,0.618,0.132,1.8,1.0,0.5,0.0,102.3,-11.0,0.132,0.176,0.243
2544,LeBron James,1610612747,LAL,2023-24,0.637,0.616,0.277,8.8,2.32,2.4,1.0,113.2,-4.3,0.171,0.021,0.144
1631159,Leonard Miller,1610612750,MIN,2023-24,0.0,0.0,0.059,0.0,0.0,0.0,0.0,84.6,35.4,0.116,0.167,0.429
1630322,Lindy Waters III,1610612760,OKC,2023-24,0.0,0.0,0.056,0.0,0.0,0.0,0.0,94.1,-27.5,0.0,0.0,0.125
1629652,Luguentz Dort,1610612760,OKC,2023-24,0.538,0.5,0.141,2.0,1.82,1.3,0.2,104.9,4.9,0.05,0.054,0.073
1629029,Luka Dončić,1610612742,DAL,2023-24,0.556,0.514,0.324,8.1,1.98,1.9,0.4,109.4,4.3,0.177,0.018,0.211
1630568,Luka Garza,1610612750,MIN,2023-24,0.934,0.917,0.254,0.1,0.0,0.0,0.0,68.6,36.8,0.454,0.071,0.125
1628436,Luke Kornet,1610612738,BOS,2023-24,0.73,0.667,0.113,0.5,1.17,0.1,0.4,111.4,-6.8,0.106,0.144,0.164
1627736,Malik Beasley,1610612749,MIL,2023-24,0.646,0.646,0.146,0.7,1.33,0.7,0.0,119.4,-15.7,0.078,0.007,0.105
1629603,Mamadi Diakite,1610612752,NYK,2023-24,0.258,0.0,0.139,0.3,1.0,0.3,0.3,54.8,45.2,0.017,0.0,0.25
1630699,MarJon Beauchamp,1610612749,MIL,2023-24,0.307,0.25,0.273,0.5,2.0,0.0,0.0,80.0,10.5,0.0,0.0,0.111
202694,Marcus Morris Sr.,1610612739,CLE,2023-24,0.558,0.552,0.173,0.3,1.0,0.4,0.0,114.2,-14.6,0.096,0.014,0.187
1628365,Markelle Fultz,1610612753,ORL,2023-24,0.593,0.588,0.186,1.1,1.0,0.4,0.0,90.0,16.2,0.093,0.061,0.064
202693,Markieff Morris,1610612742,DAL,2023-24,0.3,0.3,0.24,0.0,0.0,0.0,0.0,96.0,29.0,0.019,0.0,0.235
203486,Mason Plumlee,1610612746,LAC,2023-24,0.441,0.389,0.151,0.7,2.0,0.5,0.3,109.4,-4.2,0.058,0.091,0.206
1630346,Matt Ryan,1610612740,NOP,2023-24,0.0,0.0,0.333,0.0,0.0,1.0,0.0,28.6,38.1,0.0,0.0,0.5
1629622,Max Strus,1610612739,CLE,2023-24,0.542,0.529,0.128,2.9,2.33,0.8,0.0,111.7,-4.0,0.063,0.019,0.13
1628467,Maxi Kleber,1610612742,DAL,2023-24,0.576,0.564,0.091,1.0,2.6,0.2,0.3,109.8,2.2,0.05,0.018,0.1
1629008,Michael Porter Jr.,1610612743,DEN,2023-24,0.6,0.579,0.178,1.1,0.72,0.9,0.8,114.4,-1.3,0.089,0.018,0.184
201144,Mike Conley,1610612750,MIN,2023-24,0.553,0.531,0.165,5.7,4.3,1.4,0.2,110.9,4.2,0.104,0.022,0.111
1630540,Miles McBride,1610612752,NYK,2023-24,0.553,0.536,0.173,1.9,2.27,0.5,0.2,117.9,-4.4,0.064,0.018,0.068
1629011,Mitchell Robinson,1610612752,NYK,2023-24,0.485,0.5,0.071,0.5,1.0,1.0,1.2,106.6,13.2,0.068,0.18,0.144
1628420,Monte Morris,1610612750,MIN,2023-24,0.34,0.317,0.189,1.0,0.0,0.2,0.1,89.4,0.8,0.051,0.013,0.071
1629021,Moritz Wagner,1610612753,ORL,2023-24,0.506,0.472,0.209,0.3,0.25,0.9,0.4,87.6,18.2,0.081,0.099,0.187
1626167,Myles Turner,1610612754,IND,2023-24,0.637,0.612,0.213,2.1,1.09,0.5,1.5,119.0,4.9,0.104,0.052,0.16
1630230,Naji Marshall,1610612740,NOP,2023-24,0.587,0.536,0.169,1.3,2.5,0.5,0.5,113.7,-18.5,0.085,0.032,0.113
1629642,Nassir Little,1610612756,PHX,2023-24,0.7,0.7,0.185,0.0,0.0,0.0,0.0,107.7,-23.1,0.096,0.0,0.077
1629675,Naz Reid,1610612750,MIN,2023-24,0.569,0.546,0.21,1.0,1.14,0.5,0.8,113.4,-2.9,0.092,0.026,0.154
1629674,Neemias Queta,1610612738,BOS,2023-24,0.667,0.667,0.103,0.0,0.0,0.0,0.3,55.6,40.7,0.214,0.083,0.111
1629638,Nickeil Alexander-Walker,1610612750,MIN,2023-24,0.498,0.473,0.149,2.3,2.47,0.6,0.4,110.7,0.5,0.056,0.013,0.068
201587,Nicolas Batum,1610612755,PHI,2023-24,0.584,0.569,0.097,1.3,1.6,0.2,0.8,114.6,-4.7,0.069,0.05,0.138
203999,Nikola Jokić,1610612743,DEN,2023-24,0.625,0.574,0.291,8.7,2.6,1.4,0.7,111.1,2.0,0.205,0.092,0.26
1631107,Nikola Jović,1610612748,MIA,2023-24,0.601,0.569,0.165,2.2,1.83,1.0,0.6,116.4,-24.5,0.127,0.015,0.25
1626181,Norman Powell,1610612746,LAC,2023-24,0.57,0.533,0.181,0.3,0.29,0.5,0.0,114.9,-6.6,0.052,0.017,0.08
1628384,OG Anunoby,1610612752,NYK,2023-24,0.583,0.577,0.169,1.1,1.0,0.9,1.0,119.3,-0.7,0.093,0.021,0.15
1630167,Obi Toppin,1610612754,IND,2023-24,0.634,0.615,0.197,1.7,2.07,0.4,0.4,113.6,-0.1,0.129,0.029,0.185
1641765,Olivier-Maxence Prosper,1610612742,DAL,2023-24,0.0,0.0,0.111,0.3,0.0,0.0,0.0,88.9,-30.1,0.133,0.0,0.273
1631115,Orlando Robinson,1610612748,MIA,2023-24,0.0,0.0,0.167,1.0,0.0,0.0,0.0,50.0,50.0,0.182,0.0,0.5
1629052,Oshae Brissett,1610612738,BOS,2023-24,0.627,0.636,0.121,0.0,0.0,0.3,0.2,93.7,12.8,0.123,0.061,0.19
1631172,Ousmane Dieng,1610612760,OKC,2023-24,0.5,0.5,0.143,0.0,0.0,0.0,0.0,85.7,0.0,0.045,0.0,0.0
200782,P.J. Tucker,1610612746,LAC,2023-24,0.917,0.917,0.129,0.0,0.0,0.0,0.0,145.6,-40.3,0.013,0.091,0.0
1629023,P.J. Washington,1610612742,DAL,2023-24,0.554,0.528,0.165,1.4,0.97,0.7,0.8,110.4,3.4,0.074,0.043,0.14
1631094,Paolo Banchero,1610612753,ORL,2023-24,0.554,0.51,0.332,4.0,0.88,1.1,0.6,99.1,3.4,0.164,0.049,0.174
1627783,Pascal Siakam,1610612754,IND,2023-24,0.578,0.566,0.25,3.8,3.37,0.8,0.4,117.5,4.2,0.126,0.075,0.144
1626192,Pat Connaughton,1610612749,MIL,2023-24,0.522,0.5,0.101,2.2,4.33,1.0,0.2,110.1,-0.9,0.094,0.025,0.147
201976,Patrick Beverley,1610612749,MIL,2023-24,0.537,0.462,0.111,5.5,5.5,1.0,0.7,121.6,-1.5,0.068,0.02,0.077
201988,Patty Mills,1610612748,MIA,2023-24,0.48,0.441,0.186,1.0,3.0,0.3,0.0,112.5,-10.4,0.044,0.02,0.0
202331,Paul George,1610612746,LAC,2023-24,0.552,0.505,0.245,4.8,2.07,1.2,0.5,115.7,-4.8,0.127,0.014,0.177
1630194,Paul Reed,1610612755,PHI,2023-24,0.455,0.444,0.125,0.3,0.67,0.2,0.5,125.9,-52.6,0.068,0.155,0.156
1630202,Payton Pritchard,1610612738,BOS,2023-24,0.553,0.529,0.16,2.1,2.86,0.2,0.0,108.6,5.7,0.069,0.041,0.068
1631212,Peyton Watson,1610612743,DEN,2023-24,0.338,0.313,0.139,0.4,1.33,0.0,0.6,101.6,-17.3,0.02,0.018,0.137
1630173,Precious Achiuwa,1610612752,NYK,2023-24,0.482,0.488,0.124,0.6,1.25,0.4,1.3,125.4,-6.4,0.047,0.113,0.091
202704,Reggie Jackson,1610612743,DEN,2023-24,0.43,0.417,0.215,1.0,1.5,0.2,0.1,98.8,1.2,0.042,0.017,0.112
1626220,Royce O'Neale,1610612756,PHX,2023-24,0.455,0.455,0.102,1.0,2.0,0.3,0.0,122.3,-19.5,0.036,0.051,0.13
203497,Rudy Gobert,1610612750,MIN,2023-24,0.652,0.615,0.139,1.6,1.04,0.9,1.0,109.3,9.8,0.103,0.084,0.229
1629060,Rui Hachimura,1610612747,LAL,2023-24,0.47,0.461,0.134,0.8,2.0,0.0,0.0,115.2,-7.6,0.032,0.041,0.081
201566,Russell Westbrook,1610612746,LAC,2023-24,0.341,0.3,0.239,1.7,1.0,1.2,0.5,108.6,2.3,0.038,0.046,0.162
1630573,Sam Hauser,1610612738,BOS,2023-24,0.601,0.589,0.141,0.6,3.67,0.3,0.2,102.2,15.5,0.08,0.03,0.119
1630241,Sam Merrill,1610612739,CLE,2023-24,0.544,0.517,0.114,0.9,0.0,0.0,0.0,113.3,-4.6,0.052,0.017,0.09
1628983,Shai Gilgeous-Alexander,1610612760,OKC,2023-24,0.582,0.531,0.312,6.4,2.91,1.3,1.7,104.4,6.4,0.183,0.019,0.152
1629003,Shake Milton,1610612752,NYK,2023-24,0.289,0.0,0.167,0.5,0.0,0.3,0.0,68.9,26.6,0.042,0.0,0.056
203915,Spencer Dinwiddie,1610612747,LAL,2023-24,0.451,0.429,0.105,1.6,8.0,0.4,0.2,109.8,-12.4,0.041,0.013,0.076
1629004,Svi Mykhailiuk,1610612738,BOS,2023-24,0.333,0.333,0.215,0.1,0.5,0.1,0.0,98.4,-8.6,0.005,0.034,0.129
204456,T.J. McConnell,1610612754,IND,2023-24,0.522,0.505,0.257,5.1,4.1,0.9,0.1,113.9,1.1,0.137,0.032,0.119
203933,T.J. Warren,1610612750,MIN,2023-24,0.0,0.0,0.071,0.3,0.0,0.0,0.0,77.3,27.1,0.034,0.154,0.071
1627752,Taurean Prince,1610612747,LAL,2023-24,0.569,0.5,0.132,0.6,3.0,0.2,0.4,108.3,-3.2,0.061,0.01,0.094
1629611,Terance Mann,1610612746,LAC,2023-24,0.565,0.522,0.132,1.8,2.2,0.0,0.0,113.9,-5.3,0.057,0.091,0.07
201152,Thaddeus Young,1610612756,PHX,2023-24,0.0,0.0,0.0,0.0,0.0,0.0,0.0,112.5,-62.5,0.0,0.0,0.0
203648,Thanasis Antetokounmpo,1610612749,MIL,2023-24,0.0,0.0,0.0,0.0,0.0,0.5,0.5,90.9,9.1,0.033,0.0,0.0
1628418,Thomas Bryant,1610612748,MIA,2023-24,0.721,0.714,0.286,0.5,0.5,0.0,0.0,96.9,-15.1,0.2,0.118,0.176
203501,Tim Hardaway Jr.,1610612742,DAL,2023-24,0.496,0.491,0.151,0.4,2.5,0.4,0.1,113.4,-10.0,0.065,0.011,0.12
202699,Tobias Harris,1610612755,PHI,2023-24,0.512,0.49,0.118,1.5,3.0,0.2,0.5,115.9,-1.1,0.076,0.043,0.143
1630530,Trey Murphy III,1610612740,NOP,2023-24,0.479,0.479,0.142,2.3,1.13,1.3,1.5,110.4,-17.8,0.063,0.016,0.145
202684,Tristan Thompson,1610612739,CLE,2023-24,0.444,0.438,0.095,1.0,5.0,0.1,0.5,107.4,-17.7,0.084,0.102,0.12
1629639,Tyler Herro,1610612748,MIA,2023-24,0.51,0.481,0.244,5.4,1.93,0.4,0.0,114.4,-11.6,0.082,0.0,0.099
1630169,Tyrese Haliburton,1610612754,IND,2023-24,0.626,0.612,0.214,8.2,3.97,1.3,0.7,116.9,4.9,0.145,0.024,0.115
1630178,Tyrese Maxey,1610612755,PHI,2023-24,0.595,0.558,0.275,6.8,3.15,0.8,0.3,118.2,-1.6,0.15,0.004,0.108
1628976,Wendell Carter Jr.,1610612753,ORL,2023-24,0.511,0.479,0.133,1.3,1.8,0.7,0.6,100.5,6.2,0.082,0.046,0.184
1631111,Wendell Moore Jr.,1610612750,MIN,2023-24,0.5,0.5,0.186,0.3,2.0,0.2,0.0,73.0,19.3,0.081,0.0,0.091
1630214,Xavier Tillman,1610612738,BOS,2023-24,0.711,0.688,0.071,0.4,1.0,0.4,0.4,95.5,19.0,0.077,0.063,0.137
1630192,Zeke Nnaji,1610612743,DEN,2023-24,0.644,0.667,0.182,0.0,0.0,0.0,0.3,89.3,-20.3,0.05,0.1,0.0
1631260,AJ Green,1610612749,MIL,2024-25,0.69,0.692,0.132,2.0,0.0,0.0,0.2,110.5,5.7,0.077,0.015,0.085
203932,Aaron Gordon,1610612743,DEN,2024-25,0.601,0.551,0.175,2.7,1.46,0.6,0.4,113.9,0.8,0.096,0.097,0.104
1628988,Aaron Holiday,1610612745,HOU,2024-25,0.51,0.5,0.203,1.0,3.0,0.0,0.0,116.7,-23.4,0.039,0.04,0.038
1630174,Aaron Nesmith,1610612754,IND,2024-25,0.639,0.613,0.167,1.1,1.13,0.9,0.8,108.8,7.7,0.087,0.043,0.149
1630598,Aaron Wiggins,1610612760,OKC,2024-25,0.522,0.5,0.19,0.9,1.18,0.5,0.3,99.5,15.9,0.076,0.043,0.113
1642349,Ajay Mitchell,1610612760,OKC,2024-25,0.551,0.529,0.212,0.8,1.5,0.2,0.0,105.3,-6.3,0.075,0.038,0.066
201143,Al Horford,1610612738,BOS,2024-25,0.586,0.569,0.106,1.8,2.86,0.6,1.3,108.3,2.1,0.085,0.05,0.13
202692,Alec Burks,1610612748,MIA,2024-25,1.0,1.0,0.1,2.0,0.0,0.0,0.0,121.4,0.8,0.137,0.0,0.133
1627936,Alex Caruso,1610612760,OKC,2024-25,0.598,0.566,0.144,2.2,2.68,2.0,0.6,101.6,10.4,0.095,0.028,0.079
203458,Alex Len,1610612747,LAL,2024-25,0.0,0.0,0.091,0.0,0.0,0.0,0.0,66.7,16.7,0.375,0.429,0.333
1630578,Alperen Sengun,1610612745,HOU,2024-25,0.491,0.462,0.278,5.3,2.47,1.9,0.4,104.0,7.0,0.157,0.077,0.225
1641708,Amen Thompson,1610612745,HOU,2024-25,0.545,0.5,0.208,3.3,1.92,1.7,0.9,109.6,0.6,0.116,0.079,0.116
1641748,Andre Jackson Jr.,1610612749,MIL,2024-25,0.0,0.0,0.071,0.0,0.0,0.0,0.0,88.9,-28.9,-0.118,0.0,0.0
1629614,Andrew Nembhard,1610612754,IND,2024-25,0.59,0.561,0.162,4.7,2.55,1.5,0.2,110.9,4.2,0.087,0.019,0.074
203952,Andrew Wiggins,1610612748,MIA,2024-25,0.485,0.453,0.223,2.3,0.82,0.3,1.3,135.9,-33.3,0.042,0.033,0.082
1641710,Anthony Black,1610612753,ORL,2024-25,0.48,0.432,0.217,0.0,0.0,0.8,0.2,123.1,-21.3,0.09,0.106,0.162
1630162,Anthony Edwards,1610612750,MIN,2024-25,0.564,0.53,0.273,5.5,2.1,1.1,0.7,109.1,4.1,0.155,0.03,0.166
1630574,Ariel Hukporti,1610612752,NYK,2024-25,0.694,1.0,0.273,0.0,0.0,0.0,0.0,87.5,62.5,0.17,0.0,0.667
1641709,Ausar Thompson,1610612765,DET,2024-25,0.596,0.571,0.213,1.0,0.55,1.2,0.8,103.8,6.3,0.088,0.06,0.158
1630559,Austin Reaves,1610612747,LAL,2024-25,0.532,0.514,0.212,3.6,1.29,0.2,0.6,116.2,-10.1,0.073,0.022,0.106
1628389,Bam Adebayo,1610612748,MIA,2024-25,0.508,0.492,0.24,4.3,1.42,1.0,0.3,132.4,-25.7,0.101,0.107,0.199
1631248,Baylor Scheierman,1610612738,BOS,2024-25,0.4,0.4,0.216,0.0,0.0,0.0,0.0,114.3,-2.4,0.017,0.038,0.158
1641767,Ben Sheppard,1610612754,IND,2024-25,0.635,0.618,0.095,0.4,0.73,0.4,0.0,115.0,-3.4,0.037,0.03,0.107
1627732,Ben Simmons,1610612746,LAC,2024-25,0.333,0.333,0.082,0.8,2.0,0.2,0.8,91.0,9.0,-0.004,0.067,0.091
1631097,Bennedict Mathurin,1610612754,IND,2024-25,0.628,0.52,0.24,0.9,0.73,0.4,0.3,112.1,-7.5,0.124,0.069,0.11
1626171,Bobby Portis,1610612749,MIL,2024-25,0.511,0.515,0.203,1.4,1.17,0.4,0.4,111.1,4.5,0.096,0.047,0.198
203992,Bogdan Bogdanović,1610612746,LAC,2024-25,0.478,0.443,0.211,2.1,1.36,0.4,0.0,103.9,5.0,0.038,0.041,0.128
1641764,Brandin Podziemski,1610612744,GSW,2024-25,0.473,0.447,0.183,3.1,2.06,1.3,0.2,109.6,-2.7,0.08,0.04,0.117
1630296,Braxton Key,1610612744,GSW,2024-25,0.125,0.125,0.147,0.2,0.33,0.4,0.4,92.3,24.4,-0.018,0.147,0.154
1642355,Bronny James,1610612747,LAL,2024-25,0.0,0.0,0.182,0.0,0.0,0.0,0.0,66.7,16.7,-0.5,0.0,0.0
201572,Brook Lopez,1610612749,MIL,2024-25,0.517,0.455,0.162,0.8,1.0,0.2,1.0,122.4,-18.0,0.03,0.043,0.086
1627741,Buddy Hield,1610612744,GSW,2024-25,0.572,0.548,0.187,1.8,1.62,1.2,0.4,110.4,-0.3,0.087,0.052,0.078
1630595,Cade Cunningham,1610612765,DET,2024-25,0.509,0.446,0.304,8.7,1.63,1.8,1.3,107.6,1.5,0.145,0.024,0.17
1631216,Caleb Houstan,1610612753,ORL,2024-25,0.214,0.214,0.142,0.2,0.5,0.0,0.2,135.9,-34.8,-0.033,0.039,0.044
1642353,Cam Christie,1610612746,LAC,2024-25,0.833,0.833,0.125,0.0,0.0,0.3,0.0,77.8,61.5,0.129,0.0,0.182
1641715,Cam Whitmore,1610612745,HOU,2024-25,0.0,0.0,0.125,0.0,0.0,0.0,0.0,171.4,-118.1,-0.032,0.0,0.25
1626166,Cameron Payne,1610612752,NYK,2024-25,0.391,0.392,0.191,0.6,1.29,0.4,0.1,98.5,-4.8,-0.013,0.0,0.068
1641717,Cason Wallace,1610612760,OKC,2024-25,0.52,0.513,0.11,2.1,3.0,1.4,0.4,99.9,14.2,0.065,0.041,0.067
1631096,Chet Holmgren,1610612760,OKC,2024-25,0.565,0.513,0.205,1.0,0.79,0.7,1.9,101.4,11.8,0.133,0.058,0.208
1641753,Chris Livingston,1610612749,MIL,2024-25,0.0,0.0,0.071,0.0,0.0,0.0,0.0,88.9,-38.9,0.0,0.0,0.333
1631128,Christian Braun,1610612743,DEN,2024-25,0.548,0.524,0.139,2.4,2.43,1.2,0.7,112.3,-0.9,0.072,0.045,0.111
1629643,Chuma Okeke,1610612739,CLE,2024-25,0.375,0.375,0.138,0.3,0.0,0.3,0.0,76.9,48.1,0.045,0.0,0.0
1630175,Cole Anthony,1610612763,MEM,2024-25,0.349,0.286,0.207,1.2,0.67,0.0,0.2,112.9,-17.1,-0.063,0.053,0.103
202709,Cory Joseph,1610612753,ORL,2024-25,0.521,0.521,0.095,3.0,7.5,1.0,0.4,106.7,-3.8,0.065,0.007,0.065
1641854,Craig Porter Jr.,1610612739,CLE,2024-25,0.5,0.5,0.171,1.5,4.5,0.5,0.3,76.3,36.0,0.154,0.086,0.068
1642261,Dalton Knecht,1610612747,LAL,2024-25,0.5,0.5,0.455,0.0,0.0,0.0,0.0,66.7,16.7,1.0,0.286,0.333
203081,Damian Lillard,1610612749,MIL,2024-25,0.349,0.278,0.189,4.7,4.67,0.7,0.7,114.0,8.5,0.036,0.013,0.097
1629636,Darius Garland,1610612739,CLE,2024-25,0.566,0.493,0.279,5.2,1.73,0.4,0.0,125.9,-5.1,0.081,0.006,0.079
1630558,Davion Mitchell,1610612748,MIA,2024-25,0.681,0.695,0.168,6.3,3.13,0.8,0.3,136.5,-30.3,0.092,0.014,0.055
1629631,De'Andre Hunter,1610612739,CLE,2024-25,0.591,0.524,0.183,1.0,1.14,0.5,0.1,107.8,15.7,0.085,0.032,0.122
201599,DeAndre Jordan,1610612743,DEN,2024-25,0.63,1.0,0.088,0.3,1.0,0.0,0.1,125.0,-18.1,0.014,0.036,0.258
1629731,Dean Wade,1610612739,CLE,2024-25,0.417,0.417,0.061,0.7,2.0,0.3,0.1,110.8,6.5,0.055,0.067,0.219
1626153,Delon Wright,1610612752,NYK,2024-25,0.354,0.278,0.096,0.8,5.0,0.5,0.2,105.2,7.9,0.051,0.02,0.026
203471,Dennis Schröder,1610612765,DET,2024-25,0.625,0.585,0.178,3.7,3.14,1.2,0.2,110.2,-2.8,0.118,0.027,0.057
1627884,Derrick Jones Jr.,1610612746,LAC,2024-25,0.495,0.5,0.184,0.3,0.67,0.6,1.3,105.8,0.4,0.074,0.038,0.062
1628401,Derrick White,1610612738,BOS,2024-25,0.636,0.599,0.191,3.5,3.0,0.6,1.1,109.1,2.9,0.13,0.034,0.098
1630217,Desmond Bane,1610612753,ORL,2024-25,0.438,0.373,0.239,3.3,0.87,0.8,0.5,119.3,-24.8,0.064,0.032,0.144
1628415,Dillon Brooks,1610612745,HOU,2024-25,0.585,0.524,0.185,1.3,1.0,0.7,0.3,111.4,3.4,0.057,0.047,0.062
1641794,Dillon Jones,1610612760,OKC,2024-25,0.968,0.955,0.161,0.5,0.83,0.1,0.1,101.9,-7.5,0.127,0.073,0.12
1628378,Donovan Mitchell,1610612739,CLE,2024-25,0.57,0.515,0.345,3.9,2.06,1.9,0.3,112.0,5.6,0.159,0.034,0.113
1628978,Donte DiVincenzo,1610612750,MIN,2024-25,0.493,0.476,0.174,3.3,1.79,1.4,0.3,114.5,-7.6,0.061,0.031,0.094
1627827,Dorian Finney-Smith,1610612747,LAL,2024-25,0.534,0.534,0.09,2.6,2.6,0.2,0.4,112.1,-3.0,0.038,0.063,0.058
203110,Draymond Green,1610612744,GSW,2024-25,0.479,0.463,0.168,3.8,1.28,1.4,0.9,108.2,-3.1,0.064,0.022,0.144
1629234,Drew Eubanks,1610612746,LAC,2024-25,0.431,0.0,0.152,0.0,0.0,0.0,0.0,77.8,61.5,-0.022,0.0,0.091
1629130,Duncan Robinson,1610612748,MIA,2024-25,0.539,0.5,0.157,0.3,0.17,0.0,0.0,129.9,-33.3,0.0,0.0,0.077
1630596,Evan Mobley,1610612739,CLE,2024-25,0.699,0.667,0.176,1.6,1.18,1.1,1.0,114.6,0.3,0.146,0.074,0.186
1630532,Franz Wagner,1610612753,ORL,2024-25,0.51,0.474,0.316,5.6,2.8,1.2,0.4,115.1,-12.7,0.135,0.014,0.121
1627832,Fred VanVleet,1610612745,HOU,2024-25,0.632,0.575,0.175,4.4,2.38,1.0,0.3,111.4,3.9,0.111,0.01,0.088
1629216,Gabe Vincent,1610612747,LAL,2024-25,0.5,0.5,0.066,1.0,5.0,0.2,0.4,111.7,-2.0,0.021,0.0,0.05
203914,Gary Harris,1610612753,ORL,2024-25,0.438,0.438,0.042,0.6,0.0,0.6,0.2,123.5,-22.2,0.023,0.011,0.063
1627780,Gary Payton II,1610612744,GSW,2024-25,0.543,0.543,0.125,1.5,2.67,0.9,0.0,112.1,-11.8,0.072,0.053,0.077
1629018,Gary Trent Jr.,1610612749,MIL,2024-25,0.708,0.694,0.174,1.2,2.0,2.6,0.0,114.7,-3.5,0.109,0.006,0.059
203507,Giannis Antetokounmpo,1610612749,MIL,2024-25,0.651,0.611,0.352,6.6,1.43,1.0,1.0,122.1,-7.0,0.211,0.101,0.341
1629048,Goga Bitadze,1610612753,ORL,2024-25,1.0,1.0,0.042,0.3,0.0,0.0,0.3,125.0,-25.0,0.016,0.0,0.375
1630611,Gui Santos,1610612744,GSW,2024-25,0.662,0.647,0.141,0.8,1.33,0.3,0.1,106.7,0.8,0.077,0.043,0.141
1629312,Haywood Highsmith,1610612748,MIA,2024-25,0.763,0.763,0.126,1.0,1.0,0.8,0.5,140.6,-39.4,0.07,0.053,0.122
1641816,Hunter Tyson,1610612743,DEN,2024-25,0.638,0.55,0.173,0.4,2.0,0.2,0.0,104.9,-11.3,0.16,0.129,0.174
1630171,Isaac Okoro,1610612739,CLE,2024-25,0.612,0.6,0.129,0.6,1.25,0.7,0.1,106.7,18.7,0.05,0.035,0.055
1628392,Isaiah Hartenstein,1610612760,OKC,2024-25,0.632,0.619,0.138,2.2,1.89,0.8,0.5,107.2,4.5,0.128,0.111,0.203
1630198,Isaiah Joe,1610612760,OKC,2024-25,0.676,0.651,0.161,0.7,2.0,0.3,0.1,104.9,8.6,0.116,0.031,0.1
1630191,Isaiah Stewart,1610612765,DET,2024-25,0.5,0.5,0.044,1.0,0.0,0.0,2.0,107.0,28.0,0.029,0.067,0.182
1627826,Ivica Zubac,1610612746,LAC,2024-25,0.653,0.659,0.191,2.3,1.45,0.7,1.0,121.8,-4.9,0.119,0.116,0.18
1631120,JD Davison,1610612738,BOS,2024-25,0.225,0.188,0.303,0.8,3.0,0.0,0.0,96.3,-14.8,0.013,0.056,0.182
1629630,Ja Morant,1610612763,MEM,2024-25,0.475,0.453,0.312,5.0,2.5,0.7,0.7,112.1,-11.5,0.107,0.011,0.049
1631095,Jabari Smith Jr.,1610612745,HOU,2024-25,0.677,0.647,0.138,0.6,0.4,0.1,0.7,104.2,-2.8,0.099,0.044,0.139
1630183,Jaden McDaniels,1610612750,MIN,2024-25,0.607,0.577,0.172,1.5,1.28,1.3,0.9,106.5,8.3,0.104,0.055,0.109
1631170,Jaime Jaquez Jr.,1610612748,MIA,2024-25,0.291,0.167,0.167,0.3,1.0,0.0,0.0,126.3,-51.3,0.007,0.12,0.059
1628973,Jalen Brunson,1610612752,NYK,2024-25,0.582,0.522,0.315,7.0,2.29,0.4,0.3,115.7,-1.4,0.143,0.017,0.075
1631105,Jalen Duren,1610612765,DET,2024-25,0.708,0.65,0.127,3.5,2.1,0.3,1.7,111.3,-5.0,0.133,0.125,0.18
1630224,Jalen Green,1610612745,HOU,2024-25,0.482,0.448,0.208,2.9,2.0,0.6,0.3,109.4,5.6,0.093,0.014,0.14
1629618,Jalen Pickett,1610612743,DEN,2024-25,0.433,0.433,0.148,0.6,0.83,0.0,0.1,117.1,-43.8,0.039,0.0,0.146
1631114,Jalen Williams,1610612760,OKC,2024-25,0.544,0.494,0.259,4.8,2.71,1.4,0.4,107.4,7.8,0.133,0.029,0.123
1627750,Jamal Murray,1610612743,DEN,2024-25,0.555,0.512,0.233,5.2,1.66,1.2,0.8,112.0,1.6,0.104,0.015,0.097
201935,James Harden,1610612746,LAC,2024-25,0.567,0.515,0.225,9.1,3.05,1.3,1.0,118.5,-4.6,0.123,0.015,0.128
201949,James Johnson,1610612754,IND,2024-25,0.595,0.6,0.175,0.4,2.0,0.4,0.4,100.0,-20.5,0.101,0.0,0.048
1641716,Jarace Walker,1610612754,IND,2024-25,0.503,0.5,0.16,0.7,1.14,0.2,0.2,107.0,-0.2,0.053,0.019,0.153
1628991,Jaren Jackson Jr.,1610612763,MEM,2024-25,0.479,0.405,0.231,1.5,0.55,1.0,0.5,118.9,-18.5,0.049,0.059,0.074
1629020,Jarred Vanderbilt,1610612747,LAL,2024-25,0.451,0.333,0.08,1.0,1.67,0.6,0.2,104.0,1.8,0.081,0.071,0.221
1628386,Jarrett Allen,1610612739,CLE,2024-25,0.792,0.721,0.153,1.3,0.71,1.4,0.9,110.9,13.0,0.145,0.08,0.216
1629750,Javonte Green,1610612739,CLE,2024-25,0.593,0.45,0.156,0.3,1.0,0.7,0.0,79.1,24.5,0.149,0.023,0.182
1629637,Jaxson Hayes,1610612747,LAL,2024-25,0.394,0.375,0.149,0.3,1.0,0.0,0.3,131.0,-31.0,-0.009,0.172,0.103
1630643,Jay Huff,1610612763,MEM,2024-25,0.694,0.5,0.167,0.5,1.0,0.0,1.5,78.0,-17.1,0.254,0.059,0.087
1627759,Jaylen Brown,1610612738,BOS,2024-25,0.542,0.495,0.292,3.9,1.1,1.0,0.3,105.5,7.8,0.125,0.032,0.154
1641740,Jaylen Clark,1610612750,MIN,2024-25,0.814,0.8,0.104,0.2,1.0,0.4,0.0,109.5,-3.4,0.133,0.059,0.192
1631119,Jaylin Williams,1610612760,OKC,2024-25,0.565,0.557,0.15,1.0,1.42,0.5,0.1,97.5,1.6,0.065,0.027,0.168
1642281,Jaylon Tyson,1610612739,CLE,2024-25,0.68,0.633,0.282,1.8,3.5,0.5,0.3,75.0,46.0,0.212,0.115,0.108
1628369,Jayson Tatum,1610612738,BOS,2024-25,0.566,0.506,0.312,5.4,1.65,2.1,0.8,101.8,12.4,0.202,0.029,0.233
201145,Jeff Green,1610612745,HOU,2024-25,0.5,0.5,0.188,0.0,0.0,0.0,0.0,171.4,-118.1,0.048,0.111,0.0
1630579,Jericho Sims,1610612749,MIL,2024-25,0.956,1.0,0.085,0.2,0.2,0.0,0.2,96.0,1.5,0.092,0.157,0.153
1641724,Jett Howard,1610612753,ORL,2024-25,1.5,1.5,0.222,0.0,0.0,0.0,0.0,111.1,11.1,0.233,0.0,0.0
202710,Jimmy Butler III,1610612744,GSW,2024-25,0.564,0.484,0.217,5.2,4.38,1.3,0.3,114.1,-7.9,0.145,0.061,0.125
1629111,Jock Landale,1610612745,HOU,2024-25,0.5,0.5,0.154,0.0,0.0,0.0,0.0,145.5,-109.1,0.065,0.0,0.0
1629723,John Konchar,1610612763,MEM,2024-25,0.511,0.389,0.073,1.5,3.0,0.5,0.5,117.0,-33.2,0.059,0.037,0.141
1642277,Johnny Furphy,1610612754,IND,2024-25,0.225,0.25,0.065,0.1,1.0,0.0,0.1,98.7,-5.6,-0.015,0.033,0.125
1628371,Jonathan Isaac,1610612753,ORL,2024-25,0.634,0.625,0.099,0.4,1.0,0.4,0.2,110.2,-11.0,0.089,0.064,0.093
1630228,Jonathan Kuminga,1610612744,GSW,2024-25,0.572,0.538,0.267,1.3,0.77,0.5,0.5,117.3,-15.8,0.099,0.036,0.078
1630692,Jordan Goodwin,1610612747,LAL,2024-25,0.255,0.2,0.095,0.5,2.0,0.3,0.3,100.0,15.6,-0.026,0.074,0.079
1641757,Jordan Miller,1610612746,LAC,2024-25,0.444,0.429,0.242,1.3,0.0,1.0,0.0,77.8,61.5,0.247,0.0,0.182
1641775,Jordan Walsh,1610612738,BOS,2024-25,0.0,0.0,0.027,0.2,0.0,0.0,0.0,96.8,-23.4,0.023,0.0,0.077
1628404,Josh Hart,1610612752,NYK,2024-25,0.599,0.542,0.14,4.4,2.29,1.1,0.6,112.1,-0.4,0.112,0.066,0.179
1631169,Josh Minott,1610612750,MIN,2024-25,0.313,0.313,0.164,0.4,1.0,0.0,0.2,117.6,-6.3,-0.014,0.0,0.0
201950,Jrue Holiday,1610612738,BOS,2024-25,0.578,0.558,0.135,4.0,2.0,0.9,0.1,106.9,2.4,0.076,0.042,0.075
1631124,Julian Strawther,1610612743,DEN,2024-25,0.574,0.533,0.171,0.2,0.4,0.2,0.1,107.2,-23.2,0.058,0.041,0.058
203944,Julius Randle,1610612750,MIN,2024-25,0.622,0.568,0.249,4.9,1.51,0.8,0.1,109.7,3.5,0.137,0.051,0.114
1626157,Karl-Anthony Towns,1610612752,NYK,2024-25,0.589,0.533,0.24,1.3,0.6,0.7,0.7,111.8,-0.4,0.143,0.057,0.271
202695,Kawhi Leonard,1610612746,LAC,2024-25,0.63,0.598,0.269,4.7,2.2,1.1,0.7,119.5,-1.9,0.157,0.044,0.165
1642276,Kel'el Ware,1610612748,MIA,2024-25,0.528,0.528,0.125,1.0,2.0,0.3,0.5,128.9,-32.3,0.086,0.057,0.205
1629026,Kenrich Williams,1610612760,OKC,2024-25,0.457,0.45,0.15,0.4,1.0,0.4,0.1,94.7,16.6,0.086,0.063,0.18
203484,Kentavious Caldwell-Pope,1610612763,MEM,2024-25,0.394,0.367,0.092,1.8,4.5,1.4,0.6,114.6,-12.4,0.037,0.006,0.092
1642352,Keshad Johnson,1610612748,MIA,2024-25,1.0,1.0,0.095,0.0,0.0,0.0,0.0,107.1,-19.6,0.021,0.091,0.0
1628995,Kevin Knox II,1610612744,GSW,2024-25,0.473,0.425,0.224,0.8,2.0,0.0,0.2,82.9,36.4,0.118,0.065,0.1
1629645,Kevin Porter Jr.,1610612749,MIL,2024-25,0.521,0.469,0.179,5.4,3.0,0.8,0.0,112.9,-7.7,0.085,0.018,0.096
1626172,Kevon Looney,1610612744,GSW,2024-25,0.49,0.435,0.1,0.3,2.0,0.4,0.3,113.3,-7.5,0.064,0.132,0.211
1641738,Kobe Brown,1610612746,LAC,2024-25,0.948,0.938,0.222,1.3,0.0,0.0,0.0,80.6,64.5,0.354,0.0,0.077
1627739,Kris Dunn,1610612746,LAC,2024-25,0.5,0.5,0.136,1.3,9.0,1.1,0.6,118.5,-2.7,0.055,0.07,0.097
204001,Kristaps Porziņģis,1610612738,BOS,2024-25,0.43,0.342,0.207,0.7,0.8,0.9,0.8,110.7,0.6,0.056,0.093,0.12
203937,Kyle Anderson,1610612748,MIA,2024-25,0.0,0.0,0.088,0.5,1.0,0.0,0.0,166.7,-92.5,-0.03,0.0,0.077
1628398,Kyle Kuzma,1610612749,MIL,2024-25,0.385,0.371,0.171,0.8,1.33,0.0,0.2,127.2,-21.2,0.004,0.029,0.1
1630205,Lamar Stevens,1610612763,MEM,2024-25,0.222,0.222,0.345,0.5,1.0,0.0,0.0,71.4,-10.7,0.0,0.0,0.267
1629013,Landry Shamet,1610612752,NYK,2024-25,0.597,0.625,0.135,0.7,2.0,0.1,0.0,107.3,5.2,0.052,0.0,0.055
2544,LeBron James,1610612747,LAL,2024-25,0.601,0.545,0.262,5.6,2.15,2.0,1.8,119.3,-10.5,0.185,0.063,0.156
1631159,Leonard Miller,1610612750,MIN,2024-25,0.813,0.813,0.243,0.0,0.0,0.0,0.0,114.3,-1.4,0.233,0.214,0.182
1629652,Luguentz Dort,1610612760,OKC,2024-25,0.524,0.512,0.123,0.9,1.0,1.3,0.4,107.8,5.7,0.039,0.045,0.082
1629029,Luka Dončić,1610612747,LAL,2024-25,0.608,0.529,0.321,5.8,1.45,1.0,0.6,117.4,-5.7,0.157,0.01,0.145
1630568,Luka Garza,1610612750,MIN,2024-25,1.083,1.083,0.122,0.0,0.0,0.0,0.0,129.3,-7.8,0.144,0.167,0.0
1628379,Luke Kennard,1610612763,MEM,2024-25,0.5,0.5,0.124,2.0,1.33,1.0,0.3,105.8,-12.1,0.082,0.026,0.133
1628436,Luke Kornet,1610612738,BOS,2024-25,0.769,0.724,0.092,0.5,1.0,0.5,1.2,108.1,8.5,0.109,0.092,0.136
1627736,Malik Beasley,1610612765,DET,2024-25,0.535,0.507,0.219,1.2,1.0,0.5,0.2,108.9,-4.0,0.08,0.006,0.08
1628963,Marvin Bagley III,1610612763,MEM,2024-25,0.944,0.944,0.167,0.0,0.0,1.0,0.5,121.0,-33.7,0.166,0.059,0.125
1629622,Max Strus,1610612739,CLE,2024-25,0.573,0.562,0.161,3.9,5.0,0.7,0.2,111.9,11.8,0.095,0.058,0.155
1628467,Maxi Kleber,1610612747,LAL,2024-25,0.532,0.0,0.231,0.0,0.0,0.0,0.0,80.0,-10.0,-0.167,0.0,0.0
1629008,Michael Porter Jr.,1610612743,DEN,2024-25,0.507,0.492,0.136,0.6,0.69,0.6,0.4,116.3,-4.5,0.057,0.031,0.144
1628969,Mikal Bridges,1610612752,NYK,2024-25,0.518,0.51,0.186,2.9,1.39,1.7,0.9,114.6,-5.3,0.084,0.027,0.085
201144,Mike Conley,1610612750,MIN,2024-25,0.442,0.406,0.137,3.3,4.17,0.6,0.2,107.6,6.9,0.065,0.034,0.087
1630540,Miles McBride,1610612752,NYK,2024-25,0.533,0.5,0.132,1.0,1.64,0.4,0.1,109.4,4.3,0.049,0.008,0.051
1629011,Mitchell Robinson,1610612752,NYK,2024-25,0.555,0.608,0.102,0.4,0.54,0.9,0.8,109.0,2.7,0.081,0.172,0.158
1630541,Moses Moody,1610612744,GSW,2024-25,0.486,0.444,0.198,1.2,3.5,0.5,0.3,107.6,-7.3,0.083,0.04,0.085
1626167,Myles Turner,1610612754,IND,2024-25,0.607,0.555,0.198,1.4,0.84,0.5,2.0,114.3,3.5,0.085,0.046,0.118
1631466,Nate Williams,1610612745,HOU,2024-25,0.0,0.0,0.133,0.0,0.0,0.0,0.0,169.2,-112.1,-0.105,0.0,0.0
1629675,Naz Reid,1610612750,MIN,2024-25,0.645,0.623,0.167,1.7,0.89,0.7,0.9,111.7,-0.3,0.093,0.043,0.155
1629674,Neemias Queta,1610612738,BOS,2024-25,0.833,0.833,0.182,0.5,0.0,0.3,0.0,107.7,-30.8,0.262,0.105,0.0
1629638,Nickeil Alexander-Walker,1610612750,MIN,2024-25,0.519,0.487,0.192,2.3,1.52,0.4,0.3,110.5,-0.5,0.063,0.026,0.063
201587,Nicolas Batum,1610612746,LAC,2024-25,0.591,0.591,0.093,2.0,4.67,0.9,1.7,113.6,0.7,0.079,0.023,0.141
203999,Nikola Jokić,1610612743,DEN,2024-25,0.587,0.539,0.278,8.0,2.04,2.0,0.9,112.8,-1.5,0.18,0.049,0.25
1631107,Nikola Jović,1610612748,MIA,2024-25,0.505,0.457,0.249,1.5,1.2,0.8,0.3,128.5,-31.1,0.103,0.051,0.182
1626181,Norman Powell,1610612746,LAC,2024-25,0.578,0.551,0.208,2.4,1.42,1.1,0.3,119.3,-6.8,0.075,0.004,0.07
1628384,OG Anunoby,1610612752,NYK,2024-25,0.539,0.5,0.182,1.3,0.8,2.0,1.2,113.2,-2.5,0.078,0.032,0.083
1630167,Obi Toppin,1610612754,IND,2024-25,0.578,0.558,0.198,1.3,1.25,0.7,0.3,115.0,-4.1,0.101,0.031,0.172
1631172,Ousmane Dieng,1610612760,OKC,2024-25,0.643,0.6,0.147,0.3,0.0,0.0,0.1,121.1,-12.8,0.1,0.0,0.129
200782,P.J. Tucker,1610612752,NYK,2024-25,0.0,0.0,0.0,0.0,0.0,0.0,0.0,33.3,44.4,-0.2,0.0,0.0
1642359,Pacôme Dadiet,1610612752,NYK,2024-25,1.0,1.0,0.125,0.0,0.0,0.0,0.0,133.3,54.2,0.074,0.0,0.0
1631094,Paolo Banchero,1610612753,ORL,2024-25,0.517,0.484,0.365,4.2,1.4,0.6,0.8,115.2,-8.5,0.135,0.057,0.165
1627783,Pascal Siakam,1610612754,IND,2024-25,0.598,0.565,0.236,3.4,2.6,1.2,0.7,107.2,6.4,0.14,0.04,0.137
1626192,Pat Connaughton,1610612749,MIL,2024-25,0.338,0.313,0.323,0.3,1.0,0.0,0.0,118.5,-37.0,0.0,0.0,0.286
1630311,Pat Spencer,1610612744,GSW,2024-25,0.684,0.66,0.201,0.8,1.0,0.4,0.0,105.3,3.0,0.141,0.076,0.087
201988,Patty Mills,1610612746,LAC,2024-25,0.75,0.75,0.3,0.0,0.0,0.0,0.0,12.5,75.0,0.0,0.0,0.0
1630194,Paul Reed,1610612765,DET,2024-25,0.658,0.625,0.123,0.2,0.2,1.0,0.6,92.9,8.0,0.095,0.14,0.123
1630202,Payton Pritchard,1610612738,BOS,2024-25,0.615,0.591,0.176,1.5,1.89,0.5,0.0,109.1,12.3,0.086,0.033,0.049
1641796,Pelle Larsson,1610612748,MIA,2024-25,0.613,0.633,0.146,1.0,2.0,0.3,0.0,138.2,-52.3,0.079,0.036,0.149
1631212,Peyton Watson,1610612743,DEN,2024-25,0.477,0.466,0.149,0.3,0.5,0.8,0.6,113.3,-24.8,0.065,0.059,0.136
1630173,Precious Achiuwa,1610612752,NYK,2024-25,0.444,0.429,0.208,0.0,0.0,0.1,0.0,119.4,-1.2,0.075,0.077,0.158
1642366,Quinten Post,1610612744,GSW,2024-25,0.452,0.438,0.173,1.0,2.0,0.3,0.3,103.1,-3.1,0.057,0.041,0.151
1642263,Reed Sheppard,1610612745,HOU,2024-25,0.0,0.0,0.107,0.3,1.0,0.7,0.3,158.3,-110.3,0.011,0.0,0.1
1642265,Rob Dillingham,1610612750,MIN,2024-25,0.45,0.438,0.209,2.3,0.0,0.0,0.0,125.6,-5.1,0.106,0.0,0.167
1641842,Ronald Holland II,1610612765,DET,2024-25,0.479,0.0,0.198,0.0,0.0,0.0,0.2,97.2,-0.2,-0.039,0.086,0.065
203497,Rudy Gobert,1610612750,MIN,2024-25,0.584,0.582,0.121,0.7,0.85,0.5,1.2,103.7,8.0,0.097,0.106,0.192
1629060,Rui Hachimura,1610612747,LAL,2024-25,0.634,0.623,0.167,1.0,0.71,0.6,0.6,120.2,-15.5,0.087,0.023,0.094
201566,Russell Westbrook,1610612743,DEN,2024-25,0.505,0.466,0.234,2.6,1.13,0.9,0.1,118.2,-15.9,0.061,0.053,0.091
1631157,Ryan Rollins,1610612749,MIL,2024-25,0.385,0.385,0.181,1.3,0.0,0.3,0.0,139.0,-45.4,0.026,0.028,0.053
1630573,Sam Hauser,1610612738,BOS,2024-25,0.573,0.563,0.116,0.5,1.33,0.1,0.1,103.8,17.5,0.045,0.0,0.092
1630241,Sam Merrill,1610612739,CLE,2024-25,0.557,0.55,0.113,1.8,7.0,0.5,0.3,109.0,16.2,0.053,0.041,0.085
1630583,Santi Aldama,1610612763,MEM,2024-25,0.591,0.591,0.166,1.8,1.4,0.0,0.3,118.5,-13.9,0.096,0.016,0.154
1630590,Scotty Pippen Jr.,1610612763,MEM,2024-25,0.55,0.466,0.264,3.5,1.0,1.0,0.3,124.5,-22.7,0.079,0.029,0.128
1628983,Shai Gilgeous-Alexander,1610612760,OKC,2024-25,0.574,0.494,0.322,6.5,2.5,1.7,0.9,104.8,9.7,0.179,0.025,0.111
1629003,Shake Milton,1610612747,LAL,2024-25,0.0,0.0,0.091,0.0,0.0,0.0,0.0,66.7,16.7,-0.5,0.0,0.0
201939,Stephen Curry,1610612744,GSW,2024-25,0.636,0.6,0.265,5.1,1.52,1.0,0.8,112.0,3.7,0.152,0.007,0.139
203500,Steven Adams,1610612745,HOU,2024-25,0.602,0.6,0.109,0.6,0.8,0.4,1.1,101.4,14.1,0.101,0.146,0.133
204456,T.J. McConnell,1610612754,IND,2024-25,0.583,0.56,0.246,4.0,2.11,0.9,0.1,110.0,-3.5,0.16,0.031,0.149
1631106,Tari Eason,1610612745,HOU,2024-25,0.558,0.557,0.183,0.7,0.5,1.1,1.0,112.3,-8.1,0.1,0.052,0.161
1627752,Taurean Prince,1610612749,MIL,2024-25,0.3,0.3,0.107,1.6,1.6,0.4,0.2,129.7,-23.4,0.018,0.0,0.111
1630545,Terrence Shannon Jr.,1610612750,MIN,2024-25,0.635,0.537,0.24,0.3,1.0,0.4,0.0,109.9,4.8,0.124,0.018,0.173
1628418,Thomas Bryant,1610612754,IND,2024-25,0.664,0.621,0.12,0.2,0.57,0.2,0.3,107.9,-6.4,0.058,0.041,0.108
203501,Tim Hardaway Jr.,1610612765,DET,2024-25,0.477,0.451,0.183,1.2,0.78,0.3,0.0,110.6,2.3,0.041,0.011,0.074
202699,Tobias Harris,1610612765,DET,2024-25,0.602,0.549,0.151,0.5,0.5,1.0,1.2,110.2,-2.5,0.106,0.033,0.156
1628396,Tony Bradley,1610612754,IND,2024-25,0.595,0.444,0.097,0.3,0.75,0.0,0.1,93.8,14.1,0.054,0.138,0.108
1628470,Torrey Craig,1610612738,BOS,2024-25,0.75,0.75,0.104,0.6,3.0,0.2,0.0,110.3,12.2,0.105,0.095,0.15
1631218,Trayce Jackson-Davis,1610612744,GSW,2024-25,0.78,0.889,0.121,0.2,2.0,0.3,0.2,123.6,-15.0,0.107,0.093,0.171
202684,Tristan Thompson,1610612739,CLE,2024-25,0.478,0.5,0.132,0.3,0.5,0.3,0.7,78.7,46.3,0.13,0.083,0.371
1641783,Tristan da Silva,1610612753,ORL,2024-25,0.0,0.0,0.25,0.5,0.5,0.0,0.0,90.9,0.8,0.098,0.0,0.8
1629660,Ty Jerome,1610612739,CLE,2024-25,0.521,0.478,0.243,3.6,2.91,0.6,0.1,105.4,17.3,0.099,0.025,0.092
1629639,Tyler Herro,1610612748,MIA,2024-25,0.512,0.485,0.248,2.8,1.22,0.5,0.0,137.8,-30.7,0.056,0.0,0.11
1642278,Tyler Kolek,1610612752,NYK,2024-25,1.5,1.5,0.077,1.0,0.0,0.0,0.0,92.9,76.4,0.215,0.0,0.111
1630169,Tyrese Haliburton,1610612754,IND,2024-25,0.581,0.549,0.219,8.6,3.72,1.3,0.7,111.3,7.4,0.151,0.009,0.143
1631246,Vince Williams Jr.,1610612763,MEM,2024-25,0.888,0.857,0.11,1.3,1.33,0.7,0.3,100.0,2.2,0.111,0.026,0.146
1628427,Vlatko Čančar,1610612743,DEN,2024-25,0.0,0.0,0.077,0.0,0.0,0.0,0.0,126.1,-39.1,0.0,0.0,0.2
1628976,Wendell Carter Jr.,1610612753,ORL,2024-25,0.574,0.563,0.145,1.2,0.75,0.4,0.4,121.4,-21.0,0.105,0.109,0.233
1630214,Xavier Tillman,1610612738,BOS,2024-25,0.25,0.25,0.2,0.0,0.0,0.0,0.0,93.8,-12.5,0.077,0.077,0.286
1641744,Zach Edey,1610612763,MEM,2024-25,0.691,0.667,0.092,1.8,1.17,0.0,2.5,122.0,-27.2,0.084,0.092,0.168
1630192,Zeke Nnaji,1610612743,DEN,2024-25,0.316,0.188,0.149,0.3,1.0,0.2,0.3,109.5,-26.8,-0.013,0.083,0.138
