player_id,player_name,team_id,team_abbreviation,season,ts_pct,efg_pct,usg_pct,ast,ast_to,stl,blk,def_rating,net_rating,pie,oreb_pct,dreb_pct
201166,Aaron Brooks,1610612741,CHI,2015-16,0.494,0.471,0.225,2.6,2.2,0.4,0.1,102.3,0.0,0.073,0.018,0.068
203932,Aaron Gordon,1610612753,ORL,2015-16,0.541,0.509,0.169,1.6,1.94,0.8,0.7,104.6,-1.4,0.113,0.08,0.189
1626151,Aaron Harrison,1610612766,CHA,2015-16,0.371,0.342,0.132,0.1,0.5,0.3,0.0,98.1,-3.4,0.013,0.045,0.112
203940,Adreian Payne,1610612750,MIN,2015-16,0.422,0.397,0.175,0.6,0.81,0.3,0.2,110.8,-12.0,0.039,0.044,0.198
201143,Al Horford,1610612737,ATL,2015-16,0.565,0.547,0.202,3.2,2.46,0.8,1.5,98.7,4.2,0.137,0.056,0.158
2744,Al Jefferson,1610612766,CHA,2015-16,0.507,0.485,0.24,1.5,2.06,0.6,0.9,100.7,2.5,0.124,0.05,0.216
202329,Al-Farouq Aminu,1610612757,POR,2015-16,0.533,0.503,0.166,1.7,1.15,0.9,0.6,106.7,1.6,0.088,0.041,0.168
101187,Alan Anderson,1610612764,WAS,2015-16,0.495,0.458,0.151,1.1,7.0,0.3,0.1,96.3,8.2,0.067,0.005,0.131
1626210,Alan Williams,1610612756,PHX,2015-16,0.481,0.417,0.194,0.5,0.83,0.4,0.5,108.4,-0.7,0.11,0.165,0.348
202692,Alec Burks,1610612762,UTA,2015-16,0.52,0.458,0.246,2.0,1.24,0.6,0.1,101.4,0.5,0.099,0.019,0.121
203458,Alex Len,1610612756,PHX,2015-16,0.482,0.424,0.202,1.2,0.67,0.5,0.8,105.9,-7.7,0.091,0.091,0.223
1627293,Alex Stepheson,1610612763,MEM,2015-16,0.341,0.333,0.166,0.3,0.0,0.1,0.6,94.6,-2.0,0.038,0.176,0.108
201582,Alexis Ajinca,1610612740,NOP,2015-16,0.514,0.476,0.201,0.5,0.57,0.3,0.6,101.4,-2.6,0.095,0.085,0.227
203459,Allen Crabbe,1610612757,POR,2015-16,0.572,0.541,0.159,1.2,1.55,0.8,0.2,105.5,1.0,0.075,0.012,0.086
202087,Alonzo Gee,1610612740,NOP,2015-16,0.572,0.551,0.091,1.0,1.31,0.9,0.2,104.7,-4.4,0.053,0.035,0.111
2405,Amar'e Stoudemire,1610612748,MIA,2015-16,0.599,0.566,0.176,0.5,0.57,0.3,0.8,103.6,0.0,0.109,0.092,0.206
101161,Amir Johnson,1610612738,BOS,2015-16,0.602,0.596,0.136,1.7,1.47,0.7,1.1,102.3,4.6,0.103,0.092,0.173
2760,Anderson Varejao,1610612744,GSW,2015-16,0.473,0.427,0.143,0.7,1.59,0.3,0.2,100.0,2.8,0.08,0.068,0.204
203083,Andre Drummond,1610612765,DET,2015-16,0.499,0.522,0.239,0.8,0.43,1.5,1.4,103.6,2.4,0.14,0.135,0.309
2738,Andre Iguodala,1610612744,GSW,2015-16,0.565,0.552,0.117,3.4,2.77,1.1,0.3,99.6,13.2,0.089,0.031,0.11
1889,Andre Miller,1610612759,SAS,2015-16,0.6,0.566,0.156,2.2,2.35,0.4,0.0,107.0,2.8,0.096,0.031,0.087
203460,Andre Roberson,1610612760,OKC,2015-16,0.566,0.555,0.092,0.7,1.34,0.8,0.6,101.7,9.2,0.058,0.053,0.102
200745,Andrea Bargnani,1610612751,BKN,2015-16,0.5,0.461,0.227,0.4,0.69,0.1,0.2,110.2,-14.7,0.073,0.042,0.117
101106,Andrew Bogut,1610612744,GSW,2015-16,0.623,0.629,0.115,2.3,1.95,0.5,1.6,97.9,14.1,0.106,0.086,0.229
202726,Andrew Goudelock,1610612745,HOU,2015-16,0.506,0.475,0.234,0.5,0.57,0.8,0.3,97.2,8.3,0.074,0.021,0.013
203094,Andrew Nicholson,1610612753,ORL,2015-16,0.567,0.537,0.205,0.4,0.61,0.2,0.4,97.8,2.8,0.119,0.041,0.191
203952,Andrew Wiggins,1610612750,MIN,2015-16,0.543,0.481,0.267,2.0,0.9,1.0,0.6,107.9,-1.3,0.094,0.039,0.066
203461,Anthony Bennett,1610612761,TOR,2015-16,0.446,0.352,0.166,0.0,0.0,0.3,0.0,112.9,-19.0,0.063,0.059,0.262
1626148,Anthony Brown,1610612747,LAL,2015-16,0.427,0.389,0.109,0.7,1.27,0.5,0.2,102.6,-2.3,0.037,0.014,0.101
203076,Anthony Davis,1610612740,NOP,2015-16,0.559,0.508,0.29,1.9,0.96,1.3,2.0,107.8,-4.1,0.165,0.059,0.234
201627,Anthony Morrow,1610612760,OKC,2015-16,0.543,0.527,0.167,0.4,1.41,0.3,0.1,105.6,5.3,0.057,0.011,0.054
201229,Anthony Tolliver,1610612765,DET,2015-16,0.543,0.533,0.122,0.7,1.86,0.4,0.2,102.4,0.0,0.076,0.026,0.143
203462,Archie Goodwin,1610612756,PHX,2015-16,0.498,0.444,0.227,2.1,1.18,0.5,0.2,110.6,-9.0,0.072,0.023,0.104
203382,Aron Baynes,1610612765,DET,2015-16,0.563,0.505,0.184,0.6,0.76,0.3,0.6,104.4,-3.4,0.112,0.106,0.202
201167,Arron Afflalo,1610612752,NYK,2015-16,0.531,0.5,0.178,2.0,1.76,0.4,0.1,107.4,-3.4,0.076,0.01,0.098
203085,Austin Rivers,1610612746,LAC,2015-16,0.523,0.498,0.188,1.5,1.62,0.7,0.1,102.8,-4.0,0.069,0.015,0.07
202340,Avery Bradley,1610612738,BOS,2015-16,0.538,0.52,0.197,2.1,1.45,1.5,0.3,103.9,4.6,0.082,0.018,0.065
1626253,Axel Toupane,1610612743,DEN,2015-16,0.49,0.45,0.122,0.7,2.5,0.3,0.3,110.4,-2.2,0.029,0.028,0.076
203463,Ben McLemore,1610612758,SAC,2015-16,0.531,0.502,0.172,1.2,0.8,0.8,0.1,104.6,1.2,0.048,0.023,0.076
2757,Beno Udrih,1610612763,MEM,2015-16,0.496,0.472,0.167,2.6,2.19,0.3,0.0,101.7,-1.7,0.077,0.012,0.091
202687,Bismack Biyombo,1610612761,TOR,2015-16,0.586,0.542,0.114,0.4,0.41,0.2,1.6,101.3,3.1,0.105,0.1,0.249
201933,Blake Griffin,1610612746,LAC,2015-16,0.544,0.504,0.289,4.9,2.05,0.8,0.5,101.3,7.3,0.171,0.044,0.196
1626246,Boban Marjanovic,1610612759,SAS,2015-16,0.662,0.603,0.22,0.4,0.72,0.2,0.4,102.3,4.5,0.181,0.154,0.246
1626171,Bobby Portis,1610612741,CHI,2015-16,0.469,0.445,0.203,0.8,0.96,0.4,0.4,108.0,-7.6,0.093,0.101,0.186
202711,Bojan Bogdanovic,1610612751,BKN,2015-16,0.55,0.519,0.19,1.3,0.86,0.4,0.1,109.9,-9.2,0.072,0.017,0.105
2564,Boris Diaw,1610612759,SAS,2015-16,0.582,0.56,0.164,2.3,1.81,0.3,0.3,96.4,10.2,0.099,0.045,0.124
203078,Bradley Beal,1610612764,WAS,2015-16,0.547,0.515,0.245,2.9,1.45,1.0,0.2,105.0,-0.2,0.099,0.024,0.088
201148,Brandan Wright,1610612763,MEM,2015-16,0.663,0.673,0.152,0.5,0.6,0.4,1.3,111.1,-11.1,0.106,0.066,0.134
1626183,Branden Dawson,1610612746,LAC,2015-16,0.46,0.4,0.078,0.0,0.0,0.0,0.2,121.1,-29.5,0.03,0.091,0.0
101138,Brandon Bass,1610612747,LAL,2015-16,0.619,0.549,0.136,1.1,1.76,0.5,0.8,106.2,-0.9,0.105,0.074,0.136
201943,Brandon Jennings,1610612753,ORL,2015-16,0.491,0.452,0.192,3.5,2.98,0.6,0.1,102.9,0.3,0.095,0.017,0.092
202688,Brandon Knight,1610612756,PHX,2015-16,0.522,0.482,0.258,5.1,1.49,1.2,0.4,107.4,-5.5,0.101,0.018,0.09
201575,Brandon Rush,1610612744,GSW,2015-16,0.56,0.552,0.125,0.8,1.73,0.3,0.3,108.7,-0.9,0.071,0.021,0.14
203148,Brian Roberts,1610612757,POR,2015-16,0.552,0.494,0.188,1.1,2.35,0.2,0.0,105.7,-7.0,0.097,0.012,0.075
1627362,Briante Weber,1610612748,MIA,2015-16,0.38,0.359,0.117,3.0,2.33,1.3,0.4,119.2,-21.2,0.059,0.037,0.115
201572,Brook Lopez,1610612751,BKN,2015-16,0.562,0.512,0.272,2.0,0.83,0.8,1.7,105.8,-2.4,0.127,0.086,0.153
203998,Bruno Caboclo,1610612761,TOR,2015-16,0.125,0.125,0.152,0.2,0.25,0.3,0.2,98.9,-13.1,-0.056,0.02,0.021
203955,Bryce Cotton,1610612763,MEM,2015-16,0.4,0.4,0.17,0.4,0.6,0.4,0.0,129.1,-30.4,0.007,0.0,0.0
1626214,Bryce Dejean-Jones,1610612740,NOP,2015-16,0.505,0.493,0.14,1.1,1.36,0.7,0.1,106.8,-6.8,0.07,0.025,0.157
201228,C.J. Watson,1610612753,ORL,2015-16,0.461,0.394,0.117,2.7,3.52,0.6,0.2,107.8,-3.5,0.059,0.015,0.084
203912,C.J. Wilcox,1610612746,LAC,2015-16,0.491,0.462,0.19,0.4,5.0,0.4,0.1,95.7,6.3,0.072,0.006,0.057
203468,CJ McCollum,1610612757,POR,2015-16,0.544,0.517,0.266,4.3,1.74,1.2,0.3,104.9,2.6,0.112,0.016,0.075
101139,CJ Miles,1610612754,IND,2015-16,0.547,0.521,0.221,1.0,0.9,0.8,0.5,102.5,0.2,0.082,0.017,0.099
203946,Cameron Bairstow,1610612765,DET,2015-16,0.391,0.338,0.196,0.3,1.5,0.1,0.2,94.6,-2.3,0.052,0.034,0.203
1626166,Cameron Payne,1610612760,OKC,2015-16,0.49,0.475,0.199,1.9,2.45,0.6,0.1,105.9,-1.8,0.089,0.012,0.108
201171,Carl Landry,1610612755,PHI,2015-16,0.605,0.568,0.236,0.9,1.45,0.3,0.3,111.6,-9.3,0.133,0.081,0.178
2546,Carmelo Anthony,1610612752,NYK,2015-16,0.53,0.474,0.291,4.2,1.7,0.9,0.5,107.4,-0.9,0.143,0.039,0.173
2406,Caron Butler,1610612758,SAC,2015-16,0.49,0.449,0.159,0.6,3.33,0.5,0.1,106.2,-13.1,0.075,0.025,0.098
202718,Chandler Parsons,1610612742,DAL,2015-16,0.589,0.571,0.204,2.8,1.78,0.8,0.3,105.0,0.3,0.115,0.017,0.141
101112,Channing Frye,1610612739,CLE,2015-16,0.586,0.569,0.153,1.0,1.65,0.4,0.4,102.0,4.8,0.088,0.03,0.172
101111,Charlie Villanueva,1610612742,DAL,2015-16,0.473,0.454,0.236,0.4,0.77,0.3,0.2,105.2,-8.0,0.084,0.032,0.193
201978,Chase Budinger,1610612756,PHX,2015-16,0.514,0.485,0.138,1.0,1.45,0.5,0.2,102.1,-0.3,0.074,0.043,0.115
2365,Chris Andersen,1610612763,MEM,2015-16,0.598,0.556,0.108,0.4,1.33,0.6,0.5,111.3,-10.1,0.095,0.088,0.175
2547,Chris Bosh,1610612748,MIA,2015-16,0.571,0.52,0.247,2.4,1.64,0.7,0.6,101.0,0.5,0.151,0.028,0.188
203142,Chris Copeland,1610612749,MIL,2015-16,0.462,0.431,0.169,0.5,1.83,0.1,0.0,116.4,-25.7,0.026,0.006,0.064
203187,Chris Johnson,1610612762,UTA,2015-16,0.482,0.441,0.131,0.6,1.13,0.5,0.3,97.2,2.0,0.053,0.032,0.118
2549,Chris Kaman,1610612757,POR,2015-16,0.496,0.477,0.202,0.7,1.38,0.1,0.1,105.4,-14.6,0.081,0.067,0.148
1626191,Chris McCullough,1610612751,BKN,2015-16,0.47,0.463,0.158,0.4,0.6,1.2,0.5,115.8,-14.7,0.056,0.063,0.126
101108,Chris Paul,1610612746,LAC,2015-16,0.575,0.517,0.265,10.0,3.8,2.1,0.2,101.3,11.0,0.184,0.017,0.105
1626174,Christian Wood,1610612755,PHI,2015-16,0.49,0.453,0.185,0.2,1.5,0.3,0.4,107.7,-13.0,0.094,0.075,0.155
101236,Chuck Hayes,1610612746,LAC,2015-16,0.694,0.5,0.113,1.0,0.67,0.0,0.0,90.6,-2.3,0.054,0.0,0.25
203921,Cleanthony Early,1610612752,NYK,2015-16,0.371,0.35,0.147,0.4,0.67,0.1,0.2,96.7,0.3,0.022,0.024,0.124
1626146,Cliff Alexander,1610612757,POR,2015-16,0.5,0.5,0.134,0.0,0.0,0.1,0.3,103.9,-20.4,0.074,0.065,0.105
203991,Clint Capela,1610612745,HOU,2015-16,0.553,0.582,0.156,0.6,0.78,0.8,1.2,102.2,3.7,0.105,0.123,0.202
203469,Cody Zeller,1610612766,CHA,2015-16,0.592,0.53,0.152,1.0,1.04,0.8,0.9,103.4,5.0,0.095,0.077,0.178
202332,Cole Aldrich,1610612746,LAC,2015-16,0.626,0.596,0.185,0.8,0.78,0.8,1.1,99.8,-0.7,0.146,0.11,0.252
201147,Corey Brewer,1610612745,HOU,2015-16,0.481,0.439,0.172,1.3,1.4,1.0,0.2,104.0,-2.1,0.06,0.023,0.09
203928,Cory Jefferson,1610612756,PHX,2015-16,0.446,0.409,0.203,0.0,0.0,0.0,0.1,104.8,-6.7,0.07,0.0,0.0
202709,Cory Joseph,1610612761,TOR,2015-16,0.512,0.465,0.166,3.1,2.45,0.8,0.3,100.9,6.2,0.089,0.019,0.08
1626262,Coty Clarke,1610612738,BOS,2015-16,0.75,0.75,0.357,0.0,0.0,0.0,0.0,107.7,42.3,0.118,0.0,0.2
201584,Courtney Lee,1610612766,CHA,2015-16,0.551,0.518,0.146,1.7,1.89,1.1,0.4,104.1,3.0,0.071,0.013,0.077
1626245,Cristiano Felicio,1610612741,CHI,2015-16,0.601,0.556,0.135,0.8,2.0,0.2,0.4,99.5,8.0,0.123,0.094,0.218
1626156,D'Angelo Russell,1610612747,LAL,2015-16,0.507,0.478,0.238,3.3,1.36,1.2,0.2,110.1,-11.7,0.088,0.019,0.101
201571,D.J. Augustin,1610612743,DEN,2015-16,0.575,0.52,0.18,3.2,2.36,0.6,0.1,106.1,-1.0,0.098,0.007,0.072
2563,Dahntay Jones,1610612739,CLE,2015-16,0.464,0.464,0.156,2.0,0.0,1.0,2.0,108.6,1.5,0.047,0.0,0.095
203081,Damian Lillard,1610612757,POR,2015-16,0.56,0.497,0.304,6.8,2.12,0.9,0.4,107.8,1.6,0.143,0.016,0.093
203996,Damien Inglis,1610612749,MIL,2015-16,0.444,0.392,0.149,0.5,0.91,0.3,0.2,99.4,-13.7,0.076,0.013,0.171
204014,Damjan Rudez,1610612750,MIN,2015-16,0.572,0.54,0.123,0.3,0.85,0.1,0.0,106.9,-2.5,0.025,0.019,0.056
201568,Danilo Gallinari,1610612743,DEN,2015-16,0.582,0.472,0.226,2.5,1.75,0.8,0.4,107.8,-2.8,0.124,0.027,0.127
201980,Danny Green,1610612759,SAS,2015-16,0.492,0.48,0.143,1.8,1.88,1.0,0.8,95.7,12.5,0.07,0.024,0.121
201967,Dante Cunningham,1610612740,NOP,2015-16,0.54,0.518,0.11,1.0,1.88,0.5,0.4,109.3,-6.3,0.047,0.028,0.097
201589,Darrell Arthur,1610612743,DEN,2015-16,0.514,0.498,0.165,1.4,1.45,0.8,0.7,104.0,-1.8,0.079,0.055,0.132
201954,Darren Collison,1610612758,SAC,2015-16,0.591,0.542,0.19,4.3,2.45,1.0,0.1,107.5,-1.6,0.106,0.012,0.062
1626199,Darrun Hilliard,1610612765,DET,2015-16,0.511,0.469,0.19,0.7,1.42,0.2,0.0,102.3,-1.7,0.073,0.013,0.103
101135,David Lee,1610612742,DAL,2015-16,0.568,0.531,0.21,1.5,1.27,0.4,0.5,102.4,-4.0,0.138,0.108,0.218
2561,David West,1610612759,SAS,2015-16,0.573,0.548,0.175,1.8,2.1,0.6,0.7,95.3,12.2,0.12,0.055,0.168
201599,DeAndre Jordan,1610612746,LAC,2015-16,0.628,0.703,0.155,1.2,0.84,0.7,2.3,102.1,8.9,0.141,0.105,0.286
201971,DeJuan Blair,1610612764,WAS,2015-16,0.414,0.412,0.166,0.4,0.73,0.3,0.1,105.7,-9.5,0.016,0.081,0.18
201942,DeMar DeRozan,1610612761,TOR,2015-16,0.55,0.463,0.291,4.0,1.8,1.0,0.3,106.0,2.8,0.139,0.023,0.103
202326,DeMarcus Cousins,1610612758,SAC,2015-16,0.538,0.477,0.351,3.3,0.86,1.6,1.4,104.9,1.3,0.156,0.07,0.249
201960,DeMarre Carroll,1610612761,TOR,2015-16,0.49,0.474,0.176,1.0,0.96,1.7,0.2,103.1,2.6,0.071,0.037,0.118
1626153,Delon Wright,1610612761,TOR,2015-16,0.54,0.481,0.218,1.1,1.94,0.3,0.1,99.6,3.3,0.124,0.035,0.12
203471,Dennis Schröder,1610612737,ATL,2015-16,0.51,0.471,0.286,4.4,1.91,0.9,0.1,95.9,7.5,0.121,0.016,0.106
101114,Deron Williams,1610612742,DAL,2015-16,0.53,0.477,0.218,5.8,2.52,0.9,0.2,104.8,0.1,0.1,0.009,0.079
202324,Derrick Favors,1610612762,UTA,2015-16,0.551,0.515,0.234,1.5,0.9,1.2,1.5,103.2,2.3,0.14,0.089,0.18
201565,Derrick Rose,1610612741,CHI,2015-16,0.479,0.448,0.266,4.7,1.78,0.7,0.2,106.9,-3.8,0.094,0.021,0.078
202682,Derrick Williams,1610612752,NYK,2015-16,0.55,0.488,0.23,0.9,1.23,0.4,0.1,105.9,-7.0,0.127,0.032,0.169
1626164,Devin Booker,1610612756,PHX,2015-16,0.535,0.48,0.228,2.6,1.25,0.6,0.3,108.7,-8.4,0.074,0.012,0.075
2734,Devin Harris,1610612742,DAL,2015-16,0.559,0.516,0.168,1.8,1.79,0.9,0.2,102.6,-2.6,0.083,0.014,0.089
203906,Devyn Marble,1610612753,ORL,2015-16,0.368,0.352,0.153,0.4,1.71,0.5,0.0,97.9,-1.2,0.029,0.021,0.12
203473,Dewayne Dedmon,1610612753,ORL,2015-16,0.606,0.559,0.151,0.2,0.41,0.4,0.8,103.5,-1.1,0.109,0.095,0.223
203079,Dion Waiters,1610612760,OKC,2015-16,0.492,0.46,0.173,2.0,1.28,1.0,0.2,106.0,4.4,0.058,0.016,0.073
1717,Dirk Nowitzki,1610612742,DAL,2015-16,0.555,0.504,0.249,1.8,1.57,0.7,0.7,102.7,4.2,0.134,0.022,0.182
202388,Donald Sloan,1610612751,BKN,2015-16,0.536,0.494,0.163,4.4,3.35,0.5,0.1,107.9,-4.5,0.099,0.013,0.119
202700,Donatas Motiejunas,1610612745,HOU,2015-16,0.504,0.478,0.214,1.1,0.93,0.5,0.1,101.5,4.0,0.066,0.069,0.124
203926,Doug McDermott,1610612741,CHI,2015-16,0.561,0.537,0.166,0.7,1.11,0.2,0.1,104.6,-3.0,0.069,0.019,0.08
203110,Draymond Green,1610612744,GSW,2015-16,0.587,0.551,0.184,7.4,2.31,1.5,1.4,99.1,18.0,0.136,0.05,0.198
2400,Drew Gooden,1610612764,WAS,2015-16,0.376,0.354,0.169,0.4,1.0,0.3,0.4,109.2,-12.2,0.048,0.083,0.198
1626251,Duje Dukan,1610612758,SAC,2015-16,0.3,0.3,0.154,1.0,0.0,1.0,0.0,101.9,-15.4,0.013,0.051,0.069
2730,Dwight Howard,1610612745,HOU,2015-16,0.604,0.62,0.184,1.4,0.59,1.0,1.6,105.6,0.9,0.128,0.103,0.261
203939,Dwight Powell,1610612742,DAL,2015-16,0.557,0.497,0.175,0.6,1.1,0.5,0.3,100.0,-2.3,0.117,0.082,0.188
2548,Dwyane Wade,1610612748,MIA,2015-16,0.517,0.459,0.31,4.6,1.69,1.1,0.6,105.5,-0.4,0.131,0.038,0.096
202734,E'Twaun Moore,1610612741,CHI,2015-16,0.548,0.541,0.157,1.7,1.87,0.6,0.3,105.0,-0.9,0.073,0.015,0.082
202334,Ed Davis,1610612757,POR,2015-16,0.616,0.611,0.125,1.1,1.38,0.7,0.9,103.5,1.0,0.123,0.125,0.211
204002,Edy Tavares,1610612737,ATL,2015-16,0.555,0.579,0.167,0.3,0.6,0.1,0.5,114.1,-4.3,0.071,0.115,0.0
203901,Elfrid Payton,1610612753,ORL,2015-16,0.478,0.456,0.198,6.4,2.64,1.2,0.3,105.1,-1.4,0.091,0.034,0.087
202407,Elijah Millsap,1610612762,UTA,2015-16,0.384,0.295,0.141,1.0,2.11,0.4,0.2,93.2,7.4,0.041,0.033,0.152
202343,Elliot Williams,1610612766,CHA,2015-16,0.34,0.25,0.138,0.8,4.0,0.0,0.0,103.5,-4.6,0.023,0.024,0.068
1882,Elton Brand,1610612755,PHI,2015-16,0.461,0.431,0.168,1.1,1.64,0.5,0.5,97.1,-7.0,0.095,0.034,0.22
1626144,Emmanuel Mudiay,1610612743,DEN,2015-16,0.437,0.404,0.25,5.5,1.71,1.0,0.5,107.9,-3.1,0.068,0.015,0.097
202683,Enes Freedom,1610612760,OKC,2015-16,0.626,0.583,0.229,0.4,0.29,0.3,0.4,106.6,3.8,0.162,0.145,0.23
202339,Eric Bledsoe,1610612756,PHX,2015-16,0.557,0.502,0.27,6.1,1.73,2.0,0.6,104.8,-1.7,0.139,0.016,0.1
201569,Eric Gordon,1610612740,NOP,2015-16,0.565,0.521,0.203,2.7,1.66,1.0,0.3,105.9,-2.3,0.081,0.007,0.059
203961,Eric Moreland,1610612758,SAC,2015-16,0.515,0.5,0.096,0.1,0.33,0.0,0.5,101.0,6.7,0.047,0.067,0.136
203475,Erick Green,1610612743,DEN,2015-16,0.468,0.423,0.138,0.3,0.0,0.1,0.0,114.3,-1.2,0.061,0.081,0.1
101141,Ersan Ilyasova,1610612753,ORL,2015-16,0.526,0.496,0.18,0.9,0.94,0.7,0.4,107.2,-4.0,0.086,0.069,0.15
203095,Evan Fournier,1610612753,ORL,2015-16,0.587,0.546,0.2,2.7,1.61,1.2,0.0,107.6,-3.3,0.087,0.013,0.077
202323,Evan Turner,1610612738,BOS,2015-16,0.513,0.469,0.184,4.4,2.12,1.0,0.3,100.5,2.0,0.12,0.02,0.145
203105,Festus Ezeli,1610612744,GSW,2015-16,0.559,0.548,0.177,0.7,0.84,0.4,1.1,96.8,14.3,0.105,0.121,0.196
1626163,Frank Kaminsky,1610612766,CHA,2015-16,0.513,0.474,0.166,1.2,1.69,0.5,0.5,101.7,-0.9,0.09,0.038,0.15
202066,Garrett Temple,1610612764,WAS,2015-16,0.52,0.486,0.14,1.8,2.19,0.9,0.2,101.6,0.0,0.057,0.018,0.091
203914,Gary Harris,1610612743,DEN,2015-16,0.566,0.538,0.16,1.9,1.5,1.3,0.2,109.2,-4.1,0.076,0.021,0.069
202390,Gary Neal,1610612764,WAS,2015-16,0.558,0.528,0.204,1.2,1.62,0.5,0.0,110.2,-9.9,0.09,0.014,0.093
201588,George Hill,1610612754,IND,2015-16,0.555,0.528,0.157,3.5,2.56,1.1,0.2,101.5,1.9,0.094,0.023,0.093
101123,Gerald Green,1610612748,MIA,2015-16,0.491,0.463,0.192,0.8,1.22,0.6,0.3,102.9,0.9,0.06,0.017,0.085
201945,Gerald Henderson,1610612757,POR,2015-16,0.526,0.484,0.201,1.0,1.1,0.5,0.3,104.7,1.3,0.093,0.02,0.121
203507,Giannis Antetokounmpo,1610612749,MIL,2015-16,0.566,0.52,0.221,4.3,1.66,1.2,1.4,107.9,-3.1,0.128,0.042,0.18
203922,Glenn Robinson III,1610612754,IND,2015-16,0.508,0.477,0.157,0.6,1.44,0.4,0.2,102.0,-3.6,0.08,0.022,0.109
201609,Goran Dragic,1610612748,MIA,2015-16,0.537,0.513,0.211,5.8,2.26,1.0,0.2,102.5,3.6,0.107,0.024,0.091
202330,Gordon Hayward,1610612762,UTA,2015-16,0.559,0.493,0.25,3.7,1.47,1.2,0.3,103.6,1.6,0.126,0.022,0.121
203476,Gorgui Dieng,1610612750,MIN,2015-16,0.601,0.537,0.165,1.7,1.02,1.1,1.2,106.5,-0.3,0.115,0.077,0.196
202328,Greg Monroe,1610612749,MIL,2015-16,0.562,0.522,0.231,2.3,1.38,0.9,0.8,108.2,-2.4,0.146,0.099,0.215
202962,Greg Smith,1610612750,MIN,2015-16,0.545,0.563,0.104,0.3,0.86,0.2,0.1,114.5,-19.8,0.045,0.059,0.169
202349,Greivis Vasquez,1610612749,MIL,2015-16,0.435,0.391,0.184,4.0,2.28,0.4,0.0,108.9,-9.7,0.061,0.011,0.093
203084,Harrison Barnes,1610612744,GSW,2015-16,0.559,0.531,0.156,1.8,2.05,0.6,0.2,101.8,10.2,0.079,0.038,0.114
202355,Hassan Whiteside,1610612748,MIA,2015-16,0.629,0.606,0.201,0.4,0.21,0.6,3.7,103.5,1.9,0.172,0.116,0.282
203156,Henry Sims,1610612751,BKN,2015-16,0.504,0.429,0.168,0.6,0.75,0.6,1.0,112.4,-15.7,0.076,0.072,0.208
203138,Hollis Thompson,1610612755,PHI,2015-16,0.525,0.507,0.157,1.3,1.3,0.5,0.3,107.7,-8.8,0.058,0.024,0.099
203546,Ian Clark,1610612744,GSW,2015-16,0.544,0.515,0.193,1.0,1.49,0.3,0.2,109.8,-7.6,0.074,0.023,0.09
101133,Ian Mahinmi,1610612754,IND,2015-16,0.603,0.589,0.157,1.5,1.04,0.9,1.1,99.3,3.6,0.111,0.076,0.197
202697,Iman Shumpert,1610612739,CLE,2015-16,0.475,0.444,0.13,1.7,1.61,1.0,0.4,100.4,7.8,0.061,0.025,0.127
203477,Isaiah Canaan,1610612755,PHI,2015-16,0.528,0.482,0.191,1.8,1.51,0.7,0.2,108.2,-12.3,0.071,0.009,0.079
202738,Isaiah Thomas,1610612738,BOS,2015-16,0.562,0.488,0.289,6.2,2.31,1.1,0.1,103.2,5.0,0.142,0.016,0.071
202397,Ish Smith,1610612755,PHI,2015-16,0.465,0.44,0.235,6.5,2.87,1.1,0.3,108.9,-7.3,0.109,0.018,0.114
200826,J.J. Barea,1610612742,DAL,2015-16,0.536,0.516,0.229,4.1,2.67,0.4,0.0,107.0,-2.0,0.105,0.015,0.075
201581,JJ Hickson,1610612764,WAS,2015-16,0.514,0.516,0.22,0.7,0.92,0.4,0.4,104.0,-7.2,0.107,0.083,0.201
1626266,JJ O'Brien,1610612762,UTA,2015-16,0.0,0.0,0.071,0.0,0.0,0.5,0.0,120.0,-48.6,0.0,0.0,0.0
200755,JJ Redick,1610612746,LAC,2015-16,0.632,0.593,0.22,1.4,1.36,0.6,0.1,100.5,11.5,0.107,0.005,0.057
2747,JR Smith,1610612739,CLE,2015-16,0.542,0.535,0.177,1.7,2.2,1.1,0.3,105.6,6.5,0.067,0.018,0.076
203960,JaKarr Sampson,1610612743,DEN,2015-16,0.504,0.464,0.165,0.6,0.66,0.3,0.5,105.3,-7.1,0.047,0.038,0.118
203210,JaMychal Green,1610612763,MEM,2015-16,0.52,0.48,0.188,0.9,0.81,0.6,0.4,104.5,-1.3,0.09,0.092,0.174
201580,JaVale McGee,1610612742,DAL,2015-16,0.574,0.575,0.206,0.1,0.14,0.1,0.8,102.4,-6.2,0.122,0.136,0.208
203953,Jabari Parker,1610612749,MIL,2015-16,0.535,0.498,0.206,1.7,1.12,0.9,0.4,107.7,-3.8,0.093,0.053,0.114
203109,Jae Crowder,1610612738,BOS,2015-16,0.565,0.518,0.181,1.8,1.63,1.7,0.5,102.6,4.8,0.103,0.028,0.125
1626143,Jahlil Okafor,1610612755,PHI,2015-16,0.536,0.509,0.272,1.2,0.52,0.4,1.2,108.4,-15.7,0.117,0.075,0.16
2037,Jamal Crawford,1610612746,LAC,2015-16,0.529,0.466,0.239,2.3,1.62,0.7,0.2,102.8,2.0,0.095,0.009,0.058
2749,Jameer Nelson,1610612743,DEN,2015-16,0.464,0.438,0.163,4.9,2.88,0.6,0.1,109.5,-7.1,0.07,0.017,0.097
202341,James Anderson,1610612758,SAC,2015-16,0.469,0.441,0.134,0.8,0.98,0.4,0.3,105.7,-4.8,0.041,0.017,0.091
203516,James Ennis III,1610612740,NOP,2015-16,0.621,0.593,0.196,1.0,1.11,0.7,0.2,110.5,-5.8,0.092,0.066,0.069
201935,James Harden,1610612745,HOU,2015-16,0.598,0.512,0.319,7.5,1.64,1.7,0.6,106.9,1.6,0.174,0.019,0.14
201949,James Johnson,1610612761,TOR,2015-16,0.532,0.517,0.157,1.2,1.24,0.5,0.6,105.1,-0.2,0.067,0.031,0.11
2592,James Jones,1610612739,CLE,2015-16,0.58,0.553,0.156,0.3,1.08,0.2,0.2,99.7,-3.6,0.071,0.016,0.087
203949,James Michael McAdoo,1610612744,GSW,2015-16,0.554,0.542,0.194,0.4,1.06,0.2,0.2,114.4,-17.1,0.074,0.107,0.115
203923,James Young,1610612738,BOS,2015-16,0.384,0.389,0.092,0.3,1.8,0.2,0.0,104.3,-5.7,0.025,0.019,0.113
203099,Jared Cunningham,1610612739,CLE,2015-16,0.464,0.4,0.166,0.5,0.95,0.3,0.0,103.4,-4.8,0.032,0.008,0.088
201162,Jared Dudley,1610612764,WAS,2015-16,0.602,0.581,0.127,2.1,2.14,0.9,0.2,103.3,1.7,0.077,0.026,0.113
203096,Jared Sullinger,1610612738,BOS,2015-16,0.476,0.453,0.216,2.3,1.83,0.9,0.6,102.1,5.3,0.122,0.094,0.243
204067,Jarell Eddie,1610612764,WAS,2015-16,0.46,0.423,0.191,0.2,5.0,0.2,0.0,102.2,-12.4,0.088,0.012,0.134
1626185,Jarell Martin,1610612763,MEM,2015-16,0.534,0.466,0.179,0.6,0.79,0.3,0.3,106.1,-4.1,0.071,0.091,0.131
203950,Jarnell Stokes,1610612763,MEM,2015-16,0.595,0.6,0.133,0.1,0.0,0.1,0.0,76.3,23.7,0.162,0.0,0.0
101127,Jarrett Jack,1610612751,BKN,2015-16,0.505,0.434,0.209,7.4,2.51,1.1,0.2,107.7,-6.0,0.106,0.009,0.125
201160,Jason Smith,1610612753,ORL,2015-16,0.513,0.489,0.218,0.8,1.09,0.4,0.9,103.0,-1.1,0.088,0.045,0.144
1891,Jason Terry,1610612745,HOU,2015-16,0.54,0.525,0.146,1.4,2.1,0.7,0.1,106.9,-0.8,0.062,0.011,0.052
201574,Jason Thompson,1610612761,TOR,2015-16,0.558,0.505,0.137,0.6,1.93,0.3,0.4,105.5,-1.1,0.085,0.067,0.209
201965,Jeff Ayres,1610612746,LAC,2015-16,0.585,0.522,0.134,0.3,0.83,0.0,0.2,111.2,-20.5,0.055,0.04,0.154
201145,Jeff Green,1610612746,LAC,2015-16,0.51,0.47,0.204,1.7,1.48,0.7,0.5,104.8,-1.0,0.087,0.033,0.116
201952,Jeff Teague,1610612737,ATL,2015-16,0.551,0.495,0.259,5.9,2.16,1.2,0.3,102.1,1.1,0.119,0.014,0.074
203481,Jeff Withey,1610612762,UTA,2015-16,0.577,0.537,0.149,0.4,0.71,0.4,1.0,97.8,3.0,0.113,0.089,0.183
203924,Jerami Grant,1610612755,PHI,2015-16,0.506,0.448,0.179,1.8,1.23,0.7,1.6,106.6,-10.7,0.073,0.046,0.122
202379,Jeremy Evans,1610612742,DAL,2015-16,0.62,0.583,0.109,0.1,0.29,0.2,0.3,99.5,-5.6,0.087,0.042,0.151
203087,Jeremy Lamb,1610612766,CHA,2015-16,0.529,0.506,0.214,1.2,1.54,0.6,0.5,95.8,6.2,0.119,0.035,0.157
202391,Jeremy Lin,1610612766,CHA,2015-16,0.534,0.464,0.217,3.0,1.57,0.7,0.5,101.2,2.2,0.092,0.02,0.097
1626170,Jerian Grant,1610612752,NYK,2015-16,0.479,0.422,0.185,2.3,2.03,0.7,0.1,103.9,-6.5,0.082,0.017,0.091
201573,Jerryd Bayless,1610612749,MIL,2015-16,0.568,0.539,0.164,3.1,2.23,0.9,0.2,109.1,-6.0,0.08,0.015,0.081
202690,Jimmer Fredette,1610612759,SAS,2015-16,0.625,0.5,0.225,0.2,0.5,0.2,0.0,110.5,-65.8,0.068,0.0,0.0
202710,Jimmy Butler III,1610612741,CHI,2015-16,0.562,0.485,0.242,4.8,2.43,1.6,0.6,104.5,-0.3,0.141,0.031,0.103
201149,Joakim Noah,1610612741,CHI,2015-16,0.406,0.383,0.137,3.8,2.12,0.6,1.0,99.9,-1.2,0.115,0.123,0.235
201975,Jodie Meeks,1610612765,DET,2015-16,0.506,0.45,0.232,1.0,3.0,0.0,0.0,92.7,3.9,0.103,0.022,0.089
203925,Joe Harris,1610612739,CLE,2015-16,0.375,0.375,0.128,0.4,2.0,0.0,0.0,162.5,-73.9,0.038,0.0,0.0
204060,Joe Ingles,1610612762,UTA,2015-16,0.572,0.565,0.128,1.2,1.48,0.7,0.0,100.3,-0.9,0.079,0.015,0.109
2207,Joe Johnson,1610612748,MIA,2015-16,0.538,0.509,0.178,3.9,2.0,0.8,0.0,106.5,-0.9,0.081,0.019,0.092
1626202,Joe Young,1610612754,IND,2015-16,0.428,0.396,0.233,1.6,1.97,0.4,0.0,102.1,-4.4,0.079,0.015,0.106
201202,Joel Anthony,1610612765,DET,2015-16,0.666,0.6,0.071,0.1,0.5,0.1,0.6,102.7,-11.0,0.077,0.077,0.135
203530,Joffrey Lauvergne,1610612743,DEN,2015-16,0.567,0.53,0.196,0.9,1.04,0.2,0.3,110.8,-9.8,0.114,0.073,0.204
203089,John Henson,1610612749,MIL,2015-16,0.58,0.564,0.188,0.9,0.84,0.3,1.9,103.4,-6.8,0.103,0.092,0.133
203098,John Jenkins,1610612756,PHX,2015-16,0.522,0.494,0.167,0.8,1.3,0.2,0.0,105.6,-6.9,0.075,0.015,0.094
202322,John Wall,1610612764,WAS,2015-16,0.51,0.467,0.28,10.2,2.48,1.9,0.8,104.1,1.7,0.144,0.015,0.122
203948,Johnny O'Bryant III,1610612749,MIL,2015-16,0.441,0.414,0.135,0.5,1.03,0.3,0.1,106.6,-6.9,0.045,0.079,0.133
202720,Jon Leuer,1610612756,PHX,2015-16,0.555,0.526,0.195,1.1,0.96,0.6,0.4,103.9,-2.2,0.126,0.058,0.23
201973,Jonas Jerebko,1610612738,BOS,2015-16,0.531,0.488,0.133,0.8,1.19,0.3,0.3,98.1,3.0,0.08,0.06,0.17
202685,Jonas Valančiūnas,1610612761,TOR,2015-16,0.61,0.565,0.204,0.7,0.49,0.4,1.3,107.1,3.7,0.142,0.125,0.245
203613,Jonathon Simmons,1610612759,SAS,2015-16,0.586,0.541,0.183,1.1,1.09,0.4,0.1,101.0,6.3,0.071,0.022,0.099
203919,Jordan Adams,1610612763,MEM,2015-16,0.427,0.333,0.286,1.5,1.5,1.5,0.0,88.2,14.8,0.092,0.0,0.0
203903,Jordan Clarkson,1610612747,LAL,2015-16,0.516,0.483,0.225,2.4,1.42,1.1,0.1,111.9,-12.1,0.087,0.033,0.086
200770,Jordan Farmar,1610612763,MEM,2015-16,0.527,0.5,0.178,3.1,2.06,1.3,0.2,112.7,-11.7,0.084,0.012,0.085
202706,Jordan Hamilton,1610612740,NOP,2015-16,0.499,0.478,0.203,2.3,1.47,0.7,0.3,114.2,-10.0,0.082,0.039,0.172
201941,Jordan Hill,1610612754,IND,2015-16,0.534,0.506,0.201,1.2,0.95,0.5,0.5,101.2,1.3,0.118,0.1,0.186
203895,Jordan McRae,1610612739,CLE,2015-16,0.548,0.5,0.244,1.1,1.67,0.1,0.0,94.3,12.7,0.096,0.021,0.075
1626175,Jordan Mickey,1610612738,BOS,2015-16,0.398,0.364,0.193,0.1,1.0,0.0,0.7,88.3,5.8,0.072,0.091,0.111
203268,Jorge Gutierrez,1610612766,CHA,2015-16,0.694,0.545,0.148,1.4,2.83,0.3,0.0,103.7,4.4,0.143,0.0,0.092
101181,Jose Calderon,1610612752,NYK,2015-16,0.571,0.552,0.124,4.1,3.43,0.9,0.1,107.2,-1.7,0.088,0.011,0.098
203962,Josh Huestis,1610612760,OKC,2015-16,0.509,0.583,0.135,0.0,0.0,0.2,0.4,103.5,4.6,0.042,0.038,0.138
201177,Josh McRoberts,1610612748,MIA,2015-16,0.453,0.412,0.148,1.9,2.7,0.4,0.2,102.0,0.6,0.072,0.039,0.139
1626196,Josh Richardson,1610612748,MIA,2015-16,0.569,0.55,0.134,1.4,2.09,0.7,0.5,102.5,1.8,0.066,0.02,0.075
2746,Josh Smith,1610612745,HOU,2015-16,0.439,0.423,0.221,1.6,1.17,0.6,0.9,101.5,-4.7,0.066,0.053,0.154
201950,Jrue Holiday,1610612740,NOP,2015-16,0.529,0.485,0.283,6.0,2.34,1.4,0.3,106.1,0.6,0.129,0.014,0.094
203944,Julius Randle,1610612747,LAL,2015-16,0.482,0.435,0.209,1.8,0.97,0.7,0.4,113.0,-14.1,0.11,0.069,0.292
1626147,Justin Anderson,1610612742,DAL,2015-16,0.522,0.469,0.152,0.5,1.21,0.3,0.5,99.3,1.4,0.094,0.026,0.167
202712,Justin Harper,1610612751,BKN,2015-16,0.597,0.6,0.167,0.0,0.0,0.2,0.0,133.3,-48.8,0.021,0.0,0.0
203200,Justin Holiday,1610612741,CHI,2015-16,0.489,0.465,0.16,1.1,1.44,0.6,0.4,104.5,-4.0,0.059,0.015,0.098
1626159,Justise Winslow,1610612748,MIA,2015-16,0.489,0.457,0.122,1.5,1.24,0.9,0.3,100.3,2.4,0.064,0.038,0.14
203994,Jusuf Nurkić,1610612743,DEN,2015-16,0.46,0.417,0.266,1.3,0.73,0.8,1.4,105.3,-0.6,0.085,0.113,0.2
203909,KJ McDaniels,1610612745,HOU,2015-16,0.522,0.451,0.179,0.3,0.59,0.2,0.2,93.3,14.9,0.062,0.067,0.091
1626157,Karl-Anthony Towns,1610612750,MIN,2015-16,0.59,0.555,0.243,2.0,0.88,0.7,1.7,109.3,-2.5,0.154,0.092,0.242
202695,Kawhi Leonard,1610612759,SAS,2015-16,0.616,0.565,0.252,2.6,1.77,1.8,1.0,95.9,14.1,0.17,0.042,0.164
203951,Keith Appling,1610612753,ORL,2015-16,0.338,0.25,0.2,0.2,0.33,0.2,0.0,72.4,27.6,-0.063,0.0,0.0
203482,Kelly Olynyk,1610612738,BOS,2015-16,0.561,0.531,0.204,1.5,1.42,0.8,0.5,96.8,6.8,0.111,0.047,0.138
1626162,Kelly Oubre Jr.,1610612764,WAS,2015-16,0.507,0.486,0.166,0.2,0.38,0.3,0.1,103.0,-2.6,0.051,0.035,0.155
202689,Kemba Walker,1610612766,CHA,2015-16,0.554,0.495,0.261,5.2,2.46,1.6,0.5,103.6,3.8,0.135,0.019,0.102
203088,Kendall Marshall,1610612755,PHI,2015-16,0.449,0.432,0.179,2.4,1.7,0.5,0.1,111.1,-13.1,0.049,0.005,0.067
2570,Kendrick Perkins,1610612740,NOP,2015-16,0.529,0.533,0.103,0.8,0.76,0.3,0.3,109.7,-6.0,0.046,0.048,0.196
202702,Kenneth Faried,1610612743,DEN,2015-16,0.577,0.558,0.203,1.2,0.87,0.5,0.9,110.0,-3.5,0.126,0.132,0.21
203145,Kent Bazemore,1610612737,ATL,2015-16,0.551,0.517,0.195,2.3,1.24,1.3,0.5,100.6,2.3,0.1,0.013,0.156
203484,Kentavious Caldwell-Pope,1610612765,DET,2015-16,0.521,0.479,0.177,1.8,1.31,1.4,0.2,103.9,2.6,0.077,0.023,0.077
201142,Kevin Durant,1610612760,OKC,2015-16,0.634,0.573,0.298,5.0,1.44,1.0,1.2,102.9,11.6,0.194,0.018,0.188
708,Kevin Garnett,1610612750,MIN,2015-16,0.491,0.47,0.114,1.6,3.88,0.7,0.3,97.4,4.6,0.109,0.028,0.235
201567,Kevin Love,1610612739,CLE,2015-16,0.553,0.499,0.233,2.4,1.3,0.8,0.5,103.6,8.8,0.143,0.064,0.258
2755,Kevin Martin,1610612759,SAS,2015-16,0.52,0.431,0.217,1.1,1.07,0.5,0.1,106.4,-5.4,0.074,0.013,0.09
202338,Kevin Seraphin,1610612752,NYK,2015-16,0.435,0.41,0.219,1.0,1.09,0.2,0.8,100.4,-7.6,0.078,0.056,0.172
1626172,Kevon Looney,1610612744,GSW,2015-16,0.643,0.643,0.14,0.0,0.0,0.0,0.0,146.8,-46.8,0.105,0.0,0.0
203114,Khris Middleton,1610612749,MIL,2015-16,0.56,0.507,0.224,4.2,1.84,1.7,0.2,106.4,-0.8,0.108,0.016,0.091
2550,Kirk Hinrich,1610612737,ATL,2015-16,0.504,0.473,0.113,1.6,2.43,0.3,0.0,98.5,1.3,0.056,0.012,0.093
202691,Klay Thompson,1610612744,GSW,2015-16,0.597,0.569,0.26,2.1,1.2,0.8,0.6,101.3,14.6,0.114,0.014,0.09
977,Kobe Bryant,1610612747,LAL,2015-16,0.469,0.417,0.314,2.8,1.43,0.9,0.2,114.9,-14.8,0.089,0.02,0.111
201585,Kosta Koufos,1610612758,SAC,2015-16,0.54,0.532,0.152,0.4,0.69,0.5,0.9,107.8,-6.6,0.088,0.107,0.17
203123,Kostas Papanikolaou,1610612743,DEN,2015-16,0.464,0.439,0.141,0.6,0.76,0.5,0.2,100.3,-2.4,0.044,0.027,0.107
2743,Kris Humphries,1610612737,ATL,2015-16,0.517,0.468,0.189,0.7,0.95,0.3,0.4,105.5,-4.3,0.087,0.064,0.19
204001,Kristaps Porziņģis,1610612752,NYK,2015-16,0.518,0.467,0.243,1.3,0.78,0.7,1.9,104.3,0.3,0.113,0.063,0.184
203937,Kyle Anderson,1610612759,SAS,2015-16,0.528,0.488,0.143,1.6,2.08,0.8,0.4,97.5,8.6,0.102,0.022,0.179
2594,Kyle Korver,1610612737,ATL,2015-16,0.577,0.562,0.132,2.1,1.67,0.8,0.4,98.3,7.2,0.068,0.006,0.096
200768,Kyle Lowry,1610612761,TOR,2015-16,0.578,0.516,0.256,6.4,2.2,2.1,0.4,104.4,6.4,0.145,0.02,0.111
203124,Kyle O'Quinn,1610612752,NYK,2015-16,0.52,0.485,0.206,1.1,1.18,0.3,0.8,103.8,-3.9,0.123,0.097,0.208
202713,Kyle Singler,1610612760,OKC,2015-16,0.481,0.457,0.113,0.4,0.75,0.4,0.1,103.8,-0.6,0.031,0.048,0.087
202681,Kyrie Irving,1610612739,CLE,2015-16,0.54,0.496,0.285,4.7,2.02,1.1,0.3,105.8,5.8,0.122,0.026,0.071
200746,LaMarcus Aldridge,1610612759,SAS,2015-16,0.565,0.513,0.258,1.5,1.11,0.5,1.1,97.9,11.7,0.151,0.084,0.199
203934,Lamar Patterson,1610612737,ATL,2015-16,0.468,0.425,0.123,1.1,1.7,0.3,0.1,102.1,4.2,0.037,0.01,0.122
202362,Lance Stephenson,1610612763,MEM,2015-16,0.548,0.513,0.194,1.9,1.41,0.6,0.1,106.2,-2.5,0.098,0.029,0.135
202498,Lance Thomas,1610612752,NYK,2015-16,0.557,0.5,0.166,0.9,0.93,0.4,0.1,103.5,-0.6,0.064,0.027,0.069
204038,Langston Galloway,1610612752,NYK,2015-16,0.49,0.458,0.151,2.5,3.39,0.9,0.3,103.4,-2.6,0.083,0.02,0.115
1626204,Larry Nance Jr.,1610612747,LAL,2015-16,0.544,0.528,0.124,0.7,1.07,0.9,0.4,104.8,-3.4,0.09,0.076,0.165
202730,Lavoy Allen,1610612754,IND,2015-16,0.532,0.516,0.128,1.0,1.1,0.3,0.5,98.9,6.0,0.09,0.101,0.159
2544,LeBron James,1610612739,CLE,2015-16,0.588,0.551,0.305,6.8,2.06,1.4,0.6,102.6,11.4,0.189,0.042,0.167
2571,Leandro Barbosa,1610612744,GSW,2015-16,0.545,0.515,0.174,1.2,1.55,0.6,0.1,103.4,2.6,0.072,0.025,0.079
203485,Lorenzo Brown,1610612765,DET,2015-16,0.374,0.34,0.248,1.4,1.22,0.4,0.1,114.3,-24.5,0.047,0.0,0.0
200811,Lou Amundson,1610612752,NYK,2015-16,0.401,0.358,0.166,0.4,0.8,0.2,0.2,100.5,-11.1,0.009,0.098,0.118
101150,Lou Williams,1610612747,LAL,2015-16,0.584,0.488,0.221,2.5,1.56,0.9,0.3,111.0,-10.2,0.104,0.015,0.072
201601,Luc Mbah a Moute,1610612746,LAC,2015-16,0.498,0.486,0.095,0.4,0.88,0.6,0.3,98.6,8.3,0.039,0.049,0.081
203512,Lucas Nogueira,1610612761,TOR,2015-16,0.642,0.648,0.12,0.2,0.64,0.4,0.4,103.5,4.3,0.075,0.079,0.117
1626242,Luis Montero,1610612757,POR,2015-16,0.337,0.289,0.255,0.1,0.25,0.0,0.0,112.0,-47.8,-0.01,0.0,0.108
2449,Luis Scola,1610612761,TOR,2015-16,0.523,0.504,0.19,0.9,0.97,0.6,0.4,107.0,-1.9,0.086,0.052,0.179
202337,Luke Babbitt,1610612740,NOP,2015-16,0.526,0.498,0.168,1.1,2.3,0.2,0.1,108.2,-2.5,0.072,0.028,0.147
2736,Luol Deng,1610612748,MIA,2015-16,0.549,0.514,0.168,1.9,1.73,1.0,0.4,103.9,0.5,0.101,0.047,0.139
1938,Manu Ginobili,1610612759,SAS,2015-16,0.573,0.533,0.227,3.1,1.79,1.1,0.2,93.1,14.6,0.119,0.025,0.101
201188,Marc Gasol,1610612763,MEM,2015-16,0.528,0.465,0.237,3.8,1.66,1.0,1.3,103.9,0.1,0.13,0.033,0.179
1626273,Marcelo Huertas,1610612747,LAL,2015-16,0.488,0.457,0.161,3.4,2.28,0.5,0.1,101.1,1.7,0.08,0.02,0.082
101162,Marcin Gortat,1610612764,WAS,2015-16,0.592,0.567,0.186,1.4,0.88,0.6,1.3,103.8,1.3,0.13,0.096,0.226
201158,Marco Belinelli,1610612758,SAC,2015-16,0.5,0.457,0.193,1.9,1.59,0.5,0.0,106.7,-5.7,0.063,0.006,0.064
202694,Marcus Morris Sr.,1610612765,DET,2015-16,0.531,0.491,0.182,2.5,1.44,0.8,0.3,104.0,2.4,0.086,0.03,0.114
203935,Marcus Smart,1610612738,BOS,2015-16,0.463,0.405,0.168,3.0,2.31,1.5,0.3,100.6,2.5,0.072,0.041,0.102
201977,Marcus Thornton,1610612764,WAS,2015-16,0.511,0.482,0.235,1.4,1.65,0.8,0.1,104.0,0.8,0.091,0.032,0.099
201596,Mario Chalmers,1610612748,MIA,2015-16,0.561,0.462,0.214,3.8,2.09,1.4,0.2,101.7,2.3,0.116,0.018,0.097
1626209,Mario Hezonja,1610612753,ORL,2015-16,0.541,0.513,0.166,1.4,1.12,0.5,0.2,102.7,-0.1,0.065,0.019,0.108
203900,Markel Brown,1610612751,BKN,2015-16,0.5,0.453,0.183,1.5,1.69,0.6,0.2,113.5,-11.0,0.065,0.023,0.106
202693,Markieff Morris,1610612764,WAS,2015-16,0.489,0.458,0.24,1.9,0.92,0.9,0.5,104.5,-2.3,0.088,0.043,0.177
201578,Marreese Speights,1610612744,GSW,2015-16,0.506,0.458,0.293,0.8,0.92,0.3,0.5,104.1,1.1,0.109,0.092,0.182
101107,Marvin Williams,1610612766,CHA,2015-16,0.585,0.554,0.166,1.4,1.77,0.7,1.0,103.6,5.0,0.11,0.053,0.165
203486,Mason Plumlee,1610612757,POR,2015-16,0.564,0.516,0.171,2.8,1.47,0.8,1.0,107.4,1.6,0.106,0.096,0.203
2440,Matt Barnes,1610612763,MEM,2015-16,0.503,0.467,0.175,2.1,1.35,1.0,0.8,107.7,-4.5,0.078,0.036,0.16
2588,Matt Bonner,1610612759,SAS,2015-16,0.647,0.64,0.14,0.3,3.0,0.2,0.0,97.8,14.0,0.094,0.018,0.119
203521,Matthew Dellavedova,1610612739,CLE,2015-16,0.527,0.501,0.155,4.4,2.91,0.6,0.1,99.7,10.3,0.077,0.018,0.068
203090,Maurice Harkless,1610612757,POR,2015-16,0.541,0.522,0.153,0.9,1.08,0.6,0.4,105.5,1.3,0.08,0.068,0.117
1897,Metta World Peace,1610612747,LAL,2015-16,0.435,0.384,0.162,0.8,1.8,0.6,0.3,101.4,-4.9,0.047,0.029,0.112
203086,Meyers Leonard,1610612757,POR,2015-16,0.561,0.547,0.174,1.5,1.19,0.1,0.3,105.3,3.2,0.082,0.037,0.192
201563,Michael Beasley,1610612745,HOU,2015-16,0.563,0.529,0.284,0.8,0.67,0.6,0.5,109.3,-8.3,0.148,0.073,0.173
203487,Michael Carter-Williams,1610612749,MIL,2015-16,0.497,0.466,0.206,5.2,1.84,1.5,0.8,105.9,-3.6,0.099,0.03,0.138
203077,Michael Kidd-Gilchrist,1610612766,CHA,2015-16,0.603,0.566,0.173,1.3,1.13,0.4,0.4,96.6,13.9,0.112,0.058,0.146
201144,Mike Conley,1610612763,MEM,2015-16,0.538,0.478,0.225,6.1,4.07,1.2,0.3,104.5,1.2,0.129,0.015,0.082
2399,Mike Dunleavy,1610612741,CHI,2015-16,0.543,0.513,0.141,1.3,1.5,0.5,0.3,111.6,-5.2,0.052,0.011,0.105
2034,Mike Miller,1610612743,DEN,2015-16,0.508,0.508,0.089,0.9,2.35,0.3,0.1,109.2,-13.9,0.045,0.014,0.127
203488,Mike Muscala,1610612737,ATL,2015-16,0.576,0.539,0.152,0.6,1.26,0.2,0.5,100.5,-3.0,0.084,0.068,0.138
203118,Mike Scott,1610612737,ATL,2015-16,0.575,0.551,0.171,1.0,1.86,0.3,0.2,94.4,5.2,0.1,0.046,0.126
203101,Miles Plumlee,1610612749,MIL,2015-16,0.606,0.601,0.151,0.3,0.4,0.3,0.8,103.6,-5.6,0.109,0.109,0.153
203141,Mirza Teletovic,1610612756,PHX,2015-16,0.571,0.544,0.229,1.1,1.06,0.4,0.3,108.4,-4.6,0.105,0.03,0.146
203956,Mitch McGary,1610612760,OKC,2015-16,0.474,0.478,0.192,0.2,0.43,0.1,0.1,118.9,-34.4,0.046,0.055,0.2
2590,Mo Williams,1610612739,CLE,2015-16,0.527,0.497,0.222,2.4,1.72,0.3,0.1,102.3,-3.5,0.094,0.008,0.087
101145,Monta Ellis,1610612754,IND,2015-16,0.504,0.47,0.208,4.7,1.89,1.9,0.5,101.8,1.8,0.096,0.015,0.08
1626149,Montrezl Harrell,1610612745,HOU,2015-16,0.635,0.644,0.141,0.4,1.0,0.3,0.3,102.2,4.9,0.078,0.066,0.098
1626167,Myles Turner,1610612754,IND,2015-16,0.531,0.501,0.207,0.7,0.61,0.4,1.4,101.6,-2.5,0.105,0.049,0.182
101126,Nate Robinson,1610612740,NOP,2015-16,0.0,0.0,0.018,2.0,0.0,0.5,0.0,112.0,-38.5,-0.016,0.0,0.0
1737,Nazr Mohammed,1610612760,OKC,2015-16,0.68,0.6,0.2,0.0,0.0,0.0,0.0,81.0,-7.1,0.051,0.0,0.143
202357,Nemanja Bjelica,1610612750,MIN,2015-16,0.594,0.57,0.123,1.4,1.74,0.4,0.4,107.6,-5.7,0.073,0.047,0.156
2403,Nene,1610612764,WAS,2015-16,0.564,0.544,0.218,1.7,1.28,0.9,0.5,101.4,1.3,0.113,0.049,0.199
203457,Nerlens Noel,1610612755,PHI,2015-16,0.544,0.522,0.187,1.8,0.77,1.8,1.5,106.3,-10.8,0.113,0.075,0.195
2555,Nick Collison,1610612760,OKC,2015-16,0.498,0.459,0.105,0.9,1.04,0.3,0.3,100.0,2.3,0.048,0.095,0.141
201156,Nick Young,1610612747,LAL,2015-16,0.483,0.442,0.182,0.6,1.13,0.4,0.1,107.9,-9.6,0.058,0.013,0.081
201587,Nicolas Batum,1610612766,CHA,2015-16,0.546,0.506,0.209,5.8,1.97,0.9,0.6,103.5,4.0,0.116,0.022,0.148
203917,Nik Stauskas,1610612755,PHI,2015-16,0.517,0.483,0.163,1.9,1.47,0.6,0.3,107.5,-11.0,0.062,0.012,0.089
203999,Nikola Jokić,1610612743,DEN,2015-16,0.582,0.535,0.194,2.4,1.82,1.0,0.6,103.1,2.4,0.145,0.099,0.223
202703,Nikola Mirotic,1610612741,CHI,2015-16,0.564,0.518,0.209,1.5,0.98,0.9,0.7,104.7,0.7,0.103,0.035,0.174
201593,Nikola Pekovic,1610612750,MIN,2015-16,0.459,0.38,0.204,0.9,1.22,0.1,0.0,115.9,-19.9,0.033,0.048,0.098
202696,Nikola Vučević,1610612753,ORL,2015-16,0.531,0.511,0.265,2.8,1.46,0.8,1.1,106.1,-1.2,0.14,0.084,0.203
203943,Noah Vonleh,1610612757,POR,2015-16,0.471,0.441,0.13,0.4,0.6,0.3,0.3,105.3,-1.8,0.056,0.074,0.184
1626181,Norman Powell,1610612761,TOR,2015-16,0.541,0.502,0.174,1.0,1.47,0.6,0.2,104.2,4.8,0.087,0.023,0.129
202708,Norris Cole,1610612740,NOP,2015-16,0.465,0.439,0.212,3.7,2.23,0.8,0.1,107.2,-4.5,0.078,0.008,0.122
201564,O.J. Mayo,1610612749,MIL,2015-16,0.474,0.452,0.165,2.9,1.64,1.2,0.2,103.5,-2.2,0.047,0.012,0.082
201600,Omer Asik,1610612740,NOP,2015-16,0.551,0.533,0.114,0.4,0.43,0.3,0.3,107.5,-8.8,0.079,0.095,0.258
201956,Omri Casspi,1610612758,SAC,2015-16,0.587,0.571,0.174,1.4,1.01,0.8,0.2,104.6,1.0,0.102,0.03,0.176
203111,Orlando Johnson,1610612740,NOP,2015-16,0.346,0.294,0.167,0.3,0.5,0.4,0.4,112.2,-18.3,0.015,0.031,0.115
203490,Otto Porter Jr.,1610612764,WAS,2015-16,0.564,0.541,0.159,1.6,1.71,1.4,0.4,103.9,1.5,0.093,0.042,0.132
200782,P.J. Tucker,1610612756,PHX,2015-16,0.506,0.469,0.125,2.2,1.59,1.3,0.2,107.1,-6.4,0.078,0.062,0.138
203798,PJ Hairston,1610612763,MEM,2015-16,0.47,0.441,0.161,0.6,0.93,0.5,0.2,108.4,-5.9,0.039,0.018,0.119
203143,Pablo Prigioni,1610612746,LAC,2015-16,0.482,0.469,0.108,2.2,2.65,0.9,0.0,100.4,-4.1,0.075,0.045,0.092
1626192,Pat Connaughton,1610612757,POR,2015-16,0.352,0.316,0.178,0.3,1.0,0.1,0.0,93.0,-5.0,0.053,0.071,0.126
201976,Patrick Beverley,1610612745,HOU,2015-16,0.553,0.539,0.153,3.4,2.63,1.3,0.4,105.4,3.5,0.076,0.035,0.087
202335,Patrick Patterson,1610612761,TOR,2015-16,0.534,0.521,0.127,1.2,1.45,0.7,0.4,101.7,9.2,0.078,0.04,0.128
201988,Patty Mills,1610612759,SAS,2015-16,0.541,0.525,0.189,2.8,2.97,0.7,0.1,96.4,12.1,0.097,0.017,0.078
2200,Pau Gasol,1610612741,CHI,2015-16,0.529,0.481,0.244,4.1,1.79,0.6,2.0,104.4,-0.2,0.165,0.065,0.249
202331,Paul George,1610612754,IND,2015-16,0.557,0.49,0.296,4.1,1.24,1.9,0.4,101.5,2.8,0.151,0.027,0.165
200794,Paul Millsap,1610612737,ATL,2015-16,0.556,0.505,0.238,3.3,1.39,1.8,1.7,101.6,4.0,0.141,0.075,0.189
1718,Paul Pierce,1610612746,LAC,2015-16,0.489,0.457,0.177,1.0,1.22,0.5,0.3,103.0,1.2,0.058,0.01,0.135
203515,Phil Pressey,1610612757,POR,2015-16,0.433,0.41,0.174,3.3,2.27,0.8,0.2,102.2,-6.4,0.08,0.009,0.095
203112,Quincy Acy,1610612758,SAC,2015-16,0.629,0.6,0.128,0.5,1.0,0.5,0.4,105.2,-6.0,0.089,0.071,0.139
1626154,RJ Hunter,1610612738,BOS,2015-16,0.48,0.464,0.15,0.4,1.18,0.4,0.1,94.5,-4.2,0.062,0.006,0.113
200765,Rajon Rondo,1610612758,SAC,2015-16,0.506,0.494,0.186,11.7,3.02,2.0,0.1,107.7,-2.8,0.13,0.03,0.136
1626176,Rakeem Christmas,1610612754,IND,2015-16,1.0,1.0,0.143,0.0,0.0,0.0,0.0,184.6,-76.9,0.076,0.0,0.0
201196,Ramon Sessions,1610612764,WAS,2015-16,0.565,0.503,0.214,2.9,2.08,0.6,0.1,103.2,-1.4,0.116,0.015,0.108
200751,Randy Foye,1610612760,OKC,2015-16,0.461,0.428,0.157,2.0,1.87,0.5,0.4,103.1,1.0,0.051,0.014,0.076
1626173,Rashad Vaughn,1610612749,MIL,2015-16,0.398,0.385,0.13,0.6,1.39,0.4,0.2,107.2,-8.1,0.024,0.011,0.077
2446,Rasual Butler,1610612759,SAS,2015-16,0.558,0.543,0.123,0.5,3.0,0.3,0.5,98.1,7.3,0.095,0.008,0.118
203526,Raul Neto,1610612762,UTA,2015-16,0.53,0.507,0.172,2.1,1.6,0.8,0.0,99.9,3.3,0.07,0.012,0.071
203492,Ray McCallum,1610612759,SAS,2015-16,0.449,0.428,0.164,1.5,2.5,0.3,0.2,102.4,2.1,0.065,0.016,0.083
101109,Raymond Felton,1610612742,DAL,2015-16,0.502,0.45,0.179,3.6,2.35,0.9,0.2,105.8,-1.6,0.086,0.017,0.099
203493,Reggie Bullock Jr.,1610612765,DET,2015-16,0.583,0.551,0.113,0.7,3.38,0.3,0.1,109.9,-7.3,0.085,0.03,0.136
202704,Reggie Jackson,1610612765,DET,2015-16,0.535,0.482,0.283,6.2,2.21,0.7,0.1,104.8,2.5,0.13,0.022,0.083
2210,Richard Jefferson,1610612739,CLE,2015-16,0.585,0.564,0.133,0.8,1.37,0.4,0.2,102.0,-1.4,0.06,0.011,0.085
1626158,Richaun Holmes,1610612755,PHI,2015-16,0.564,0.532,0.171,0.6,1.03,0.4,0.8,106.3,-3.6,0.082,0.085,0.104
201937,Ricky Rubio,1610612750,MIN,2015-16,0.529,0.427,0.173,8.7,3.41,2.1,0.1,107.0,0.5,0.126,0.018,0.124
203496,Robert Covington,1610612755,PHI,2015-16,0.543,0.504,0.209,1.4,0.68,1.6,0.6,105.2,-7.0,0.09,0.031,0.187
203135,Robert Sacre,1610612747,LAL,2015-16,0.474,0.413,0.139,0.6,1.17,0.2,0.4,102.9,-4.1,0.05,0.086,0.124
201577,Robin Lopez,1610612752,NYK,2015-16,0.574,0.539,0.174,1.4,0.86,0.2,1.6,106.5,-2.2,0.106,0.12,0.145
203918,Rodney Hood,1610612762,UTA,2015-16,0.542,0.503,0.215,2.7,1.7,0.9,0.2,103.0,3.1,0.092,0.016,0.095
201155,Rodney Stuckey,1610612754,IND,2015-16,0.504,0.436,0.202,2.4,1.87,0.7,0.1,101.2,-0.3,0.096,0.015,0.103
1626178,Rondae Hollis-Jefferson,1610612751,BKN,2015-16,0.519,0.471,0.131,1.5,1.65,1.3,0.6,102.1,-3.2,0.096,0.061,0.179
101179,Ronnie Price,1610612756,PHX,2015-16,0.517,0.497,0.135,2.4,2.1,1.2,0.2,100.6,-2.3,0.057,0.019,0.06
201579,Roy Hibbert,1610612747,LAL,2015-16,0.507,0.443,0.13,1.2,1.25,0.4,1.4,113.7,-17.9,0.06,0.064,0.139
200752,Rudy Gay,1610612758,SAC,2015-16,0.538,0.5,0.222,1.7,0.86,1.4,0.7,107.0,-1.5,0.101,0.043,0.145
203497,Rudy Gobert,1610612762,UTA,2015-16,0.582,0.559,0.143,1.5,0.8,0.7,2.2,100.6,4.9,0.126,0.115,0.242
203893,Russ Smith,1610612763,MEM,2015-16,0.415,0.341,0.219,0.7,1.57,0.3,0.1,108.6,-25.3,0.072,0.015,0.129
201566,Russell Westbrook,1610612760,OKC,2015-16,0.554,0.489,0.311,10.4,2.44,2.0,0.3,103.5,11.3,0.188,0.054,0.16
201583,Ryan Anderson,1610612740,NOP,2015-16,0.546,0.498,0.238,1.1,0.81,0.6,0.4,106.9,0.2,0.109,0.062,0.136
200797,Ryan Hollins,1610612763,MEM,2015-16,0.636,0.62,0.116,0.3,0.42,0.2,0.6,112.2,-14.7,0.059,0.093,0.124
203527,Ryan Kelly,1610612747,LAL,2015-16,0.44,0.386,0.173,0.6,1.11,0.4,0.3,97.8,1.2,0.085,0.04,0.202
1626257,Salah Mejri,1610612742,DAL,2015-16,0.636,0.628,0.138,0.3,0.43,0.2,1.1,101.3,5.5,0.095,0.105,0.19
1626155,Sam Dekker,1610612745,HOU,2015-16,0.0,0.0,0.0,0.0,0.0,0.3,0.0,111.8,1.6,0.063,0.0,0.0
201619,Sasha Kaun,1610612739,CLE,2015-16,0.527,0.529,0.119,0.1,0.43,0.2,0.2,92.9,-6.8,0.075,0.121,0.137
2756,Sasha Vujacic,1610612752,NYK,2015-16,0.503,0.477,0.159,1.4,1.91,0.6,0.1,103.9,-1.4,0.078,0.026,0.132
203930,Sean Kilpatrick,1610612751,BKN,2015-16,0.576,0.528,0.227,0.9,0.94,0.4,0.1,117.0,-11.0,0.087,0.018,0.074
201586,Serge Ibaka,1610612760,OKC,2015-16,0.533,0.513,0.174,0.8,0.61,0.5,1.9,104.0,10.2,0.085,0.057,0.143
203508,Sergey Karasev,1610612751,BKN,2015-16,0.562,0.48,0.117,0.9,1.59,0.2,0.1,105.0,0.3,0.064,0.022,0.131
203552,Seth Curry,1610612758,SAC,2015-16,0.603,0.567,0.172,1.5,1.86,0.5,0.1,107.0,-2.3,0.091,0.013,0.071
203498,Shabazz Muhammad,1610612750,MIN,2015-16,0.548,0.498,0.222,0.6,0.74,0.3,0.1,109.1,-7.8,0.098,0.062,0.102
203894,Shabazz Napier,1610612753,ORL,2015-16,0.46,0.423,0.196,1.8,2.11,0.4,0.0,103.7,-4.6,0.071,0.015,0.077
203499,Shane Larkin,1610612751,BKN,2015-16,0.515,0.481,0.172,4.4,2.34,1.2,0.2,109.9,-9.7,0.094,0.016,0.092
2733,Shaun Livingston,1610612744,GSW,2015-16,0.581,0.538,0.14,3.0,3.04,0.7,0.3,102.1,6.8,0.095,0.028,0.078
203963,Shayne Whittington,1610612754,IND,2015-16,0.463,0.455,0.172,0.4,0.6,0.1,0.1,90.5,-8.1,0.048,0.106,0.0
202714,Shelvin Mack,1610612762,UTA,2015-16,0.507,0.486,0.229,3.6,1.97,0.7,0.1,100.3,4.9,0.101,0.013,0.111
203524,Solomon Hill,1610612754,IND,2015-16,0.543,0.505,0.128,1.0,1.73,0.6,0.2,101.1,3.7,0.091,0.043,0.136
201603,Sonny Weems,1610612756,PHX,2015-16,0.459,0.45,0.129,1.1,1.2,0.2,0.0,105.0,-8.1,0.031,0.012,0.098
203915,Spencer Dinwiddie,1610612741,CHI,2015-16,0.423,0.361,0.207,1.8,3.14,0.3,0.0,101.3,-19.1,0.056,0.021,0.083
201150,Spencer Hawes,1610612766,CHA,2015-16,0.508,0.467,0.168,1.9,1.88,0.4,0.5,99.3,1.8,0.094,0.047,0.175
1626169,Stanley Johnson,1610612765,DET,2015-16,0.46,0.428,0.191,1.6,1.04,0.8,0.2,104.2,-3.6,0.064,0.031,0.147
201939,Stephen Curry,1610612744,GSW,2015-16,0.669,0.63,0.314,6.7,2.01,2.1,0.2,99.8,17.7,0.197,0.026,0.117
2581,Steve Blake,1610612765,DET,2015-16,0.51,0.496,0.143,3.4,2.47,0.4,0.1,102.3,-3.3,0.078,0.008,0.083
200779,Steve Novak,1610612749,MIL,2015-16,0.651,0.639,0.162,0.0,0.0,0.0,0.0,100.0,1.9,0.087,0.0,0.096
203500,Steven Adams,1610612760,OKC,2015-16,0.621,0.613,0.125,0.8,0.74,0.5,1.1,99.9,11.9,0.087,0.109,0.142
204456,T.J. McConnell,1610612755,PHI,2015-16,0.511,0.503,0.167,4.5,2.62,1.2,0.1,106.5,-8.1,0.116,0.026,0.134
203933,T.J. Warren,1610612756,PHX,2015-16,0.549,0.533,0.195,0.9,1.38,0.8,0.3,107.3,-4.7,0.092,0.05,0.088
201959,Taj Gibson,1610612741,CHI,2015-16,0.556,0.526,0.144,1.5,1.36,0.6,1.1,105.3,-3.1,0.096,0.104,0.14
204028,Tarik Black,1610612747,LAL,2015-16,0.537,0.548,0.13,0.4,0.73,0.4,0.5,99.4,3.4,0.081,0.086,0.228
2419,Tayshaun Prince,1610612750,MIN,2015-16,0.466,0.454,0.081,1.0,2.74,0.5,0.2,105.0,-4.0,0.049,0.022,0.078
203093,Terrence Jones,1610612745,HOU,2015-16,0.519,0.486,0.19,0.8,0.84,0.5,0.8,112.0,-10.3,0.082,0.056,0.148
203082,Terrence Ross,1610612761,TOR,2015-16,0.551,0.536,0.178,0.8,1.22,0.7,0.3,101.2,6.0,0.082,0.012,0.092
1626179,Terry Rozier,1610612738,BOS,2015-16,0.326,0.302,0.168,0.9,1.95,0.2,0.0,100.3,-7.5,0.044,0.062,0.118
200757,Thabo Sefolosha,1610612737,ATL,2015-16,0.579,0.563,0.121,1.4,1.57,1.1,0.5,98.8,1.5,0.096,0.03,0.15
201152,Thaddeus Young,1610612751,BKN,2015-16,0.533,0.518,0.217,1.9,1.0,1.5,0.5,108.0,-4.6,0.118,0.076,0.208
203648,Thanasis Antetokounmpo,1610612752,NYK,2015-16,0.75,0.75,0.286,0.0,0.0,0.0,0.0,142.9,-35.2,0.14,0.0,0.0
203080,Thomas Robinson,1610612751,BKN,2015-16,0.453,0.447,0.186,0.6,0.67,0.5,0.5,110.3,-13.6,0.091,0.134,0.255
201168,Tiago Splitter,1610612737,ATL,2015-16,0.571,0.523,0.15,0.8,1.25,0.6,0.3,94.8,8.3,0.088,0.081,0.126
202353,Tibor Pleiss,1610612762,UTA,2015-16,0.464,0.44,0.186,0.2,0.25,0.1,0.2,106.1,-10.4,-0.004,0.087,0.118
1495,Tim Duncan,1610612759,SAS,2015-16,0.523,0.488,0.171,2.7,1.81,0.8,1.3,94.5,13.6,0.122,0.079,0.212
204025,Tim Frazier,1610612740,NOP,2015-16,0.499,0.454,0.192,3.2,2.49,0.6,0.0,104.6,-1.8,0.1,0.035,0.111
203501,Tim Hardaway Jr.,1610612737,ATL,2015-16,0.563,0.521,0.159,1.0,2.22,0.4,0.1,97.8,6.6,0.082,0.008,0.084
202389,Timofey Mozgov,1610612739,CLE,2015-16,0.593,0.567,0.16,0.4,0.46,0.3,0.8,104.0,0.6,0.089,0.087,0.168
202699,Tobias Harris,1610612765,DET,2015-16,0.56,0.514,0.192,2.2,1.56,0.9,0.5,104.3,0.5,0.116,0.038,0.166
201962,Toney Douglas,1610612740,NOP,2015-16,0.543,0.502,0.189,2.6,2.45,1.1,0.1,109.5,-5.1,0.085,0.019,0.099
2754,Tony Allen,1610612763,MEM,2015-16,0.505,0.474,0.167,1.1,0.9,1.7,0.3,105.2,-1.4,0.075,0.063,0.128
2225,Tony Parker,1610612759,SAS,2015-16,0.546,0.512,0.211,5.3,2.89,0.8,0.2,97.1,10.7,0.112,0.009,0.08
203503,Tony Snell,1610612741,CHI,2015-16,0.478,0.454,0.134,1.0,1.21,0.3,0.3,97.3,4.1,0.054,0.014,0.117
203100,Tony Wroten,1610612752,NYK,2015-16,0.412,0.362,0.32,2.5,0.69,0.4,0.0,109.2,-23.1,0.022,0.013,0.13
2772,Trevor Ariza,1610612745,HOU,2015-16,0.551,0.523,0.156,2.3,1.66,2.0,0.3,108.1,0.3,0.084,0.023,0.106
202344,Trevor Booker,1610612762,UTA,2015-16,0.533,0.505,0.141,1.1,1.02,0.7,0.5,98.9,3.5,0.1,0.102,0.178
203504,Trey Burke,1610612762,UTA,2015-16,0.507,0.483,0.242,2.3,1.85,0.5,0.1,102.6,-0.4,0.099,0.013,0.07
1626168,Trey Lyles,1610612762,UTA,2015-16,0.517,0.494,0.178,0.7,0.91,0.3,0.2,103.3,-1.7,0.09,0.043,0.18
202684,Tristan Thompson,1610612739,CLE,2015-16,0.611,0.588,0.114,0.8,1.02,0.5,0.6,102.2,8.7,0.106,0.116,0.209
203584,Troy Daniels,1610612766,CHA,2015-16,0.634,0.634,0.195,0.5,0.88,0.3,0.1,105.2,-5.1,0.098,0.014,0.103
201951,Ty Lawson,1610612754,IND,2015-16,0.476,0.444,0.145,3.6,2.49,0.8,0.1,105.6,-5.7,0.068,0.017,0.064
203898,Tyler Ennis,1610612749,MIL,2015-16,0.51,0.484,0.168,2.1,2.07,0.5,0.0,104.1,-5.8,0.075,0.02,0.097
201946,Tyler Hansbrough,1610612766,CHA,2015-16,0.522,0.465,0.144,0.2,0.67,0.3,0.2,107.0,-4.1,0.054,0.108,0.148
204020,Tyler Johnson,1610612748,MIA,2015-16,0.579,0.541,0.167,2.2,1.68,0.7,0.4,99.6,0.7,0.098,0.034,0.091
203092,Tyler Zeller,1610612738,BOS,2015-16,0.539,0.476,0.225,0.5,0.63,0.2,0.4,102.3,-4.3,0.102,0.08,0.148
201936,Tyreke Evans,1610612740,NOP,2015-16,0.534,0.486,0.254,6.6,2.25,1.3,0.3,105.9,-0.3,0.131,0.026,0.142
2199,Tyson Chandler,1610612756,PHX,2015-16,0.606,0.583,0.126,1.0,0.69,0.5,0.7,107.9,-11.5,0.117,0.103,0.251
1626145,Tyus Jones,1610612750,MIN,2015-16,0.45,0.41,0.151,2.9,3.27,0.8,0.1,109.3,-10.7,0.077,0.012,0.073
2617,Udonis Haslem,1610612748,MIA,2015-16,0.434,0.385,0.131,0.4,2.8,0.1,0.1,100.6,-3.1,0.09,0.043,0.26
203506,Victor Oladipo,1610612753,ORL,2015-16,0.534,0.489,0.224,3.9,1.84,1.6,0.8,105.4,-0.4,0.111,0.02,0.121
1713,Vince Carter,1610612763,MEM,2015-16,0.52,0.474,0.177,0.9,1.6,0.6,0.3,105.6,-1.6,0.08,0.029,0.117
201961,Wayne Ellington,1610612751,BKN,2015-16,0.498,0.474,0.172,1.1,1.84,0.6,0.1,106.6,-10.0,0.068,0.012,0.096
202325,Wesley Johnson,1610612746,LAC,2015-16,0.513,0.504,0.153,0.6,0.91,1.1,0.7,99.9,2.7,0.069,0.022,0.121
202083,Wesley Matthews,1610612742,DAL,2015-16,0.532,0.498,0.171,1.9,1.94,1.0,0.2,106.0,2.0,0.065,0.01,0.08
203115,Will Barton,1610612743,DEN,2015-16,0.535,0.489,0.226,2.5,1.46,0.9,0.5,106.8,-3.1,0.125,0.024,0.177
1626161,Willie Cauley-Stein,1610612758,SAC,2015-16,0.588,0.563,0.131,0.6,0.8,0.7,1.0,106.8,-1.2,0.088,0.094,0.15
203186,Willie Reed,1610612751,BKN,2015-16,0.579,0.571,0.175,0.3,0.63,0.2,0.8,104.4,-7.2,0.114,0.113,0.174
204098,Xavier Munford,1610612763,MEM,2015-16,0.481,0.474,0.168,1.6,1.47,0.9,0.2,110.7,-5.1,0.064,0.011,0.129
203897,Zach LaVine,1610612750,MIN,2015-16,0.548,0.516,0.228,3.1,1.62,0.8,0.2,110.4,-6.2,0.091,0.012,0.089
2216,Zach Randolph,1610612763,MEM,2015-16,0.519,0.479,0.247,2.1,1.35,0.6,0.2,106.9,-1.1,0.13,0.088,0.187
2585,Zaza Pachulia,1610612742,DAL,2015-16,0.55,0.466,0.163,1.7,1.08,0.8,0.3,103.8,0.1,0.118,0.124,0.237
1627773,AJ Hammons,1610612742,DAL,2016-17,0.472,0.464,0.165,0.2,0.4,0.0,0.6,101.5,-0.3,0.043,0.045,0.172
201166,Aaron Brooks,1610612754,IND,2016-17,0.507,0.483,0.186,1.9,1.89,0.4,0.1,103.4,-1.6,0.062,0.019,0.056
203932,Aaron Gordon,1610612753,ORL,2016-17,0.53,0.499,0.197,1.9,1.69,0.8,0.5,110.4,-3.1,0.088,0.048,0.124
1626151,Aaron Harrison,1610612766,CHA,2016-17,0.102,0.0,0.132,0.6,0.0,0.0,0.0,100.0,-20.6,0.0,0.0,0.0
203940,Adreian Payne,1610612750,MIN,2016-17,0.505,0.454,0.219,0.4,0.88,0.4,0.4,98.6,3.2,0.081,0.06,0.179
201143,Al Horford,1610612738,BOS,2016-17,0.553,0.527,0.196,5.0,2.93,0.8,1.3,107.2,4.8,0.125,0.044,0.162
2744,Al Jefferson,1610612754,IND,2016-17,0.526,0.499,0.254,0.9,1.73,0.3,0.2,107.6,-5.4,0.133,0.077,0.225
202329,Al-Farouq Aminu,1610612757,POR,2016-17,0.506,0.468,0.155,1.6,1.05,1.0,0.7,107.1,0.9,0.092,0.044,0.204
101187,Alan Anderson,1610612746,LAC,2016-17,0.494,0.463,0.137,0.4,1.57,0.1,0.0,112.2,-10.3,0.023,0.01,0.067
1626210,Alan Williams,1610612756,PHX,2016-17,0.547,0.517,0.203,0.5,0.62,0.6,0.7,105.1,1.2,0.127,0.121,0.255
202692,Alec Burks,1610612762,UTA,2016-17,0.501,0.45,0.212,0.7,0.86,0.4,0.1,104.9,-0.5,0.087,0.026,0.158
203518,Alex Abrines,1610612760,OKC,2016-17,0.56,0.531,0.153,0.6,1.21,0.5,0.1,107.8,-0.6,0.052,0.016,0.066
203458,Alex Len,1610612756,PHX,2016-17,0.553,0.5,0.174,0.6,0.43,0.5,1.3,111.9,-11.1,0.095,0.091,0.222
1627816,Alex Poythress,1610612755,PHI,2016-17,0.548,0.519,0.162,0.8,1.67,0.5,0.3,115.9,-10.0,0.08,0.065,0.122
201582,Alexis Ajinca,1610612740,NOP,2016-17,0.529,0.5,0.166,0.3,0.39,0.5,0.6,105.3,-5.1,0.088,0.076,0.2
203459,Allen Crabbe,1610612757,POR,2016-17,0.602,0.572,0.146,1.2,1.52,0.7,0.3,109.7,-2.9,0.074,0.008,0.091
202087,Alonzo Gee,1610612743,DEN,2016-17,0.306,0.214,0.103,0.5,1.5,0.4,0.1,103.3,0.9,0.008,0.043,0.11
101161,Amir Johnson,1610612738,BOS,2016-17,0.628,0.612,0.136,1.8,1.82,0.6,0.8,104.6,7.7,0.091,0.074,0.15
2760,Anderson Varejao,1610612744,GSW,2016-17,0.478,0.357,0.12,0.7,1.25,0.2,0.2,114.6,-13.1,0.048,0.12,0.0
203083,Andre Drummond,1610612765,DET,2016-17,0.518,0.531,0.222,1.1,0.59,1.5,1.1,109.9,-5.6,0.136,0.132,0.341
2738,Andre Iguodala,1610612744,GSW,2016-17,0.624,0.605,0.111,3.4,4.5,1.0,0.5,101.7,12.4,0.102,0.027,0.114
203460,Andre Roberson,1610612760,OKC,2016-17,0.51,0.513,0.099,1.0,1.55,1.2,1.0,104.7,3.4,0.059,0.039,0.124
101106,Andrew Bogut,1610612739,CLE,2016-17,0.46,0.469,0.104,1.8,1.14,0.5,0.9,97.4,-2.2,0.092,0.096,0.286
1626150,Andrew Harrison,1610612763,MEM,2016-17,0.477,0.385,0.162,2.8,2.33,0.7,0.3,102.9,0.0,0.053,0.015,0.079
203094,Andrew Nicholson,1610612751,BKN,2016-17,0.427,0.41,0.172,0.3,0.59,0.4,0.2,113.1,-17.7,0.031,0.045,0.133
203952,Andrew Wiggins,1610612750,MIN,2016-17,0.534,0.484,0.286,2.3,1.01,1.0,0.4,111.3,-0.2,0.095,0.034,0.077
203461,Anthony Bennett,1610612751,BKN,2016-17,0.533,0.484,0.188,0.5,1.0,0.2,0.1,118.5,-11.5,0.094,0.092,0.187
1626148,Anthony Brown,1610612753,ORL,2016-17,0.43,0.43,0.152,0.7,1.33,0.5,0.1,100.3,-0.3,0.058,0.045,0.147
203076,Anthony Davis,1610612740,NOP,2016-17,0.58,0.518,0.321,2.1,0.87,1.3,2.2,104.1,1.1,0.192,0.062,0.241
201627,Anthony Morrow,1610612741,CHI,2016-17,0.505,0.47,0.158,0.5,4.17,0.5,0.0,105.1,0.4,0.055,0.015,0.026
201229,Anthony Tolliver,1610612758,SAC,2016-17,0.595,0.57,0.133,1.2,1.38,0.5,0.3,110.5,-4.2,0.073,0.036,0.132
203462,Archie Goodwin,1610612751,BKN,2016-17,0.651,0.583,0.203,1.6,1.71,0.3,0.3,109.2,-8.3,0.127,0.036,0.093
202620,Arinze Onuaku,1610612753,ORL,2016-17,0.5,0.5,0.097,0.3,1.0,0.0,0.1,105.3,-24.9,0.049,0.0,0.167
203382,Aron Baynes,1610612765,DET,2016-17,0.57,0.513,0.139,0.4,0.64,0.2,0.5,97.1,5.9,0.085,0.093,0.183
201167,Arron Afflalo,1610612758,SAC,2016-17,0.559,0.514,0.143,1.3,1.86,0.3,0.1,113.2,-8.5,0.058,0.006,0.077
203085,Austin Rivers,1610612746,LAC,2016-17,0.545,0.518,0.198,2.8,1.77,0.6,0.1,108.1,-0.1,0.068,0.01,0.068
202340,Avery Bradley,1610612738,BOS,2016-17,0.548,0.533,0.215,2.2,1.39,1.2,0.2,108.7,1.7,0.099,0.035,0.143
1626253,Axel Toupane,1610612740,NOP,2016-17,0.611,0.611,0.084,0.0,0.0,0.3,0.3,108.3,-12.5,0.02,0.0,0.0
1627791,Ben Bentil,1610612742,DAL,2016-17,0.0,0.0,0.16,0.0,0.0,0.0,0.0,134.8,-55.6,-0.061,0.0,0.0
203463,Ben McLemore,1610612758,SAC,2016-17,0.538,0.507,0.197,0.8,0.82,0.5,0.1,108.4,-5.9,0.06,0.017,0.096
2757,Beno Udrih,1610612765,DET,2016-17,0.535,0.495,0.195,3.4,3.64,0.3,0.0,97.2,6.6,0.13,0.011,0.089
202687,Bismack Biyombo,1610612753,ORL,2016-17,0.546,0.528,0.134,0.9,0.78,0.3,1.1,108.9,-8.6,0.087,0.083,0.227
201933,Blake Griffin,1610612746,LAC,2016-17,0.569,0.513,0.276,4.9,2.11,0.9,0.4,106.2,10.5,0.152,0.057,0.181
1626246,Boban Marjanovic,1610612765,DET,2016-17,0.606,0.545,0.239,0.3,0.9,0.2,0.3,100.2,4.8,0.196,0.145,0.285
201628,Bobby Brown,1610612745,HOU,2016-17,0.509,0.5,0.219,0.6,2.8,0.0,0.0,115.4,-15.7,0.069,0.0,0.044
1626171,Bobby Portis,1610612741,CHI,2016-17,0.545,0.531,0.19,0.5,0.95,0.3,0.2,105.9,-3.4,0.11,0.07,0.22
202711,Bojan Bogdanovic,1610612764,WAS,2016-17,0.585,0.53,0.219,1.4,0.85,0.4,0.1,110.9,-6.8,0.091,0.018,0.111
2564,Boris Diaw,1610612762,UTA,2016-17,0.494,0.477,0.154,2.3,1.95,0.2,0.1,104.8,0.0,0.071,0.039,0.09
203078,Bradley Beal,1610612764,WAS,2016-17,0.604,0.566,0.258,3.5,1.71,1.1,0.3,107.9,5.6,0.119,0.02,0.07
201148,Brandan Wright,1610612763,MEM,2016-17,0.628,0.615,0.161,0.5,1.5,0.4,0.7,102.1,4.0,0.116,0.069,0.101
101138,Brandon Bass,1610612746,LAC,2016-17,0.65,0.578,0.192,0.4,0.72,0.3,0.2,114.5,-12.5,0.122,0.076,0.15
1627742,Brandon Ingram,1610612747,LAL,2016-17,0.474,0.442,0.166,2.1,1.43,0.6,0.5,112.9,-7.2,0.055,0.025,0.114
201943,Brandon Jennings,1610612764,WAS,2016-17,0.479,0.433,0.172,4.9,3.09,0.9,0.0,108.6,-2.0,0.089,0.015,0.089
202688,Brandon Knight,1610612756,PHX,2016-17,0.502,0.441,0.248,2.4,1.48,0.5,0.1,112.6,-13.6,0.088,0.02,0.082
201575,Brandon Rush,1610612750,MIN,2016-17,0.505,0.492,0.097,1.0,1.61,0.5,0.5,111.3,-2.1,0.043,0.017,0.081
203148,Brian Roberts,1610612766,CHA,2016-17,0.51,0.447,0.181,1.3,2.0,0.2,0.0,104.8,-7.7,0.077,0.012,0.084
1627362,Briante Weber,1610612766,CHA,2016-17,0.462,0.425,0.167,1.1,2.63,0.6,0.1,112.9,-12.9,0.072,0.037,0.107
1627744,Brice Johnson,1610612746,LAC,2016-17,0.286,0.286,0.348,0.3,1.0,0.7,0.3,75.0,35.0,0.108,0.0,0.0
201572,Brook Lopez,1610612751,BKN,2016-17,0.578,0.531,0.286,2.3,0.96,0.5,1.7,108.5,-3.8,0.124,0.053,0.116
203998,Bruno Caboclo,1610612761,TOR,2016-17,0.438,0.438,0.175,0.4,2.0,0.2,0.1,91.5,-3.1,0.094,0.1,0.125
1627854,Bryn Forbes,1610612759,SAS,2016-17,0.462,0.449,0.172,0.6,2.09,0.0,0.0,101.7,-9.7,0.048,0.006,0.072
1627741,Buddy Hield,1610612758,SAC,2016-17,0.541,0.523,0.209,1.5,1.2,0.5,0.1,107.9,-5.8,0.084,0.018,0.12
201228,C.J. Watson,1610612753,ORL,2016-17,0.507,0.452,0.139,1.8,2.43,0.7,0.0,107.0,-8.5,0.063,0.015,0.075
203912,C.J. Wilcox,1610612753,ORL,2016-17,0.329,0.306,0.143,0.5,2.0,0.1,0.0,104.1,-8.6,0.022,0.03,0.081
203468,CJ McCollum,1610612757,POR,2016-17,0.585,0.544,0.268,3.6,1.66,0.9,0.5,108.9,0.7,0.125,0.021,0.08
101139,CJ Miles,1610612754,IND,2016-17,0.592,0.565,0.179,0.6,1.2,0.6,0.3,106.0,1.7,0.086,0.017,0.114
1626166,Cameron Payne,1610612741,CHI,2016-17,0.407,0.402,0.212,1.8,1.9,0.5,0.1,103.2,-6.1,0.041,0.006,0.098
1627747,Caris LeVert,1610612751,BKN,2016-17,0.556,0.528,0.161,1.9,1.86,0.9,0.1,107.9,-3.2,0.086,0.018,0.124
2546,Carmelo Anthony,1610612752,NYK,2016-17,0.535,0.488,0.286,2.9,1.39,0.8,0.5,112.7,-4.8,0.118,0.023,0.143
202718,Chandler Parsons,1610612763,MEM,2016-17,0.436,0.394,0.181,1.6,2.29,0.6,0.1,108.1,-4.5,0.056,0.009,0.128
101112,Channing Frye,1610612739,CLE,2016-17,0.612,0.589,0.193,0.6,0.85,0.4,0.5,109.3,1.2,0.101,0.027,0.172
1626184,Chasson Randle,1610612752,NYK,2016-17,0.586,0.49,0.193,1.3,1.79,0.3,0.1,106.4,0.8,0.084,0.02,0.086
1627767,Cheick Diallo,1610612740,NOP,2016-17,0.51,0.474,0.198,0.2,0.57,0.2,0.4,111.9,-12.1,0.113,0.106,0.254
1627778,Chinanu Onuaku,1610612745,HOU,2016-17,0.799,0.714,0.105,0.6,0.75,0.6,0.2,136.6,-41.0,0.072,0.042,0.163
2365,Chris Andersen,1610612739,CLE,2016-17,0.497,0.409,0.134,0.4,1.0,0.4,0.6,107.3,3.9,0.063,0.088,0.172
1626191,Chris McCullough,1610612764,WAS,2016-17,0.526,0.516,0.189,0.1,0.67,0.1,0.1,91.3,29.6,0.085,0.115,0.118
101108,Chris Paul,1610612746,LAC,2016-17,0.614,0.555,0.239,9.2,3.83,2.0,0.1,102.8,14.4,0.182,0.022,0.132
1626174,Christian Wood,1610612766,CHA,2016-17,0.591,0.522,0.15,0.2,0.29,0.2,0.5,95.3,7.5,0.093,0.128,0.128
203991,Clint Capela,1610612745,HOU,2016-17,0.638,0.643,0.199,1.0,0.72,0.5,1.2,107.5,7.4,0.13,0.113,0.222
203469,Cody Zeller,1610612766,CHA,2016-17,0.604,0.571,0.153,1.6,1.52,1.0,0.9,104.1,6.0,0.096,0.076,0.157
202332,Cole Aldrich,1610612750,MIN,2016-17,0.549,0.523,0.091,0.4,1.47,0.4,0.4,107.1,-1.6,0.076,0.098,0.212
201147,Corey Brewer,1610612747,LAL,2016-17,0.491,0.461,0.143,1.2,1.76,0.7,0.2,104.6,4.2,0.057,0.024,0.104
202709,Cory Joseph,1610612761,TOR,2016-17,0.518,0.489,0.179,3.3,2.45,0.8,0.2,107.8,1.1,0.089,0.025,0.092
201584,Courtney Lee,1610612752,NYK,2016-17,0.559,0.533,0.144,2.3,2.59,1.1,0.3,112.1,-4.7,0.077,0.021,0.082
1626245,Cristiano Felicio,1610612741,CHI,2016-17,0.603,0.579,0.124,0.6,1.21,0.4,0.3,104.1,-0.7,0.1,0.114,0.176
1626156,D'Angelo Russell,1610612747,LAL,2016-17,0.518,0.483,0.264,4.8,1.72,1.4,0.3,114.3,-9.1,0.099,0.016,0.108
201571,D.J. Augustin,1610612753,ORL,2016-17,0.524,0.469,0.194,2.7,2.32,0.4,0.0,110.1,-14.6,0.08,0.009,0.067
2563,Dahntay Jones,1610612739,CLE,2016-17,0.461,0.375,0.417,1.0,1.0,0.0,0.0,109.5,15.5,0.076,0.0,0.077
1627745,Damian Jones,1610612744,GSW,2016-17,0.466,0.5,0.135,0.0,0.0,0.1,0.4,106.4,-17.2,0.016,0.101,0.192
203081,Damian Lillard,1610612757,POR,2016-17,0.586,0.516,0.304,5.9,2.23,0.9,0.3,110.4,1.4,0.159,0.017,0.118
204014,Damjan Rudez,1610612753,ORL,2016-17,0.466,0.466,0.134,0.4,2.22,0.3,0.0,107.2,-12.2,0.036,0.014,0.071
1627849,Daniel Ochefu,1610612764,WAS,2016-17,0.43,0.444,0.177,0.2,1.0,0.1,0.0,115.1,-21.0,0.045,0.065,0.258
201568,Danilo Gallinari,1610612743,DEN,2016-17,0.622,0.531,0.198,2.1,1.65,0.6,0.2,110.5,3.4,0.114,0.018,0.13
201980,Danny Green,1610612759,SAS,2016-17,0.537,0.523,0.135,1.8,1.63,1.0,0.8,101.7,8.0,0.069,0.018,0.104
201967,Dante Cunningham,1610612740,NOP,2016-17,0.586,0.584,0.107,0.6,1.32,0.6,0.4,106.6,-0.7,0.068,0.034,0.129
203957,Danté Exum,1610612762,UTA,2016-17,0.521,0.488,0.176,1.7,1.39,0.3,0.2,102.1,0.6,0.054,0.026,0.082
1627863,Danuel House Jr.,1610612764,WAS,2016-17,0.0,0.0,0.0,0.0,0.0,0.0,0.0,0.0,0.0,0.0,0.0,0.0
203967,Dario Šarić,1610612755,PHI,2016-17,0.508,0.468,0.24,2.2,0.99,0.7,0.4,106.8,-6.2,0.103,0.051,0.183
201589,Darrell Arthur,1610612743,DEN,2016-17,0.583,0.565,0.176,1.0,1.17,0.5,0.5,109.7,-1.5,0.077,0.038,0.133
201954,Darren Collison,1610612758,SAC,2016-17,0.57,0.527,0.195,4.6,2.74,1.0,0.1,111.2,-3.6,0.1,0.012,0.066
1626199,Darrun Hilliard,1610612765,DET,2016-17,0.459,0.421,0.191,0.8,1.18,0.3,0.1,100.1,0.5,0.039,0.005,0.082
101135,David Lee,1610612759,SAS,2016-17,0.613,0.59,0.161,1.6,1.51,0.4,0.5,99.5,10.3,0.126,0.106,0.189
1628021,David Nwaba,1610612747,LAL,2016-17,0.611,0.586,0.118,0.7,1.27,0.7,0.4,101.9,1.3,0.076,0.042,0.114
2561,David West,1610612744,GSW,2016-17,0.571,0.542,0.191,2.2,1.94,0.6,0.7,98.6,8.5,0.123,0.063,0.169
202722,Davis Bertans,1610612759,SAS,2016-17,0.609,0.588,0.148,0.7,1.44,0.3,0.4,99.2,5.6,0.077,0.027,0.093
201599,DeAndre Jordan,1610612746,LAC,2016-17,0.673,0.714,0.152,1.2,0.83,0.6,1.7,105.8,8.9,0.15,0.122,0.305
202732,DeAndre Liggins,1610612742,DAL,2016-17,0.476,0.447,0.113,0.9,1.29,0.8,0.2,104.2,3.6,0.046,0.026,0.112
1627761,DeAndre' Bembry,1610612737,ATL,2016-17,0.481,0.485,0.144,0.7,1.75,0.2,0.1,103.3,-3.8,0.072,0.037,0.12
201942,DeMar DeRozan,1610612761,TOR,2016-17,0.552,0.477,0.337,3.9,1.61,1.1,0.2,108.7,2.5,0.155,0.027,0.119
202326,DeMarcus Cousins,1610612740,NOP,2016-17,0.562,0.498,0.359,4.6,1.23,1.4,1.3,109.5,-0.9,0.178,0.064,0.273
201960,DeMarre Carroll,1610612761,TOR,2016-17,0.53,0.499,0.154,1.0,1.37,1.1,0.4,107.8,2.8,0.071,0.034,0.113
1627749,Dejounte Murray,1610612759,SAS,2016-17,0.503,0.47,0.23,1.3,1.26,0.2,0.2,100.5,-0.3,0.075,0.02,0.106
1626153,Delon Wright,1610612761,TOR,2016-17,0.535,0.466,0.163,2.1,2.28,1.0,0.4,95.7,9.2,0.105,0.036,0.073
1627743,Demetrius Jackson,1610612738,BOS,2016-17,0.753,0.875,0.159,0.6,0.0,0.0,0.0,108.8,-3.3,0.194,0.0,0.0
203471,Dennis Schröder,1610612737,ATL,2016-17,0.533,0.493,0.272,6.3,1.93,0.9,0.2,106.8,-1.5,0.117,0.017,0.079
1627756,Denzel Valentine,1610612741,CHI,2016-17,0.492,0.481,0.153,1.1,1.29,0.5,0.1,104.8,-0.7,0.058,0.011,0.143
101114,Deron Williams,1610612739,CLE,2016-17,0.541,0.509,0.219,5.6,2.61,0.5,0.1,107.5,-2.4,0.1,0.009,0.086
202324,Derrick Favors,1610612762,UTA,2016-17,0.512,0.49,0.204,1.1,0.93,0.9,0.8,101.5,2.6,0.108,0.083,0.185
1627884,Derrick Jones Jr.,1610612756,PHX,2016-17,0.604,0.574,0.117,0.4,0.92,0.4,0.4,104.3,4.2,0.06,0.068,0.068
201565,Derrick Rose,1610612752,NYK,2016-17,0.53,0.477,0.254,4.4,1.93,0.7,0.3,113.0,-4.2,0.112,0.03,0.082
202682,Derrick Williams,1610612739,CLE,2016-17,0.537,0.504,0.175,0.6,1.0,0.3,0.1,108.2,-4.4,0.074,0.024,0.132
1626164,Devin Booker,1610612756,PHX,2016-17,0.531,0.475,0.28,3.4,1.11,0.9,0.3,111.6,-3.9,0.089,0.016,0.073
2734,Devin Harris,1610612742,DAL,2016-17,0.549,0.484,0.191,2.1,2.39,0.7,0.1,102.5,2.7,0.095,0.01,0.111
203473,Dewayne Dedmon,1610612759,SAS,2016-17,0.645,0.622,0.118,0.6,0.72,0.5,0.8,98.0,8.0,0.124,0.1,0.266
1627738,Deyonta Davis,1610612763,MEM,2016-17,0.528,0.511,0.113,0.1,0.25,0.1,0.5,102.2,-6.4,0.06,0.077,0.157
1627754,Diamond Stone,1610612746,LAC,2016-17,0.339,0.231,0.309,0.0,0.0,0.0,0.1,107.8,-52.9,-0.014,0.0,0.0
203079,Dion Waiters,1610612748,MIA,2016-17,0.507,0.488,0.26,4.3,1.94,0.9,0.4,105.5,2.6,0.1,0.013,0.095
1717,Dirk Nowitzki,1610612742,DAL,2016-17,0.529,0.495,0.246,1.5,1.61,0.6,0.7,105.0,-1.3,0.124,0.016,0.238
1627734,Domantas Sabonis,1610612760,OKC,2016-17,0.469,0.452,0.156,1.0,0.99,0.5,0.4,102.5,1.7,0.049,0.027,0.146
202700,Donatas Motiejunas,1610612740,NOP,2016-17,0.47,0.453,0.168,0.9,1.03,0.5,0.3,112.8,-11.1,0.053,0.052,0.16
1627827,Dorian Finney-Smith,1610612742,DAL,2016-17,0.486,0.456,0.115,0.8,1.49,0.6,0.3,105.5,-2.3,0.049,0.034,0.109
203926,Doug McDermott,1610612760,OKC,2016-17,0.554,0.524,0.162,0.9,1.53,0.2,0.1,109.1,-1.8,0.077,0.013,0.105
1627733,Dragan Bender,1610612756,PHX,2016-17,0.44,0.441,0.145,0.5,0.72,0.2,0.5,106.7,-1.3,0.033,0.039,0.135
203110,Draymond Green,1610612744,GSW,2016-17,0.522,0.481,0.159,7.0,2.9,2.0,1.4,100.9,15.3,0.117,0.041,0.183
2730,Dwight Howard,1610612737,ATL,2016-17,0.627,0.633,0.19,1.4,0.61,0.9,1.2,105.0,-2.0,0.151,0.133,0.278
203939,Dwight Powell,1610612742,DAL,2016-17,0.588,0.542,0.162,0.6,1.44,0.8,0.5,109.0,-5.4,0.107,0.069,0.179
2548,Dwyane Wade,1610612741,CHI,2016-17,0.508,0.457,0.289,3.8,1.65,1.4,0.7,106.1,-1.8,0.121,0.033,0.113
202734,E'Twaun Moore,1610612740,NOP,2016-17,0.537,0.519,0.171,2.2,2.65,0.7,0.4,107.4,-3.0,0.073,0.017,0.062
202334,Ed Davis,1610612757,POR,2016-17,0.563,0.528,0.118,0.6,0.7,0.3,0.5,111.7,-6.8,0.061,0.114,0.186
204002,Edy Tavares,1610612739,CLE,2016-17,0.633,0.8,0.133,0.5,0.5,0.0,3.0,92.2,17.5,0.138,0.138,0.226
203901,Elfrid Payton,1610612753,ORL,2016-17,0.52,0.493,0.211,6.5,2.97,1.1,0.5,109.2,-2.6,0.117,0.035,0.12
202407,Elijah Millsap,1610612756,PHX,2016-17,0.19,0.143,0.192,0.5,0.5,0.0,0.0,100.0,-13.3,-0.036,0.0,0.115
1626144,Emmanuel Mudiay,1610612743,DEN,2016-17,0.483,0.428,0.222,3.9,1.76,0.7,0.2,113.3,-4.7,0.074,0.02,0.104
202683,Enes Freedom,1610612760,OKC,2016-17,0.599,0.549,0.271,0.9,0.54,0.4,0.5,108.0,1.3,0.154,0.126,0.185
202339,Eric Bledsoe,1610612756,PHX,2016-17,0.563,0.485,0.275,6.3,1.87,1.4,0.5,111.6,-3.8,0.141,0.023,0.124
201569,Eric Gordon,1610612745,HOU,2016-17,0.557,0.527,0.217,2.5,1.55,0.6,0.5,106.1,6.2,0.082,0.012,0.068
101141,Ersan Ilyasova,1610612737,ATL,2016-17,0.546,0.511,0.216,1.7,1.22,0.7,0.3,104.3,-0.4,0.106,0.052,0.163
203095,Evan Fournier,1610612753,ORL,2016-17,0.555,0.508,0.229,3.0,1.43,1.0,0.1,108.8,-4.4,0.085,0.019,0.072
202323,Evan Turner,1610612757,POR,2016-17,0.491,0.454,0.182,3.2,2.05,0.8,0.4,108.8,-5.5,0.088,0.021,0.125
1626163,Frank Kaminsky,1610612766,CHA,2016-17,0.502,0.471,0.216,2.2,2.13,0.6,0.5,108.3,0.4,0.085,0.029,0.141
1627832,Fred VanVleet,1610612761,TOR,2016-17,0.443,0.401,0.199,0.9,2.33,0.4,0.1,90.3,10.8,0.078,0.013,0.118
202066,Garrett Temple,1610612758,SAC,2016-17,0.545,0.519,0.139,2.6,2.15,1.3,0.4,110.6,-5.3,0.071,0.019,0.09
203914,Gary Harris,1610612743,DEN,2016-17,0.611,0.586,0.183,2.9,2.16,1.2,0.1,113.9,2.2,0.091,0.027,0.076
202390,Gary Neal,1610612737,ATL,2016-17,0.228,0.0,0.205,0.5,0.0,0.0,0.0,94.7,-11.0,-0.044,0.0,0.067
1627780,Gary Payton II,1610612749,MIL,2016-17,0.413,0.386,0.157,2.2,1.3,0.5,0.7,115.3,-27.8,0.041,0.0,0.122
201588,George Hill,1610612762,UTA,2016-17,0.599,0.554,0.229,4.2,2.4,1.0,0.2,101.3,8.5,0.128,0.016,0.095
1627777,Georges Niang,1610612754,IND,2016-17,0.285,0.264,0.184,0.2,1.0,0.1,0.0,100.0,2.6,0.02,0.019,0.16
1627834,Georgios Papagiannis,1610612758,SAC,2016-17,0.573,0.549,0.165,0.9,0.83,0.1,0.8,108.9,-5.0,0.082,0.078,0.169
101123,Gerald Green,1610612738,BOS,2016-17,0.524,0.494,0.223,0.7,1.32,0.2,0.1,107.3,0.0,0.081,0.028,0.122
201945,Gerald Henderson,1610612755,PHI,2016-17,0.529,0.478,0.175,1.6,1.81,0.6,0.2,108.8,-8.3,0.073,0.02,0.092
203507,Giannis Antetokounmpo,1610612749,MIL,2016-17,0.599,0.541,0.28,5.4,1.85,1.6,1.9,107.5,1.1,0.176,0.052,0.199
203922,Glenn Robinson III,1610612754,IND,2016-17,0.564,0.54,0.125,0.7,1.27,0.6,0.3,105.3,-2.4,0.081,0.041,0.127
201609,Goran Dragic,1610612748,MIA,2016-17,0.575,0.527,0.262,5.8,2.0,1.2,0.2,107.3,1.1,0.13,0.025,0.087
202330,Gordon Hayward,1610612762,UTA,2016-17,0.595,0.536,0.269,3.5,1.8,1.0,0.3,103.8,6.8,0.158,0.021,0.136
203476,Gorgui Dieng,1610612750,MIN,2016-17,0.555,0.514,0.14,1.9,1.48,1.1,1.2,109.3,0.8,0.092,0.073,0.181
202328,Greg Monroe,1610612749,MIL,2016-17,0.572,0.533,0.238,2.3,1.34,1.1,0.5,107.0,4.0,0.139,0.099,0.208
202349,Greivis Vasquez,1610612751,BKN,2016-17,0.376,0.313,0.104,1.7,5.0,0.3,0.3,113.4,-19.3,0.009,0.0,0.048
203084,Harrison Barnes,1610612742,DAL,2016-17,0.541,0.498,0.252,1.5,1.14,0.8,0.2,106.2,-2.2,0.112,0.034,0.117
202355,Hassan Whiteside,1610612748,MIA,2016-17,0.579,0.557,0.223,0.7,0.37,0.7,2.1,106.6,2.0,0.163,0.115,0.313
1627740,Henry Ellenson,1610612765,DET,2016-17,0.444,0.438,0.234,0.4,0.5,0.1,0.1,101.7,-2.0,0.076,0.05,0.217
203138,Hollis Thompson,1610612740,NOP,2016-17,0.482,0.465,0.131,0.9,3.18,0.5,0.2,104.3,-4.5,0.058,0.024,0.115
203546,Ian Clark,1610612744,GSW,2016-17,0.575,0.558,0.192,1.2,1.64,0.5,0.1,103.6,1.5,0.092,0.02,0.078
101133,Ian Mahinmi,1610612764,WAS,2016-17,0.601,0.586,0.138,0.6,0.56,1.1,0.8,102.4,2.7,0.082,0.085,0.184
202697,Iman Shumpert,1610612739,CLE,2016-17,0.536,0.507,0.14,1.4,1.4,0.8,0.4,109.0,1.7,0.055,0.021,0.088
203477,Isaiah Canaan,1610612741,CHI,2016-17,0.483,0.436,0.151,0.9,1.76,0.6,0.0,105.7,-5.7,0.056,0.009,0.074
1627819,Isaiah Taylor,1610612745,HOU,2016-17,0.19,0.143,0.064,0.8,0.0,0.3,0.3,121.2,-17.7,-0.013,0.019,0.037
202738,Isaiah Thomas,1610612738,BOS,2016-17,0.625,0.546,0.332,5.9,2.13,0.9,0.2,110.5,4.6,0.161,0.017,0.061
1627785,Isaiah Whitehead,1610612751,BKN,2016-17,0.487,0.445,0.18,2.6,1.35,0.6,0.5,107.0,-3.1,0.052,0.019,0.084
202397,Ish Smith,1610612765,DET,2016-17,0.477,0.458,0.201,5.2,3.73,0.8,0.4,104.6,0.8,0.107,0.01,0.109
1627826,Ivica Zubac,1610612747,LAL,2016-17,0.547,0.529,0.201,0.8,1.0,0.4,0.9,113.7,-10.5,0.1,0.065,0.188
200826,J.J. Barea,1610612742,DAL,2016-17,0.521,0.491,0.254,5.5,3.06,0.4,0.0,103.7,-0.9,0.134,0.012,0.102
200755,JJ Redick,1610612746,LAC,2016-17,0.599,0.558,0.211,1.4,1.12,0.7,0.2,106.2,9.6,0.089,0.005,0.07
2747,JR Smith,1610612739,CLE,2016-17,0.484,0.479,0.143,1.5,2.38,1.0,0.3,110.0,2.6,0.046,0.014,0.078
203210,JaMychal Green,1610612763,MEM,2016-17,0.601,0.555,0.144,1.1,0.89,0.6,0.4,105.2,0.3,0.093,0.081,0.186
201580,JaVale McGee,1610612744,GSW,2016-17,0.642,0.652,0.221,0.2,0.43,0.2,0.9,102.5,20.1,0.125,0.138,0.167
203953,Jabari Parker,1610612749,MIL,2016-17,0.563,0.53,0.257,2.8,1.53,1.0,0.4,110.6,-2.5,0.121,0.048,0.134
203109,Jae Crowder,1610612738,BOS,2016-17,0.613,0.572,0.169,2.2,1.94,1.0,0.3,106.3,7.8,0.103,0.021,0.149
1626143,Jahlil Okafor,1610612755,PHI,2016-17,0.546,0.514,0.244,1.2,0.64,0.4,1.0,110.1,-13.7,0.097,0.067,0.145
1627774,Jake Layman,1610612757,POR,2016-17,0.404,0.365,0.186,0.3,1.0,0.3,0.1,98.3,-0.9,0.025,0.022,0.065
1627751,Jakob Poeltl,1610612761,TOR,2016-17,0.589,0.583,0.117,0.2,0.41,0.3,0.4,101.0,-0.1,0.057,0.118,0.15
2037,Jamal Crawford,1610612746,LAC,2016-17,0.525,0.479,0.22,2.6,1.6,0.7,0.2,107.9,-1.0,0.079,0.008,0.051
1627750,Jamal Murray,1610612743,DEN,2016-17,0.518,0.483,0.212,2.1,1.5,0.6,0.3,108.0,2.2,0.078,0.023,0.095
2749,Jameer Nelson,1610612743,DEN,2016-17,0.544,0.531,0.156,5.1,3.01,0.7,0.1,109.6,2.9,0.075,0.013,0.08
203516,James Ennis III,1610612763,MEM,2016-17,0.581,0.534,0.127,1.0,1.08,0.7,0.3,103.8,1.5,0.07,0.045,0.126
201935,James Harden,1610612745,HOU,2016-17,0.613,0.525,0.333,11.2,1.95,1.5,0.5,108.9,6.7,0.19,0.031,0.185
201949,James Johnson,1610612748,MIA,2016-17,0.564,0.535,0.215,3.6,1.61,1.0,1.1,102.8,3.0,0.12,0.031,0.145
2592,James Jones,1610612739,CLE,2016-17,0.655,0.647,0.133,0.3,1.4,0.1,0.2,110.6,-12.9,0.067,0.008,0.089
203949,James Michael McAdoo,1610612744,GSW,2016-17,0.543,0.538,0.145,0.3,0.95,0.3,0.6,103.0,-4.4,0.077,0.072,0.115
203923,James Young,1610612738,BOS,2016-17,0.549,0.534,0.125,0.1,1.0,0.3,0.1,107.4,-9.5,0.063,0.025,0.091
201162,Jared Dudley,1610612756,PHX,2016-17,0.579,0.565,0.136,1.9,1.66,0.7,0.3,105.2,-1.6,0.079,0.021,0.134
203096,Jared Sullinger,1610612761,TOR,2016-17,0.366,0.351,0.199,0.3,0.75,0.4,0.1,104.7,-13.9,0.027,0.068,0.159
204067,Jarell Eddie,1610612756,PHX,2016-17,0.523,0.421,0.152,0.0,0.0,0.2,0.0,93.7,-2.9,0.082,0.012,0.071
1626185,Jarell Martin,1610612763,MEM,2016-17,0.477,0.414,0.156,0.2,0.29,0.4,0.2,99.8,-5.4,0.069,0.067,0.206
203950,Jarnell Stokes,1610612743,DEN,2016-17,0.798,1.0,0.111,1.0,0.0,0.5,0.0,114.3,0.0,0.121,0.0,0.0
101127,Jarrett Jack,1610612740,NOP,2016-17,0.773,0.667,0.089,2.5,1.67,1.0,0.0,98.5,-10.1,0.051,0.0,0.0
1627784,Jarrod Uthoff,1610612742,DAL,2016-17,0.487,0.461,0.169,1.0,3.0,0.2,0.4,122.1,-27.0,0.081,0.059,0.132
201160,Jason Smith,1610612764,WAS,2016-17,0.598,0.585,0.166,0.5,0.64,0.3,0.7,106.4,0.1,0.087,0.061,0.178
1891,Jason Terry,1610612749,MIL,2016-17,0.6,0.582,0.096,1.3,2.72,0.6,0.3,103.4,4.5,0.058,0.012,0.066
1627759,Jaylen Brown,1610612738,BOS,2016-17,0.54,0.509,0.176,0.8,0.94,0.4,0.2,106.2,-4.4,0.071,0.033,0.127
201145,Jeff Green,1610612753,ORL,2016-17,0.505,0.442,0.2,1.2,1.08,0.5,0.2,107.8,-9.2,0.077,0.023,0.109
201952,Jeff Teague,1610612754,IND,2016-17,0.574,0.492,0.219,7.8,2.96,1.2,0.4,107.9,1.1,0.131,0.013,0.111
203481,Jeff Withey,1610612762,UTA,2016-17,0.588,0.534,0.139,0.1,0.5,0.3,0.6,106.8,-2.8,0.096,0.121,0.159
203924,Jerami Grant,1610612760,OKC,2016-17,0.556,0.529,0.122,0.6,1.05,0.4,1.0,108.4,-4.4,0.058,0.023,0.106
203087,Jeremy Lamb,1610612766,CHA,2016-17,0.55,0.502,0.228,1.2,1.88,0.4,0.4,108.9,-1.5,0.124,0.026,0.2
202391,Jeremy Lin,1610612751,BKN,2016-17,0.566,0.51,0.255,5.1,2.14,1.2,0.4,108.1,-4.7,0.131,0.012,0.128
1626170,Jerian Grant,1610612741,CHI,2016-17,0.555,0.507,0.159,1.9,2.75,0.7,0.1,104.8,2.7,0.084,0.016,0.09
201573,Jerryd Bayless,1610612755,PHI,2016-17,0.453,0.375,0.279,4.3,1.44,0.0,0.0,108.3,-14.6,0.097,0.041,0.115
202710,Jimmy Butler III,1610612741,CHI,2016-17,0.586,0.492,0.261,5.5,2.62,1.9,0.4,104.7,3.3,0.164,0.044,0.118
201149,Joakim Noah,1610612752,NYK,2016-17,0.491,0.49,0.124,2.2,1.78,0.7,0.8,112.6,-6.4,0.094,0.146,0.229
201975,Jodie Meeks,1610612753,ORL,2016-17,0.567,0.512,0.192,1.3,1.25,0.9,0.1,111.7,-5.8,0.081,0.007,0.1
203925,Joe Harris,1610612751,BKN,2016-17,0.558,0.543,0.159,1.0,0.98,0.6,0.2,109.1,-11.2,0.061,0.013,0.103
204060,Joe Ingles,1610612762,UTA,2016-17,0.604,0.589,0.135,2.7,2.1,1.2,0.1,104.4,4.0,0.09,0.013,0.123
2207,Joe Johnson,1610612762,UTA,2016-17,0.542,0.521,0.181,1.8,2.09,0.5,0.2,104.3,3.3,0.095,0.019,0.115
1626202,Joe Young,1610612754,IND,2016-17,0.433,0.396,0.251,0.5,3.0,0.1,0.0,106.2,-19.1,0.087,0.006,0.0
201202,Joel Anthony,1610612759,SAS,2016-17,0.64,0.625,0.086,0.2,0.75,0.1,0.3,93.3,-3.7,0.087,0.06,0.178
1627762,Joel Bolomboy,1610612762,UTA,2016-17,0.59,0.594,0.172,0.2,1.0,0.1,0.2,91.7,9.2,0.154,0.077,0.22
203954,Joel Embiid,1610612755,PHI,2016-17,0.584,0.508,0.356,2.1,0.56,0.9,2.5,98.7,4.1,0.174,0.08,0.218
203530,Joffrey Lauvergne,1610612741,CHI,2016-17,0.509,0.49,0.185,1.0,1.25,0.4,0.1,106.9,-3.6,0.094,0.069,0.182
203089,John Henson,1610612749,MIL,2016-17,0.55,0.515,0.163,1.0,1.1,0.5,1.3,108.2,-1.9,0.092,0.084,0.179
203098,John Jenkins,1610612756,PHX,2016-17,0.595,0.5,0.188,0.3,0.0,0.0,0.0,96.6,40.5,0.102,0.0,0.091
101249,John Lucas III,1610612750,MIN,2016-17,0.25,0.25,0.154,0.2,0.0,0.4,0.0,56.0,52.3,0.073,0.0,0.0
202322,John Wall,1610612764,WAS,2016-17,0.541,0.482,0.299,10.7,2.58,2.0,0.6,108.8,4.2,0.153,0.021,0.094
203948,Johnny O'Bryant III,1610612766,CHA,2016-17,0.582,0.55,0.205,0.5,1.0,0.0,0.1,119.3,-17.5,0.08,0.113,0.152
202720,Jon Leuer,1610612765,DET,2016-17,0.551,0.518,0.169,1.5,1.68,0.4,0.3,104.5,-2.0,0.1,0.049,0.156
201973,Jonas Jerebko,1610612738,BOS,2016-17,0.537,0.521,0.113,0.9,1.82,0.3,0.2,107.4,1.7,0.069,0.048,0.164
202685,Jonas Valančiūnas,1610612761,TOR,2016-17,0.601,0.558,0.193,0.7,0.54,0.5,0.8,109.1,2.0,0.136,0.112,0.264
1626780,Jonathan Gibson,1610612742,DAL,2016-17,0.492,0.447,0.249,1.5,1.24,0.5,0.0,114.1,-17.5,0.062,0.004,0.107
203613,Jonathon Simmons,1610612759,SAS,2016-17,0.504,0.456,0.176,1.6,1.66,0.6,0.3,96.6,8.4,0.067,0.015,0.097
203903,Jordan Clarkson,1610612747,LAL,2016-17,0.526,0.5,0.228,2.6,1.3,1.1,0.1,112.6,-8.3,0.084,0.02,0.083
202348,Jordan Crawford,1610612740,NOP,2016-17,0.582,0.567,0.254,3.0,2.28,0.6,0.1,111.8,1.6,0.102,0.009,0.069
200770,Jordan Farmar,1610612758,SAC,2016-17,0.5,0.5,0.183,4.5,3.0,1.0,0.0,125.4,-11.7,0.087,0.03,0.057
201941,Jordan Hill,1610612750,MIN,2016-17,0.432,0.385,0.171,0.0,0.0,0.1,0.0,90.1,12.1,0.015,0.182,0.122
203895,Jordan McRae,1610612739,CLE,2016-17,0.488,0.447,0.208,0.5,1.36,0.2,0.2,112.8,-7.9,0.059,0.015,0.088
1626175,Jordan Mickey,1610612738,BOS,2016-17,0.473,0.441,0.148,0.3,0.78,0.1,0.2,116.6,-22.0,0.06,0.087,0.163
101181,Jose Calderon,1610612737,ATL,2016-17,0.506,0.485,0.14,2.1,2.15,0.3,0.0,106.1,-10.0,0.077,0.025,0.111
203962,Josh Huestis,1610612760,OKC,2016-17,0.612,0.636,0.139,1.5,0.0,0.0,1.5,108.8,4.4,0.137,0.118,0.139
201177,Josh McRoberts,1610612748,MIA,2016-17,0.439,0.428,0.171,2.3,2.17,0.5,0.2,110.1,-9.2,0.071,0.058,0.139
1626196,Josh Richardson,1610612748,MIA,2016-17,0.493,0.467,0.165,2.6,2.15,1.1,0.7,105.3,-0.1,0.069,0.021,0.082
201950,Jrue Holiday,1610612740,NOP,2016-17,0.532,0.51,0.232,7.3,2.52,1.5,0.7,103.7,0.7,0.121,0.02,0.092
1627823,Juancho Hernangomez,1610612743,DEN,2016-17,0.592,0.554,0.139,0.5,0.94,0.5,0.2,110.1,-2.2,0.086,0.047,0.171
203944,Julius Randle,1610612747,LAL,2016-17,0.543,0.499,0.212,3.6,1.53,0.7,0.5,114.0,-9.8,0.113,0.066,0.231
1626147,Justin Anderson,1610612755,PHI,2016-17,0.537,0.49,0.202,0.9,1.0,0.5,0.3,108.6,-7.1,0.091,0.054,0.151
203120,Justin Hamilton,1610612751,BKN,2016-17,0.55,0.532,0.158,0.9,1.28,0.5,0.7,109.8,-11.7,0.092,0.057,0.152
202712,Justin Harper,1610612755,PHI,2016-17,0.5,0.5,0.208,0.7,0.5,0.0,0.0,113.6,-18.1,0.039,0.0,0.0
203200,Justin Holiday,1610612752,NYK,2016-17,0.549,0.523,0.166,1.2,1.55,0.8,0.4,105.3,-0.8,0.092,0.016,0.114
1626159,Justise Winslow,1610612748,MIA,2016-17,0.399,0.371,0.198,3.7,2.0,1.4,0.3,103.9,-1.1,0.059,0.035,0.107
203994,Jusuf Nurkić,1610612757,POR,2016-17,0.528,0.507,0.232,1.9,0.86,0.8,1.1,107.7,-1.4,0.117,0.108,0.212
203909,KJ McDaniels,1610612751,BKN,2016-17,0.555,0.515,0.18,0.3,0.45,0.4,0.4,107.2,-3.6,0.076,0.03,0.125
1626157,Karl-Anthony Towns,1610612750,MIN,2016-17,0.618,0.576,0.271,2.7,1.04,0.7,1.3,112.1,-0.3,0.17,0.101,0.247
202695,Kawhi Leonard,1610612759,SAS,2016-17,0.61,0.541,0.306,3.5,1.69,1.8,0.7,105.1,8.7,0.174,0.034,0.143
1627770,Kay Felder,1610612739,CLE,2016-17,0.462,0.415,0.243,1.4,1.93,0.4,0.2,104.9,-6.5,0.079,0.008,0.092
203482,Kelly Olynyk,1610612738,BOS,2016-17,0.603,0.579,0.185,2.0,1.54,0.6,0.4,105.2,-0.1,0.11,0.046,0.181
1626162,Kelly Oubre Jr.,1610612764,WAS,2016-17,0.516,0.482,0.143,0.6,0.94,0.7,0.2,106.0,-0.6,0.055,0.038,0.122
202689,Kemba Walker,1610612766,CHA,2016-17,0.569,0.527,0.286,5.5,2.58,1.1,0.3,107.4,3.5,0.137,0.016,0.095
202702,Kenneth Faried,1610612743,DEN,2016-17,0.588,0.548,0.179,0.9,0.93,0.7,0.7,112.3,-1.7,0.124,0.135,0.218
203145,Kent Bazemore,1610612737,ATL,2016-17,0.504,0.473,0.202,2.4,1.42,1.2,0.7,106.0,-1.7,0.074,0.022,0.089
203484,Kentavious Caldwell-Pope,1610612765,DET,2016-17,0.519,0.481,0.187,2.5,2.24,1.2,0.2,108.6,-3.3,0.078,0.02,0.079
201142,Kevin Durant,1610612744,GSW,2016-17,0.651,0.594,0.271,4.8,2.17,1.1,1.6,102.3,15.7,0.186,0.02,0.207
201567,Kevin Love,1610612739,CLE,2016-17,0.573,0.51,0.253,1.9,0.95,0.9,0.4,107.1,8.4,0.148,0.077,0.267
202338,Kevin Seraphin,1610612754,IND,2016-17,0.559,0.551,0.184,0.5,0.79,0.1,0.4,109.4,-9.8,0.095,0.07,0.181
1626172,Kevon Looney,1610612744,GSW,2016-17,0.553,0.533,0.126,0.5,1.71,0.3,0.3,103.5,-3.4,0.085,0.093,0.164
203114,Khris Middleton,1610612749,MIL,2016-17,0.57,0.518,0.227,3.4,1.52,1.4,0.2,105.4,5.4,0.104,0.014,0.135
202691,Klay Thompson,1610612744,GSW,2016-17,0.592,0.565,0.258,2.1,1.25,0.8,0.5,102.4,14.1,0.109,0.02,0.081
201585,Kosta Koufos,1610612758,SAC,2016-17,0.56,0.551,0.151,0.7,0.77,0.5,0.7,108.5,-5.5,0.093,0.084,0.202
1627739,Kris Dunn,1610612750,MIN,2016-17,0.432,0.411,0.139,2.4,2.11,1.0,0.5,108.9,-3.4,0.051,0.018,0.112
2743,Kris Humphries,1610612737,ATL,2016-17,0.514,0.451,0.176,0.5,1.04,0.3,0.4,101.1,-4.2,0.105,0.083,0.214
204001,Kristaps Porziņģis,1610612752,NYK,2016-17,0.546,0.507,0.24,1.5,0.82,0.7,2.0,108.7,-2.4,0.106,0.05,0.159
203937,Kyle Anderson,1610612759,SAS,2016-17,0.525,0.481,0.118,1.3,2.33,0.7,0.4,96.2,9.1,0.098,0.034,0.167
2594,Kyle Korver,1610612739,CLE,2016-17,0.635,0.621,0.147,1.6,1.59,0.5,0.3,110.8,-5.7,0.081,0.004,0.1
200768,Kyle Lowry,1610612761,TOR,2016-17,0.623,0.569,0.243,7.0,2.41,1.5,0.3,106.4,7.7,0.147,0.022,0.109
203124,Kyle O'Quinn,1610612752,NYK,2016-17,0.552,0.523,0.182,1.5,1.54,0.5,1.3,109.1,-5.4,0.132,0.12,0.219
202713,Kyle Singler,1610612760,OKC,2016-17,0.486,0.452,0.112,0.3,0.82,0.2,0.2,101.3,2.0,0.046,0.019,0.109
1627787,Kyle Wiltjer,1610612745,HOU,2016-17,0.437,0.429,0.177,0.1,0.4,0.2,0.1,118.8,-39.2,0.033,0.087,0.136
202681,Kyrie Irving,1610612739,CLE,2016-17,0.58,0.535,0.295,5.8,2.32,1.2,0.3,110.3,6.4,0.135,0.02,0.068
200746,LaMarcus Aldridge,1610612759,SAS,2016-17,0.532,0.488,0.248,1.9,1.42,0.6,1.2,104.4,6.2,0.122,0.076,0.153
203934,Lamar Patterson,1610612737,ATL,2016-17,0.276,0.233,0.23,1.2,1.5,0.2,0.0,83.5,17.7,-0.004,0.026,0.122
202362,Lance Stephenson,1610612754,IND,2016-17,0.485,0.475,0.181,3.3,2.27,0.3,0.2,101.0,1.0,0.089,0.01,0.128
202498,Lance Thomas,1610612752,NYK,2016-17,0.516,0.475,0.131,0.8,1.4,0.5,0.1,112.4,-9.8,0.055,0.031,0.109
204038,Langston Galloway,1610612758,SAC,2016-17,0.51,0.49,0.18,1.3,2.02,0.6,0.1,105.5,-2.3,0.067,0.017,0.082
1626204,Larry Nance Jr.,1610612747,LAL,2016-17,0.567,0.54,0.133,1.5,1.71,1.3,0.6,108.2,-4.1,0.101,0.08,0.18
202336,Larry Sanders,1610612739,CLE,2016-17,0.41,0.25,0.226,0.0,0.0,0.2,0.2,96.3,-3.7,-0.056,0.0,0.077
202730,Lavoy Allen,1610612754,IND,2016-17,0.485,0.458,0.103,0.9,1.97,0.3,0.4,109.3,-6.8,0.069,0.116,0.134
2544,LeBron James,1610612739,CLE,2016-17,0.619,0.594,0.292,8.7,2.13,1.2,0.6,108.5,8.3,0.183,0.036,0.189
2571,Leandro Barbosa,1610612756,PHX,2016-17,0.509,0.483,0.201,1.2,1.69,0.5,0.1,107.2,-3.0,0.083,0.015,0.093
101150,Lou Williams,1610612745,HOU,2016-17,0.593,0.511,0.277,3.0,1.49,1.0,0.2,109.1,0.9,0.133,0.012,0.084
201601,Luc Mbah a Moute,1610612746,LAC,2016-17,0.581,0.562,0.114,0.5,0.85,1.0,0.4,103.6,8.6,0.056,0.026,0.067
203512,Lucas Nogueira,1610612761,TOR,2016-17,0.682,0.67,0.093,0.7,0.91,0.9,1.6,103.2,8.6,0.085,0.077,0.139
2449,Luis Scola,1610612751,BKN,2016-17,0.55,0.526,0.18,1.0,1.09,0.4,0.1,111.2,-8.6,0.089,0.105,0.189
202337,Luke Babbitt,1610612748,MIA,2016-17,0.563,0.557,0.13,0.5,1.44,0.3,0.2,104.5,0.0,0.054,0.011,0.116
2736,Luol Deng,1610612747,LAL,2016-17,0.47,0.447,0.141,1.3,1.72,0.9,0.4,108.9,-6.1,0.077,0.04,0.155
1627781,Malachi Richardson,1610612758,SAC,2016-17,0.517,0.471,0.189,0.5,1.38,0.2,0.0,103.2,-4.2,0.057,0.015,0.099
1627763,Malcolm Brogdon,1610612749,MIL,2016-17,0.555,0.518,0.182,4.2,2.81,1.1,0.2,107.5,2.6,0.098,0.025,0.086
1627098,Malcolm Delaney,1610612737,ATL,2016-17,0.456,0.407,0.181,2.6,2.03,0.5,0.0,100.5,1.4,0.064,0.008,0.09
1627736,Malik Beasley,1610612743,DEN,2016-17,0.536,0.514,0.216,0.5,1.38,0.3,0.0,94.4,15.5,0.086,0.032,0.064
202412,Manny Harris,1610612742,DAL,2016-17,0.239,0.2,0.292,0.5,1.0,0.0,0.0,125.5,-39.5,0.006,0.073,0.0
1938,Manu Ginobili,1610612759,SAS,2016-17,0.532,0.491,0.188,2.7,1.91,1.2,0.2,100.3,9.5,0.087,0.022,0.099
201188,Marc Gasol,1610612763,MEM,2016-17,0.554,0.503,0.262,4.6,2.04,0.9,1.3,106.7,1.0,0.151,0.024,0.167
1626273,Marcelo Huertas,1610612747,LAL,2016-17,0.417,0.397,0.17,2.3,2.74,0.4,0.1,109.9,-7.7,0.066,0.008,0.102
101162,Marcin Gortat,1610612764,WAS,2016-17,0.593,0.579,0.146,1.5,1.02,0.5,0.7,108.6,3.5,0.11,0.093,0.243
201158,Marco Belinelli,1610612766,CHA,2016-17,0.566,0.512,0.187,2.0,2.1,0.6,0.1,107.5,-0.6,0.088,0.008,0.093
1627875,Marcus Georges-Hunt,1610612753,ORL,2016-17,0.614,0.357,0.122,0.6,1.5,0.2,0.0,115.2,-26.2,0.08,0.0,0.151
202694,Marcus Morris Sr.,1610612765,DET,2016-17,0.508,0.477,0.201,2.0,1.84,0.7,0.3,106.3,-2.0,0.08,0.027,0.116
203935,Marcus Smart,1610612738,BOS,2016-17,0.486,0.422,0.183,4.6,2.29,1.6,0.4,105.3,3.0,0.082,0.032,0.092
201977,Marcus Thornton,1610612764,WAS,2016-17,0.494,0.467,0.183,1.2,1.64,0.6,0.1,115.0,-12.2,0.069,0.037,0.104
1626209,Mario Hezonja,1610612753,ORL,2016-17,0.45,0.42,0.187,1.0,1.07,0.5,0.2,109.2,-14.2,0.059,0.019,0.133
202693,Markieff Morris,1610612764,WAS,2016-17,0.54,0.497,0.203,1.7,0.98,1.1,0.6,106.9,4.2,0.089,0.046,0.162
1627737,Marquese Chriss,1610612756,PHX,2016-17,0.529,0.506,0.194,0.7,0.56,0.8,0.9,113.8,-9.5,0.063,0.052,0.148
201578,Marreese Speights,1610612746,LAC,2016-17,0.584,0.539,0.234,0.8,0.94,0.3,0.5,106.3,-0.9,0.114,0.069,0.218
1627850,Marshall Plumlee,1610612752,NYK,2016-17,0.521,0.533,0.121,0.5,0.83,0.2,0.2,105.6,2.8,0.06,0.124,0.163
101107,Marvin Williams,1610612766,CHA,2016-17,0.551,0.51,0.16,1.4,1.77,0.8,0.7,107.9,-0.8,0.096,0.037,0.18
203486,Mason Plumlee,1610612743,DEN,2016-17,0.558,0.536,0.18,3.5,2.12,0.9,1.1,111.9,0.7,0.112,0.08,0.2
2440,Matt Barnes,1610612744,GSW,2016-17,0.514,0.483,0.155,2.6,1.82,0.6,0.4,107.4,-2.0,0.081,0.04,0.176
203521,Matthew Dellavedova,1610612749,MIL,2016-17,0.501,0.463,0.158,4.7,2.68,0.7,0.0,108.1,-1.1,0.066,0.012,0.063
203090,Maurice Harkless,1610612757,POR,2016-17,0.57,0.558,0.149,1.1,1.02,1.1,0.9,110.6,2.2,0.069,0.057,0.093
1626254,Maurice Ndour,1610612752,NYK,2016-17,0.503,0.459,0.142,0.3,0.67,0.5,0.3,102.7,0.8,0.069,0.064,0.131
1897,Metta World Peace,1610612747,LAL,2016-17,0.38,0.346,0.221,0.4,1.57,0.4,0.1,108.4,-16.7,0.029,0.028,0.098
203086,Meyers Leonard,1610612757,POR,2016-17,0.507,0.484,0.154,1.0,2.03,0.2,0.4,107.0,-1.9,0.061,0.022,0.171
201563,Michael Beasley,1610612749,MIL,2016-17,0.584,0.554,0.243,0.9,0.8,0.5,0.5,109.3,-1.9,0.116,0.045,0.162
203487,Michael Carter-Williams,1610612741,CHI,2016-17,0.437,0.391,0.203,2.5,1.71,0.8,0.5,105.1,-1.1,0.07,0.026,0.152
1627771,Michael Gbinije,1610612765,DET,2016-17,0.184,0.1,0.151,0.2,0.0,0.0,0.0,103.1,-1.5,-0.027,0.0,0.033
203077,Michael Kidd-Gilchrist,1610612766,CHA,2016-17,0.528,0.478,0.144,1.4,2.04,1.0,1.0,105.8,0.9,0.093,0.064,0.171
201144,Mike Conley,1610612763,MEM,2016-17,0.604,0.545,0.256,6.3,2.78,1.3,0.3,106.2,3.4,0.16,0.014,0.095
2399,Mike Dunleavy,1610612737,ATL,2016-17,0.573,0.543,0.137,0.9,1.79,0.3,0.1,102.0,-4.2,0.077,0.02,0.109
2034,Mike Miller,1610612743,DEN,2016-17,0.586,0.565,0.102,1.1,1.69,0.1,0.0,105.4,-0.9,0.084,0.014,0.243
203488,Mike Muscala,1610612737,ATL,2016-17,0.596,0.573,0.145,1.4,1.73,0.4,0.6,105.4,-2.9,0.097,0.059,0.13
203118,Mike Scott,1610612737,ATL,2016-17,0.36,0.322,0.162,0.9,2.13,0.2,0.2,102.8,-10.1,0.058,0.047,0.143
1627861,Mike Tobey,1610612766,CHA,2016-17,0.25,0.25,0.098,0.5,1.0,0.0,0.0,98.0,-32.7,-0.016,0.0,0.0
203101,Miles Plumlee,1610612766,CHA,2016-17,0.518,0.478,0.128,0.5,0.7,0.4,0.3,107.2,-7.2,0.04,0.082,0.112
1627851,Mindaugas Kuzminskas,1610612752,NYK,2016-17,0.533,0.501,0.186,1.0,1.35,0.4,0.2,105.4,0.2,0.075,0.044,0.075
203141,Mirza Teletovic,1610612749,MIL,2016-17,0.515,0.498,0.188,0.7,1.3,0.2,0.2,103.9,2.9,0.061,0.01,0.132
101145,Monta Ellis,1610612754,IND,2016-17,0.514,0.482,0.166,3.2,1.75,1.1,0.4,108.5,-2.0,0.069,0.01,0.092
1626149,Montrezl Harrell,1610612745,HOU,2016-17,0.662,0.654,0.17,1.1,1.45,0.3,0.7,109.0,5.3,0.108,0.075,0.123
1626167,Myles Turner,1610612754,IND,2016-17,0.585,0.534,0.195,1.3,1.01,0.9,2.1,106.4,2.8,0.112,0.059,0.172
202357,Nemanja Bjelica,1610612750,MIN,2016-17,0.526,0.503,0.159,1.2,1.34,0.6,0.3,103.6,0.5,0.078,0.047,0.157
2403,Nene,1610612745,HOU,2016-17,0.63,0.621,0.191,1.0,0.89,0.8,0.6,102.0,8.4,0.11,0.074,0.147
203457,Nerlens Noel,1610612742,DAL,2016-17,0.622,0.595,0.171,1.0,0.98,1.3,1.0,105.6,-3.3,0.126,0.09,0.198
2555,Nick Collison,1610612760,OKC,2016-17,0.622,0.609,0.097,0.6,3.0,0.1,0.1,102.3,-14.9,0.12,0.059,0.168
201156,Nick Young,1610612747,LAL,2016-17,0.588,0.564,0.192,1.0,1.61,0.6,0.2,112.6,-6.2,0.075,0.015,0.074
201587,Nicolas Batum,1610612766,CHA,2016-17,0.529,0.472,0.215,5.9,2.35,1.1,0.4,108.2,1.0,0.118,0.017,0.164
1627852,Nicolas Brussino,1610612742,DAL,2016-17,0.498,0.472,0.148,0.9,1.81,0.3,0.1,111.1,-9.9,0.072,0.048,0.148
1627879,Nicolas Laprovittola,1610612759,SAS,2016-17,0.579,0.532,0.179,1.6,1.47,0.2,0.1,104.6,-11.5,0.063,0.006,0.051
203917,Nik Stauskas,1610612755,PHI,2016-17,0.54,0.5,0.161,2.4,1.47,0.6,0.4,107.4,-4.2,0.067,0.009,0.091
203999,Nikola Jokić,1610612743,DEN,2016-17,0.64,0.605,0.231,4.9,2.1,0.8,0.8,109.7,6.5,0.167,0.106,0.248
202703,Nikola Mirotic,1610612741,CHI,2016-17,0.546,0.516,0.194,1.1,0.94,0.8,0.8,102.7,5.4,0.104,0.036,0.186
202696,Nikola Vučević,1610612753,ORL,2016-17,0.498,0.48,0.241,2.8,1.78,1.0,1.0,107.8,-3.5,0.142,0.077,0.272
203943,Noah Vonleh,1610612757,POR,2016-17,0.525,0.494,0.129,0.4,0.48,0.4,0.4,105.9,-2.8,0.073,0.098,0.199
1626181,Norman Powell,1610612761,TOR,2016-17,0.552,0.504,0.208,1.1,1.17,0.7,0.2,106.5,2.8,0.087,0.02,0.107
202708,Norris Cole,1610612760,OKC,2016-17,0.381,0.337,0.215,1.1,2.0,0.6,0.0,103.1,-5.8,0.033,0.0,0.092
1627855,Okaro White,1610612748,MIA,2016-17,0.507,0.448,0.106,0.6,1.17,0.3,0.3,102.3,7.5,0.05,0.053,0.124
201600,Omer Asik,1610612740,NOP,2016-17,0.517,0.477,0.086,0.5,1.07,0.2,0.3,104.7,-5.8,0.073,0.092,0.228
201956,Omri Casspi,1610612750,MIN,2016-17,0.526,0.515,0.138,1.0,1.28,0.6,0.1,112.8,-6.8,0.069,0.042,0.145
203490,Otto Porter Jr.,1610612764,WAS,2016-17,0.628,0.608,0.147,1.5,2.75,1.5,0.5,108.4,3.2,0.109,0.045,0.154
200782,P.J. Tucker,1610612761,TOR,2016-17,0.516,0.485,0.111,1.2,1.5,1.4,0.2,107.2,-1.5,0.079,0.05,0.16
1627783,Pascal Siakam,1610612761,TOR,2016-17,0.523,0.505,0.129,0.3,0.52,0.5,0.8,107.3,-2.1,0.06,0.077,0.148
1626192,Pat Connaughton,1610612757,POR,2016-17,0.645,0.632,0.127,0.7,1.65,0.2,0.1,105.9,-4.1,0.088,0.032,0.13
1627868,Patricio Garino,1610612753,ORL,2016-17,0.0,0.0,0.1,0.0,0.0,0.0,0.0,112.9,-18.7,-0.049,0.022,0.0
201976,Patrick Beverley,1610612745,HOU,2016-17,0.546,0.521,0.14,4.2,2.81,1.5,0.4,106.3,8.4,0.085,0.044,0.144
1627775,Patrick McCaw,1610612744,GSW,2016-17,0.54,0.516,0.116,1.1,2.14,0.5,0.2,105.0,-2.0,0.056,0.019,0.069
202335,Patrick Patterson,1610612761,TOR,2016-17,0.542,0.523,0.123,1.2,2.0,0.6,0.4,103.6,10.4,0.075,0.04,0.143
201988,Patty Mills,1610612759,SAS,2016-17,0.578,0.558,0.184,3.5,2.77,0.8,0.0,100.1,11.2,0.1,0.014,0.065
2200,Pau Gasol,1610612759,SAS,2016-17,0.578,0.548,0.213,2.3,1.85,0.4,1.1,104.0,6.8,0.143,0.069,0.245
202331,Paul George,1610612754,IND,2016-17,0.587,0.534,0.287,3.3,1.14,1.6,0.4,107.2,3.1,0.136,0.023,0.161
200794,Paul Millsap,1610612737,ATL,2016-17,0.542,0.481,0.241,3.7,1.59,1.3,0.9,103.5,2.7,0.126,0.047,0.171
1718,Paul Pierce,1610612746,LAC,2016-17,0.535,0.507,0.145,0.4,0.63,0.2,0.2,103.5,4.4,0.044,0.004,0.154
1627835,Paul Zipser,1610612741,CHI,2016-17,0.503,0.473,0.143,0.8,0.9,0.3,0.4,102.4,1.7,0.05,0.017,0.125
203510,Pierre Jackson,1610612742,DAL,2016-17,0.416,0.372,0.222,2.1,6.33,0.2,0.0,85.5,31.8,0.104,0.011,0.098
203112,Quincy Acy,1610612751,BKN,2016-17,0.565,0.521,0.165,0.5,0.86,0.4,0.4,107.1,-4.1,0.083,0.034,0.168
1626188,Quinn Cook,1610612740,NOP,2016-17,0.579,0.583,0.192,1.9,2.0,0.3,0.0,117.6,-11.3,0.068,0.006,0.037
1626154,RJ Hunter,1610612741,CHI,2016-17,0.0,0.0,0.038,0.0,0.0,0.0,0.0,78.9,-52.6,0.0,0.0,0.0
200765,Rajon Rondo,1610612741,CHI,2016-17,0.461,0.453,0.174,6.7,2.73,1.4,0.2,107.4,-2.2,0.106,0.038,0.151
1626176,Rakeem Christmas,1610612754,IND,2016-17,0.529,0.442,0.119,0.1,0.5,0.1,0.2,105.5,-7.9,0.049,0.105,0.139
201196,Ramon Sessions,1610612766,CHA,2016-17,0.495,0.42,0.192,2.6,2.8,0.5,0.1,107.5,-5.5,0.079,0.013,0.071
200751,Randy Foye,1610612751,BKN,2016-17,0.506,0.466,0.143,2.0,1.69,0.5,0.1,109.9,-7.6,0.057,0.007,0.108
1626173,Rashad Vaughn,1610612749,MIL,2016-17,0.449,0.449,0.169,0.6,1.64,0.5,0.2,106.9,-8.2,0.052,0.009,0.102
203526,Raul Neto,1610612762,UTA,2016-17,0.527,0.505,0.14,0.9,2.27,0.5,0.1,95.0,12.3,0.062,0.012,0.073
101109,Raymond Felton,1610612746,LAC,2016-17,0.496,0.475,0.163,2.4,2.3,0.8,0.3,108.2,-4.1,0.078,0.019,0.106
203493,Reggie Bullock Jr.,1610612765,DET,2016-17,0.538,0.531,0.128,0.9,2.9,0.6,0.1,100.2,5.0,0.081,0.026,0.11
202704,Reggie Jackson,1610612765,DET,2016-17,0.51,0.468,0.261,5.2,2.37,0.7,0.1,110.8,-8.0,0.092,0.013,0.072
202130,Reggie Williams,1610612740,NOP,2016-17,0.518,0.457,0.128,0.7,0.0,0.5,0.0,106.5,-15.4,0.079,0.019,0.056
2210,Richard Jefferson,1610612739,CLE,2016-17,0.574,0.536,0.121,1.0,1.5,0.3,0.1,106.5,4.0,0.053,0.018,0.103
1626158,Richaun Holmes,1610612755,PHI,2016-17,0.611,0.591,0.184,1.0,1.05,0.7,1.0,109.6,-7.2,0.116,0.079,0.178
201937,Ricky Rubio,1610612750,MIN,2016-17,0.539,0.448,0.171,9.1,3.5,1.7,0.1,111.3,-0.7,0.114,0.028,0.1
203496,Robert Covington,1610612755,PHI,2016-17,0.534,0.492,0.188,1.5,0.78,1.9,1.0,104.1,-3.0,0.091,0.041,0.158
201577,Robin Lopez,1610612741,CHI,2016-17,0.511,0.493,0.172,1.0,0.88,0.2,1.4,105.9,1.4,0.083,0.102,0.12
203918,Rodney Hood,1610612762,UTA,2016-17,0.522,0.494,0.227,1.6,1.48,0.6,0.2,103.2,4.0,0.086,0.011,0.117
203585,Rodney McGruder,1610612748,MIA,2016-17,0.506,0.492,0.123,1.6,2.21,0.6,0.2,106.8,0.3,0.056,0.047,0.083
201155,Rodney Stuckey,1610612754,IND,2016-17,0.483,0.412,0.218,2.2,1.58,0.4,0.0,106.1,-2.8,0.075,0.009,0.109
1627758,Ron Baker,1610612752,NYK,2016-17,0.456,0.431,0.149,2.1,1.91,0.7,0.2,106.5,-2.3,0.057,0.014,0.1
1626178,Rondae Hollis-Jefferson,1610612751,BKN,2016-17,0.517,0.447,0.185,2.0,1.33,1.1,0.6,107.7,-5.5,0.098,0.053,0.186
101179,Ronnie Price,1610612756,PHX,2016-17,0.272,0.229,0.085,1.3,6.0,0.8,0.1,111.8,-15.7,0.032,0.018,0.059
201579,Roy Hibbert,1610612743,DEN,2016-17,0.614,0.544,0.136,0.4,0.66,0.2,1.0,105.6,-2.0,0.071,0.077,0.127
200752,Rudy Gay,1610612758,SAC,2016-17,0.559,0.502,0.246,2.8,1.12,1.5,0.9,106.3,2.3,0.125,0.034,0.156
203497,Rudy Gobert,1610612762,UTA,2016-17,0.681,0.661,0.166,1.2,0.66,0.6,2.6,102.0,8.3,0.161,0.124,0.259
201566,Russell Westbrook,1610612760,OKC,2016-17,0.554,0.476,0.402,10.4,1.92,1.6,0.4,106.1,4.5,0.23,0.046,0.251
201583,Ryan Anderson,1610612745,HOU,2016-17,0.583,0.55,0.178,0.9,1.24,0.4,0.2,107.0,8.9,0.079,0.052,0.103
203527,Ryan Kelly,1610612737,ATL,2016-17,0.408,0.357,0.142,0.5,2.0,0.3,0.3,92.5,2.6,0.073,0.009,0.144
1626257,Salah Mejri,1610612742,DAL,2016-17,0.65,0.646,0.105,0.2,0.35,0.4,0.8,102.0,-0.5,0.099,0.109,0.254
1626155,Sam Dekker,1610612745,HOU,2016-17,0.549,0.543,0.148,1.0,1.85,0.5,0.3,106.4,3.7,0.087,0.064,0.126
2756,Sasha Vujacic,1610612752,NYK,2016-17,0.423,0.393,0.168,1.2,3.25,0.3,0.0,100.5,0.4,0.062,0.027,0.109
203930,Sean Kilpatrick,1610612751,BKN,2016-17,0.546,0.486,0.232,2.2,1.16,0.6,0.1,109.6,-6.3,0.099,0.012,0.136
203902,Semaj Christon,1610612760,OKC,2016-17,0.387,0.372,0.123,2.0,3.02,0.4,0.1,108.5,-6.3,0.042,0.019,0.073
201586,Serge Ibaka,1610612761,TOR,2016-17,0.566,0.543,0.208,0.9,0.71,0.5,1.6,108.9,-2.9,0.106,0.053,0.169
200771,Sergio Rodriguez,1610612755,PHI,2016-17,0.484,0.478,0.189,5.1,2.69,0.7,0.1,107.0,-5.0,0.094,0.013,0.088
203552,Seth Curry,1610612742,DAL,2016-17,0.601,0.578,0.193,2.7,2.05,1.1,0.1,105.2,-0.2,0.103,0.013,0.084
203498,Shabazz Muhammad,1610612750,MIN,2016-17,0.566,0.523,0.209,0.4,0.63,0.3,0.1,107.9,-1.6,0.094,0.055,0.094
203894,Shabazz Napier,1610612757,POR,2016-17,0.533,0.492,0.215,1.3,1.63,0.6,0.0,105.7,2.4,0.094,0.017,0.108
2733,Shaun Livingston,1610612744,GSW,2016-17,0.568,0.549,0.132,1.8,2.24,0.5,0.3,102.5,5.4,0.073,0.022,0.084
1627848,Shawn Long,1610612755,PHI,2016-17,0.595,0.592,0.241,0.7,1.0,0.5,0.5,107.7,4.5,0.128,0.163,0.186
1627815,Sheldon Mac,1610612764,WAS,2016-17,0.518,0.447,0.138,0.5,3.0,0.3,0.1,105.3,-10.8,0.077,0.013,0.103
202714,Shelvin Mack,1610612762,UTA,2016-17,0.518,0.495,0.191,2.8,1.71,0.8,0.1,104.7,0.3,0.079,0.018,0.087
1627746,Skal Labissiere,1610612758,SAC,2016-17,0.577,0.544,0.209,0.8,0.73,0.5,0.4,107.2,-2.8,0.106,0.086,0.175
203524,Solomon Hill,1610612740,NOP,2016-17,0.527,0.481,0.114,1.8,1.72,0.9,0.4,104.0,1.0,0.053,0.021,0.101
203915,Spencer Dinwiddie,1610612751,BKN,2016-17,0.581,0.507,0.14,3.1,2.8,0.7,0.4,106.8,-4.7,0.087,0.02,0.097
201150,Spencer Hawes,1610612749,MIL,2016-17,0.562,0.529,0.193,1.5,1.65,0.3,0.6,110.7,-11.2,0.109,0.046,0.187
1626169,Stanley Johnson,1610612765,DET,2016-17,0.436,0.415,0.144,1.4,1.48,0.7,0.3,103.8,0.0,0.048,0.025,0.116
201939,Stephen Curry,1610612744,GSW,2016-17,0.624,0.58,0.286,6.6,2.19,1.8,0.2,102.7,17.4,0.151,0.024,0.101
1627757,Stephen Zimmerman,1610612753,ORL,2016-17,0.346,0.323,0.142,0.2,1.33,0.1,0.3,110.0,-16.9,0.046,0.085,0.247
200779,Steve Novak,1610612749,MIL,2016-17,0.357,0.357,0.149,0.0,0.0,0.0,0.0,102.6,-9.8,0.028,0.0,0.0
203500,Steven Adams,1610612760,OKC,2016-17,0.589,0.571,0.159,1.1,0.59,1.1,1.0,104.9,4.2,0.097,0.11,0.136
204456,T.J. McConnell,1610612755,PHI,2016-17,0.504,0.472,0.142,6.6,3.36,1.7,0.1,107.1,-6.2,0.107,0.018,0.097
203933,T.J. Warren,1610612756,PHX,2016-17,0.539,0.511,0.188,1.1,1.32,1.2,0.6,113.4,-6.4,0.091,0.057,0.103
201959,Taj Gibson,1610612760,OKC,2016-17,0.543,0.517,0.188,0.9,0.7,0.5,0.8,105.9,0.5,0.097,0.075,0.163
204028,Tarik Black,1610612747,LAL,2016-17,0.56,0.512,0.152,0.6,0.67,0.4,0.7,105.9,-0.9,0.085,0.123,0.177
1627752,Taurean Prince,1610612737,ATL,2016-17,0.513,0.458,0.168,0.9,0.9,0.7,0.5,98.6,-0.6,0.074,0.024,0.125
203093,Terrence Jones,1610612749,MIL,2016-17,0.515,0.489,0.209,1.1,1.23,0.7,1.0,105.5,-2.9,0.11,0.048,0.178
203082,Terrence Ross,1610612753,ORL,2016-17,0.55,0.532,0.185,1.1,1.29,1.1,0.4,108.9,2.9,0.078,0.009,0.096
1626179,Terry Rozier,1610612738,BOS,2016-17,0.466,0.437,0.167,1.8,2.79,0.6,0.1,102.7,-0.7,0.091,0.03,0.14
200757,Thabo Sefolosha,1610612737,ATL,2016-17,0.519,0.492,0.131,1.7,1.84,1.5,0.5,104.3,-1.4,0.086,0.033,0.131
201152,Thaddeus Young,1610612754,IND,2016-17,0.562,0.56,0.163,1.6,1.28,1.5,0.4,105.8,1.9,0.097,0.062,0.138
203080,Thomas Robinson,1610612747,LAL,2016-17,0.535,0.536,0.2,0.6,0.67,0.5,0.2,110.9,-7.2,0.114,0.14,0.263
1627748,Thon Maker,1610612749,MIL,2016-17,0.558,0.536,0.181,0.4,1.35,0.2,0.5,106.6,-1.6,0.072,0.075,0.145
201168,Tiago Splitter,1610612755,PHI,2016-17,0.544,0.484,0.214,0.5,0.67,0.1,0.1,108.2,-3.2,0.106,0.088,0.2
204025,Tim Frazier,1610612740,NOP,2016-17,0.504,0.453,0.161,5.2,3.32,0.9,0.1,107.1,-2.6,0.084,0.022,0.087
203501,Tim Hardaway Jr.,1610612737,ATL,2016-17,0.568,0.537,0.218,2.3,1.72,0.7,0.2,103.9,3.0,0.104,0.016,0.083
1627817,Tim Quarterman,1610612757,POR,2016-17,0.511,0.534,0.224,0.7,1.0,0.1,0.2,94.0,0.6,0.081,0.048,0.108
202389,Timofey Mozgov,1610612747,LAL,2016-17,0.553,0.515,0.168,0.8,0.6,0.3,0.6,109.8,-8.7,0.072,0.088,0.146
1627789,Timothe Luwawu-Cabarrot,1610612755,PHI,2016-17,0.536,0.471,0.175,1.1,1.03,0.5,0.1,103.4,-2.0,0.053,0.021,0.1
202699,Tobias Harris,1610612765,DET,2016-17,0.568,0.532,0.214,1.7,1.48,0.7,0.5,106.1,-0.5,0.113,0.024,0.14
203107,Tomas Satoransky,1610612764,WAS,2016-17,0.477,0.446,0.122,1.6,2.42,0.5,0.1,101.6,1.1,0.064,0.036,0.078
201962,Toney Douglas,1610612763,MEM,2016-17,0.451,0.397,0.158,2.3,2.67,0.8,0.2,105.9,0.2,0.073,0.031,0.137
2754,Tony Allen,1610612763,MEM,2016-17,0.493,0.473,0.178,1.4,0.98,1.6,0.4,105.1,0.8,0.08,0.086,0.123
2225,Tony Parker,1610612759,SAS,2016-17,0.514,0.486,0.204,4.5,3.2,0.5,0.0,103.1,6.5,0.093,0.006,0.066
203503,Tony Snell,1610612749,MIL,2016-17,0.603,0.588,0.121,1.2,1.75,0.7,0.2,109.8,-1.8,0.065,0.01,0.098
1626203,Treveon Graham,1610612766,CHA,2016-17,0.612,0.588,0.119,0.2,2.0,0.2,0.0,104.3,-10.6,0.065,0.025,0.088
2772,Trevor Ariza,1610612745,HOU,2016-17,0.548,0.528,0.14,2.2,2.4,1.8,0.3,108.6,6.2,0.085,0.019,0.143
202344,Trevor Booker,1610612751,BKN,2016-17,0.554,0.537,0.185,1.9,1.09,1.1,0.4,108.2,-8.1,0.127,0.079,0.223
203504,Trey Burke,1610612764,WAS,2016-17,0.532,0.516,0.2,1.8,2.08,0.2,0.1,108.8,-10.2,0.081,0.01,0.057
1626168,Trey Lyles,1610612762,UTA,2016-17,0.464,0.436,0.209,1.0,1.08,0.4,0.3,103.1,0.8,0.076,0.042,0.158
202684,Tristan Thompson,1610612739,CLE,2016-17,0.594,0.6,0.112,1.0,1.2,0.5,1.1,109.0,3.3,0.089,0.12,0.177
203584,Troy Daniels,1610612763,MEM,2016-17,0.531,0.513,0.203,0.7,1.02,0.3,0.1,104.3,0.6,0.065,0.017,0.068
1627786,Troy Williams,1610612745,HOU,2016-17,0.511,0.491,0.169,0.8,0.78,0.9,0.3,107.3,-6.3,0.055,0.026,0.093
201951,Ty Lawson,1610612758,SAC,2016-17,0.551,0.487,0.19,4.8,2.59,1.1,0.1,109.4,-4.5,0.106,0.026,0.077
203898,Tyler Ennis,1610612747,LAL,2016-17,0.521,0.498,0.189,1.6,1.91,0.5,0.0,103.4,0.1,0.07,0.015,0.065
204020,Tyler Johnson,1610612748,MIA,2016-17,0.535,0.49,0.203,3.2,2.59,1.2,0.6,104.3,0.6,0.108,0.022,0.111
1627755,Tyler Ulis,1610612756,PHX,2016-17,0.474,0.445,0.199,3.7,2.94,0.8,0.1,108.2,-5.3,0.095,0.016,0.063
203092,Tyler Zeller,1610612738,BOS,2016-17,0.508,0.494,0.159,0.8,2.1,0.1,0.4,104.6,-0.5,0.085,0.078,0.143
201936,Tyreke Evans,1610612758,SAC,2016-17,0.501,0.462,0.262,3.1,2.03,0.9,0.2,107.4,-9.5,0.118,0.015,0.155
2199,Tyson Chandler,1610612756,PHX,2016-17,0.703,0.671,0.112,0.6,0.46,0.7,0.5,110.8,-3.1,0.13,0.114,0.306
1626145,Tyus Jones,1610612750,MIN,2016-17,0.523,0.486,0.132,2.6,4.11,0.8,0.1,108.3,2.0,0.096,0.013,0.078
2617,Udonis Haslem,1610612748,MIA,2016-17,0.524,0.478,0.13,0.4,0.75,0.4,0.1,107.5,-25.2,0.073,0.054,0.217
203506,Victor Oladipo,1610612760,OKC,2016-17,0.534,0.51,0.21,2.6,1.48,1.2,0.3,102.6,4.1,0.095,0.017,0.109
1713,Vince Carter,1610612763,MEM,2016-17,0.542,0.508,0.147,1.8,2.66,0.8,0.5,104.5,4.0,0.078,0.02,0.109
1627735,Wade Baldwin IV,1610612763,MEM,2016-17,0.404,0.326,0.186,1.8,1.56,0.5,0.2,107.1,-16.8,0.051,0.025,0.085
201961,Wayne Ellington,1610612748,MIA,2016-17,0.565,0.55,0.174,1.1,2.33,0.6,0.1,105.2,2.7,0.082,0.012,0.076
1627782,Wayne Selden,1610612763,MEM,2016-17,0.525,0.491,0.159,0.9,1.08,0.4,0.1,106.9,-8.6,0.044,0.004,0.06
202325,Wesley Johnson,1610612746,LAC,2016-17,0.448,0.438,0.122,0.3,1.28,0.4,0.4,102.4,-2.4,0.067,0.031,0.186
202083,Wesley Matthews,1610612742,DAL,2016-17,0.533,0.496,0.193,2.9,2.06,1.1,0.2,107.7,-3.7,0.081,0.007,0.105
203115,Will Barton,1610612743,DEN,2016-17,0.547,0.508,0.207,3.4,2.12,0.8,0.5,111.0,-2.1,0.102,0.032,0.12
1626161,Willie Cauley-Stein,1610612758,SAC,2016-17,0.558,0.53,0.195,1.1,1.16,0.7,0.6,109.5,-6.9,0.106,0.062,0.18
203186,Willie Reed,1610612748,MIA,2016-17,0.578,0.57,0.15,0.4,0.84,0.3,0.7,101.9,1.9,0.108,0.119,0.192
1626195,Willy Hernangomez,1610612752,NYK,2016-17,0.564,0.533,0.199,1.3,0.96,0.6,0.5,107.6,-1.1,0.133,0.123,0.237
201163,Wilson Chandler,1610612743,DEN,2016-17,0.545,0.52,0.217,2.0,1.24,0.7,0.4,112.1,-1.0,0.098,0.046,0.162
1627812,Yogi Ferrell,1610612742,DAL,2016-17,0.533,0.492,0.192,3.7,2.46,0.9,0.2,107.8,-4.2,0.084,0.017,0.081
203897,Zach LaVine,1610612750,MIN,2016-17,0.576,0.544,0.215,3.0,1.64,0.9,0.2,111.2,-2.8,0.095,0.011,0.087
2216,Zach Randolph,1610612763,MEM,2016-17,0.49,0.46,0.28,1.7,1.23,0.5,0.1,105.8,0.0,0.152,0.096,0.246
2585,Zaza Pachulia,1610612744,GSW,2016-17,0.588,0.534,0.15,1.9,1.52,0.8,0.5,101.0,15.7,0.1,0.115,0.202
201166,Aaron Brooks,1610612750,MIN,2017-18,0.508,0.486,0.192,0.6,1.82,0.2,0.0,115.7,-17.2,0.044,0.036,0.057
203932,Aaron Gordon,1610612753,ORL,2017-18,0.53,0.5,0.238,2.3,1.27,1.0,0.8,108.3,-2.0,0.113,0.044,0.191
1626151,Aaron Harrison,1610612742,DAL,2017-18,0.392,0.341,0.147,1.2,3.67,1.0,0.2,112.2,-14.1,0.022,0.015,0.091
1628935,Aaron Jackson,1610612745,HOU,2017-18,0.405,0.389,0.149,1.0,1.0,0.0,0.0,107.8,-19.8,-0.01,0.056,0.031
1627846,Abdel Nader,1610612738,BOS,2017-18,0.439,0.413,0.162,0.5,0.76,0.3,0.2,107.3,-10.3,0.033,0.024,0.111
203940,Adreian Payne,1610612753,ORL,2017-18,0.831,0.8,0.155,0.0,0.0,0.4,0.0,115.9,-12.4,0.12,0.044,0.226
201143,Al Horford,1610612738,BOS,2017-18,0.575,0.553,0.183,4.7,2.57,0.6,1.1,101.6,7.3,0.134,0.047,0.178
2744,Al Jefferson,1610612754,IND,2017-18,0.563,0.534,0.218,0.8,1.43,0.4,0.6,107.2,-1.8,0.135,0.061,0.227
202329,Al-Farouq Aminu,1610612757,POR,2017-18,0.522,0.503,0.145,1.2,1.06,1.1,0.6,104.4,5.2,0.09,0.045,0.198
1626210,Alan Williams,1610612756,PHX,2017-18,0.455,0.389,0.184,1.6,1.14,1.0,0.2,90.8,0.1,0.089,0.039,0.26
202692,Alec Burks,1610612762,UTA,2017-18,0.527,0.467,0.221,1.0,1.12,0.6,0.1,105.3,-1.0,0.101,0.019,0.168
1628409,Alec Peters,1610612756,PHX,2017-18,0.523,0.5,0.151,0.6,3.0,0.1,0.1,101.7,7.3,0.071,0.032,0.12
203518,Alex Abrines,1610612760,OKC,2017-18,0.567,0.54,0.126,0.4,1.12,0.5,0.1,106.5,1.2,0.048,0.021,0.079
1627936,Alex Caruso,1610612747,LAL,2017-18,0.519,0.487,0.128,2.0,1.79,0.6,0.3,100.8,-0.3,0.062,0.026,0.086
203458,Alex Len,1610612756,PHX,2017-18,0.612,0.567,0.164,1.2,1.05,0.4,0.9,110.4,-8.6,0.129,0.116,0.228
1627816,Alex Poythress,1610612754,IND,2017-18,0.5,0.5,0.112,0.1,1.0,0.1,0.0,115.8,-13.0,0.032,0.061,0.102
1628035,Alfonzo McKinnie,1610612761,TOR,2017-18,0.643,0.633,0.158,0.1,0.33,0.1,0.1,114.0,-12.3,0.052,0.022,0.098
203459,Allen Crabbe,1610612751,BKN,2017-18,0.558,0.529,0.183,1.6,1.5,0.6,0.5,108.8,-1.9,0.084,0.012,0.13
101161,Amir Johnson,1610612755,PHI,2017-18,0.575,0.558,0.125,1.6,2.15,0.6,0.6,101.0,1.5,0.088,0.102,0.169
203083,Andre Drummond,1610612765,DET,2017-18,0.555,0.529,0.207,3.0,1.19,1.5,1.6,108.0,-1.0,0.156,0.145,0.329
2738,Andre Iguodala,1610612744,GSW,2017-18,0.536,0.514,0.112,3.3,3.13,0.8,0.6,101.3,7.9,0.081,0.033,0.109
201281,Andre Ingram,1610612747,LAL,2017-18,0.655,0.618,0.136,3.5,2.33,1.5,1.5,95.1,14.1,0.099,0.016,0.072
203460,Andre Roberson,1610612760,OKC,2017-18,0.543,0.562,0.085,1.2,1.53,1.2,0.9,97.3,9.4,0.065,0.068,0.109
101106,Andrew Bogut,1610612747,LAL,2017-18,0.696,0.68,0.085,0.6,0.79,0.2,0.5,100.2,-5.1,0.081,0.104,0.223
1626150,Andrew Harrison,1610612763,MEM,2017-18,0.534,0.477,0.195,3.2,2.19,0.7,0.5,108.5,-7.3,0.083,0.017,0.085
1628510,Andrew White III,1610612737,ATL,2017-18,0.461,0.466,0.16,0.4,0.75,0.2,0.1,110.3,-18.6,0.049,0.016,0.133
203952,Andrew Wiggins,1610612750,MIN,2017-18,0.505,0.481,0.228,2.0,1.16,1.1,0.6,108.9,3.5,0.076,0.028,0.094
1627790,Ante Zizic,1610612739,CLE,2017-18,0.746,0.731,0.171,0.2,0.45,0.1,0.4,114.9,-9.1,0.132,0.112,0.179
1626148,Anthony Brown,1610612750,MIN,2017-18,1.5,1.5,0.1,1.0,0.0,0.0,0.0,90.0,30.0,0.229,0.0,0.0
203076,Anthony Davis,1610612740,NOP,2017-18,0.612,0.552,0.291,2.3,1.07,1.5,2.6,104.3,5.0,0.188,0.07,0.213
201229,Anthony Tolliver,1610612765,DET,2017-18,0.663,0.632,0.144,1.1,1.55,0.4,0.3,105.0,0.9,0.086,0.027,0.109
1628469,Antonio Blakeney,1610612741,CHI,2017-18,0.471,0.423,0.227,1.1,1.82,0.4,0.1,109.4,-1.3,0.064,0.011,0.089
1628499,Antonius Cleveland,1610612737,ATL,2017-18,0.486,0.452,0.107,0.1,0.29,0.4,0.3,101.1,-13.9,0.005,0.022,0.085
203382,Aron Baynes,1610612738,BOS,2017-18,0.502,0.474,0.166,1.1,1.16,0.3,0.6,97.7,6.5,0.087,0.086,0.196
201167,Arron Afflalo,1610612753,ORL,2017-18,0.516,0.485,0.127,0.6,1.43,0.1,0.2,107.6,-6.8,0.042,0.006,0.082
203085,Austin Rivers,1610612746,LAC,2017-18,0.526,0.508,0.206,4.0,2.22,1.2,0.3,111.6,-1.7,0.073,0.013,0.058
202340,Avery Bradley,1610612746,LAC,2017-18,0.496,0.474,0.229,2.0,0.93,1.1,0.2,108.3,-4.2,0.06,0.014,0.068
1628389,Bam Adebayo,1610612748,MIA,2017-18,0.57,0.512,0.157,1.5,1.53,0.5,0.6,102.6,-0.6,0.111,0.086,0.194
203463,Ben McLemore,1610612763,MEM,2017-18,0.526,0.495,0.182,0.9,0.84,0.7,0.3,111.4,-13.5,0.056,0.03,0.101
1628500,Ben Moore,1610612754,IND,2017-18,0.0,0.0,0.0,0.5,0.0,0.0,0.0,175.0,-79.8,-0.041,0.0,0.167
1627732,Ben Simmons,1610612755,PHI,2017-18,0.557,0.545,0.219,8.2,2.38,1.7,0.9,102.9,6.6,0.154,0.053,0.171
202687,Bismack Biyombo,1610612753,ORL,2017-18,0.556,0.52,0.146,0.8,0.79,0.3,1.2,111.4,-13.6,0.098,0.091,0.209
201933,Blake Griffin,1610612765,DET,2017-18,0.544,0.493,0.285,5.8,2.02,0.7,0.3,107.0,1.9,0.144,0.036,0.175
1626246,Boban Marjanovic,1610612746,LAC,2017-18,0.616,0.534,0.276,0.6,0.61,0.3,0.3,103.5,6.3,0.166,0.151,0.274
201628,Bobby Brown,1610612745,HOU,2017-18,0.425,0.422,0.252,0.6,1.22,0.2,0.0,115.5,-24.5,0.039,0.0,0.061
1626171,Bobby Portis,1610612741,CHI,2017-18,0.548,0.52,0.25,1.7,1.19,0.7,0.3,109.5,-2.1,0.133,0.089,0.207
203992,Bogdan Bogdanović,1610612758,SAC,2017-18,0.556,0.529,0.192,3.3,2.06,0.9,0.2,111.2,-8.6,0.087,0.014,0.094
202711,Bojan Bogdanovic,1610612754,IND,2017-18,0.605,0.565,0.185,1.5,1.12,0.7,0.1,104.9,1.5,0.091,0.012,0.097
203078,Bradley Beal,1610612764,WAS,2017-18,0.564,0.527,0.268,4.5,1.74,1.2,0.4,106.3,2.4,0.125,0.021,0.101
201148,Brandan Wright,1610612745,HOU,2017-18,0.596,0.578,0.14,0.5,1.63,0.5,0.9,97.7,5.3,0.14,0.086,0.161
1627742,Brandon Ingram,1610612747,LAL,2017-18,0.536,0.497,0.218,3.9,1.54,0.8,0.7,107.5,-2.7,0.096,0.027,0.121
201943,Brandon Jennings,1610612749,MIL,2017-18,0.478,0.438,0.191,3.1,2.44,0.4,0.3,110.8,-13.1,0.097,0.022,0.131
203464,Brandon Paul,1610612759,SAS,2017-18,0.504,0.492,0.131,0.6,1.28,0.4,0.1,98.5,0.3,0.051,0.011,0.109
1627362,Briante Weber,1610612763,MEM,2017-18,0.527,0.488,0.111,1.2,1.47,1.0,0.3,121.0,-21.6,0.058,0.03,0.13
1627744,Brice Johnson,1610612763,MEM,2017-18,0.486,0.476,0.193,0.1,0.4,0.5,0.3,100.9,-2.3,0.106,0.08,0.227
201572,Brook Lopez,1610612747,LAL,2017-18,0.557,0.536,0.23,1.7,1.29,0.4,1.3,108.6,-2.3,0.092,0.041,0.12
203998,Bruno Caboclo,1610612758,SAC,2017-18,0.386,0.339,0.152,0.3,1.0,0.3,0.3,97.1,2.4,0.052,0.062,0.146
1627854,Bryn Forbes,1610612759,SAS,2017-18,0.525,0.51,0.159,1.0,2.16,0.4,0.0,102.8,3.5,0.055,0.008,0.065
1627741,Buddy Hield,1610612758,SAC,2017-18,0.557,0.54,0.236,1.9,1.25,1.1,0.3,107.2,-4.1,0.109,0.027,0.129
203710,C.J. Williams,1610612746,LAC,2017-18,0.512,0.497,0.134,1.1,2.15,0.8,0.3,106.7,-1.2,0.053,0.017,0.058
203468,CJ McCollum,1610612757,POR,2017-18,0.536,0.506,0.259,3.4,1.8,1.0,0.4,105.8,1.6,0.109,0.017,0.089
101139,CJ Miles,1610612761,TOR,2017-18,0.545,0.516,0.214,0.8,1.41,0.5,0.3,101.8,8.0,0.077,0.013,0.097
1628403,Caleb Swanigan,1610612757,POR,2017-18,0.449,0.408,0.189,0.5,0.78,0.2,0.1,99.0,-3.1,0.054,0.075,0.207
1626166,Cameron Payne,1610612741,CHI,2017-18,0.498,0.486,0.183,4.5,3.14,1.0,0.4,110.7,-7.5,0.088,0.027,0.089
1627747,Caris LeVert,1610612751,BKN,2017-18,0.525,0.493,0.216,4.2,1.95,1.2,0.3,108.2,-6.4,0.099,0.026,0.104
2546,Carmelo Anthony,1610612760,OKC,2017-18,0.503,0.476,0.223,1.3,1.04,0.6,0.6,106.4,5.2,0.086,0.025,0.158
1626224,Cedi Osman,1610612739,CLE,2017-18,0.577,0.57,0.151,0.7,1.28,0.4,0.0,107.9,3.9,0.067,0.028,0.149
202718,Chandler Parsons,1610612763,MEM,2017-18,0.578,0.571,0.18,1.9,1.97,0.5,0.3,111.7,-6.0,0.092,0.021,0.117
101112,Channing Frye,1610612747,LAL,2017-18,0.599,0.583,0.151,0.7,1.81,0.3,0.2,103.7,8.2,0.092,0.019,0.164
1628429,Charles Cooke,1610612740,NOP,2017-18,0.202,0.179,0.163,0.1,1.0,0.1,0.0,100.0,-15.7,-0.034,0.0,0.049
1627767,Cheick Diallo,1610612740,NOP,2017-18,0.619,0.58,0.168,0.4,0.68,0.2,0.4,110.0,-7.4,0.118,0.079,0.262
1627778,Chinanu Onuaku,1610612745,HOU,2017-18,0.4,0.4,0.182,1.0,0.33,0.0,0.0,97.6,-17.6,-0.033,0.045,0.136
1628449,Chris Boucher,1610612744,GSW,2017-18,0.0,0.0,0.333,0.0,0.0,0.0,0.0,100.0,-100.0,0.0,0.0,1.0
1626191,Chris McCullough,1610612764,WAS,2017-18,0.478,0.44,0.219,0.2,2.0,0.0,0.3,111.2,-12.2,0.103,0.07,0.188
101108,Chris Paul,1610612745,HOU,2017-18,0.604,0.55,0.241,7.9,3.57,1.7,0.2,103.3,13.2,0.166,0.02,0.151
203991,Clint Capela,1610612745,HOU,2017-18,0.65,0.652,0.19,0.9,0.66,0.8,1.9,104.9,9.3,0.155,0.119,0.278
203469,Cody Zeller,1610612766,CHA,2017-18,0.602,0.551,0.152,0.9,0.94,0.4,0.6,104.7,2.1,0.096,0.097,0.184
202332,Cole Aldrich,1610612750,MIN,2017-18,0.34,0.333,0.151,0.1,3.0,0.1,0.0,102.7,-1.8,0.028,0.057,0.286
201147,Corey Brewer,1610612760,OKC,2017-18,0.534,0.498,0.136,0.9,1.33,1.1,0.2,108.1,-2.3,0.059,0.033,0.089
202709,Cory Joseph,1610612754,IND,2017-18,0.503,0.479,0.143,3.2,2.99,1.0,0.2,106.5,-1.1,0.078,0.017,0.101
201584,Courtney Lee,1610612752,NYK,2017-18,0.564,0.529,0.165,2.4,2.14,1.1,0.2,110.8,-5.5,0.085,0.013,0.082
1626245,Cristiano Felicio,1610612741,CHI,2017-18,0.614,0.591,0.133,1.0,1.02,0.3,0.2,111.2,-16.4,0.082,0.076,0.158
1626156,D'Angelo Russell,1610612751,BKN,2017-18,0.509,0.481,0.295,5.2,1.69,0.8,0.4,112.4,-7.2,0.109,0.023,0.122
201571,D.J. Augustin,1610612753,ORL,2017-18,0.615,0.557,0.182,3.8,2.33,0.7,0.0,106.3,-3.8,0.107,0.016,0.072
1628391,D.J. Wilson,1610612749,MIL,2017-18,0.622,0.625,0.127,0.1,0.75,0.1,0.0,112.9,-30.7,0.065,0.029,0.157
1626177,Dakari Johnson,1610612760,OKC,2017-18,0.575,0.564,0.139,0.3,2.67,0.2,0.3,87.3,10.9,0.089,0.099,0.111
1627745,Damian Jones,1610612744,GSW,2017-18,0.517,0.5,0.143,0.1,0.5,0.1,0.2,97.8,0.5,0.033,0.06,0.093
203081,Damian Lillard,1610612757,POR,2017-18,0.594,0.519,0.295,6.6,2.33,1.1,0.4,104.5,6.1,0.165,0.022,0.094
2863,Damien Wilkins,1610612754,IND,2017-18,0.405,0.385,0.125,0.5,1.8,0.1,0.1,103.6,7.0,0.034,0.031,0.072
1627814,Damion Lee,1610612737,ATL,2017-18,0.489,0.457,0.182,1.9,2.07,1.3,0.1,104.3,-3.6,0.086,0.024,0.138
1628422,Damyean Dotson,1610612752,NYK,2017-18,0.532,0.516,0.169,0.7,1.82,0.3,0.0,101.4,-2.8,0.092,0.018,0.142
1627772,Daniel Hamilton,1610612760,OKC,2017-18,0.545,0.545,0.2,1.3,4.0,0.2,0.0,101.8,-22.8,0.186,0.0,0.167
1628464,Daniel Theis,1610612738,BOS,2017-18,0.616,0.579,0.15,0.9,1.0,0.5,0.8,101.9,1.2,0.105,0.092,0.189
201568,Danilo Gallinari,1610612746,LAC,2017-18,0.545,0.469,0.205,2.0,1.58,0.6,0.5,104.2,0.3,0.103,0.013,0.133
201980,Danny Green,1610612759,SAS,2017-18,0.509,0.49,0.163,1.6,1.49,0.9,1.1,102.7,2.4,0.073,0.022,0.115
201967,Dante Cunningham,1610612751,BKN,2017-18,0.539,0.53,0.114,0.7,1.45,0.5,0.4,107.3,-1.1,0.065,0.049,0.133
203957,Danté Exum,1610612762,UTA,2017-18,0.566,0.511,0.223,3.1,2.15,0.6,0.2,98.4,8.1,0.117,0.018,0.083
1627863,Danuel House Jr.,1610612756,PHX,2017-18,0.533,0.492,0.16,1.1,2.27,0.3,0.3,103.4,3.2,0.091,0.032,0.14
203967,Dario Šarić,1610612755,PHI,2017-18,0.582,0.541,0.204,2.6,1.36,0.7,0.3,103.0,5.9,0.115,0.067,0.147
203121,Darius Miller,1610612740,NOP,2017-18,0.617,0.594,0.124,1.4,1.91,0.3,0.2,108.7,-0.6,0.056,0.009,0.07
201589,Darrell Arthur,1610612743,DEN,2017-18,0.559,0.553,0.188,0.5,0.6,0.4,0.2,110.1,-10.5,0.039,0.021,0.087
201954,Darren Collison,1610612754,IND,2017-18,0.61,0.571,0.17,5.3,4.28,1.3,0.2,107.5,2.6,0.114,0.019,0.072
1626199,Darrun Hilliard,1610612759,SAS,2017-18,0.362,0.263,0.119,0.8,2.75,0.1,0.0,106.6,5.6,0.026,0.0,0.08
1628021,David Nwaba,1610612741,CHI,2017-18,0.542,0.499,0.153,1.5,1.35,0.8,0.4,109.7,-5.8,0.075,0.05,0.142
204065,David Stockton,1610612762,UTA,2017-18,1.05,1.0,0.25,0.0,0.0,0.0,0.0,127.3,-46.3,0.12,0.0,0.0
2561,David West,1610612744,GSW,2017-18,0.6,0.575,0.223,1.9,1.73,0.6,1.0,101.7,1.9,0.145,0.072,0.163
202722,Davis Bertans,1610612759,SAS,2017-18,0.588,0.568,0.168,1.0,2.06,0.3,0.4,100.6,3.5,0.092,0.017,0.122
1628432,Davon Reed,1610612756,PHX,2017-18,0.388,0.362,0.158,0.6,1.3,0.5,0.1,105.4,-14.2,0.047,0.007,0.149
1628368,De'Aaron Fox,1610612758,SAC,2017-18,0.478,0.441,0.227,4.4,1.85,1.0,0.3,111.8,-10.2,0.074,0.016,0.087
201599,DeAndre Jordan,1610612746,LAC,2017-18,0.648,0.645,0.151,1.5,0.85,0.5,0.9,110.3,-2.4,0.152,0.132,0.339
202732,DeAndre Liggins,1610612740,NOP,2017-18,0.467,0.467,0.079,0.8,2.4,0.6,0.2,111.2,-13.2,0.035,0.01,0.1
1627761,DeAndre' Bembry,1610612737,ATL,2017-18,0.477,0.457,0.179,1.9,1.04,0.8,0.5,106.7,-7.5,0.063,0.017,0.142
201942,DeMar DeRozan,1610612761,TOR,2017-18,0.555,0.488,0.286,5.2,2.38,1.1,0.3,106.5,7.7,0.135,0.021,0.091
202326,DeMarcus Cousins,1610612740,NOP,2017-18,0.583,0.53,0.318,5.4,1.06,1.6,1.6,106.6,1.9,0.167,0.065,0.292
201960,DeMarre Carroll,1610612751,BKN,2017-18,0.55,0.506,0.194,2.0,1.43,0.8,0.4,107.8,-1.2,0.101,0.045,0.165
1627749,Dejounte Murray,1610612759,SAS,2017-18,0.485,0.451,0.201,2.9,1.72,1.2,0.4,98.7,4.3,0.117,0.061,0.196
1626153,Delon Wright,1610612761,TOR,2017-18,0.574,0.53,0.169,2.9,2.56,1.0,0.5,102.7,7.3,0.116,0.031,0.107
1627743,Demetrius Jackson,1610612755,PHI,2017-18,0.424,0.417,0.156,0.6,0.9,0.3,0.1,110.3,-24.1,0.037,0.06,0.086
203471,Dennis Schröder,1610612737,ATL,2017-18,0.515,0.469,0.299,6.2,2.28,1.1,0.1,111.8,-6.7,0.116,0.021,0.081
1628372,Dennis Smith Jr.,1610612742,DAL,2017-18,0.473,0.446,0.28,5.2,1.85,1.0,0.3,110.1,-7.6,0.087,0.023,0.106
1627756,Denzel Valentine,1610612741,CHI,2017-18,0.527,0.517,0.17,3.2,2.46,0.8,0.1,108.6,-6.8,0.091,0.021,0.168
202324,Derrick Favors,1610612762,UTA,2017-18,0.593,0.573,0.181,1.3,1.16,0.7,1.1,102.6,3.6,0.119,0.097,0.167
1627884,Derrick Jones Jr.,1610612748,MIA,2017-18,0.48,0.425,0.124,0.5,1.29,0.2,0.7,103.2,-6.5,0.046,0.077,0.066
201565,Derrick Rose,1610612750,MIN,2017-18,0.507,0.454,0.245,1.5,1.06,0.3,0.2,113.9,-6.2,0.068,0.033,0.053
1628476,Derrick Walton Jr.,1610612748,MIA,2017-18,0.525,0.46,0.092,1.0,8.0,0.4,0.2,107.5,-10.5,0.082,0.014,0.095
1628401,Derrick White,1610612759,SAS,2017-18,0.646,0.606,0.146,0.5,1.5,0.2,0.2,87.5,13.5,0.124,0.034,0.128
202682,Derrick Williams,1610612747,LAL,2017-18,0.25,0.25,0.167,0.0,0.0,0.0,0.0,52.2,-18.8,0.0,0.0,0.143
1626164,Devin Booker,1610612756,PHX,2017-18,0.561,0.501,0.301,4.7,1.3,0.9,0.3,112.2,-9.3,0.123,0.013,0.112
2734,Devin Harris,1610612743,DEN,2017-18,0.563,0.499,0.194,2.1,2.0,0.7,0.2,105.3,4.1,0.076,0.009,0.085
1628421,Devin Robinson,1610612764,WAS,2017-18,0.333,0.333,0.083,0.0,0.0,1.0,0.0,85.2,28.6,0.085,0.095,0.25
203473,Dewayne Dedmon,1610612737,ATL,2017-18,0.599,0.577,0.166,1.5,1.06,0.6,0.8,108.3,-5.1,0.119,0.065,0.249
1627738,Deyonta Davis,1610612763,MEM,2017-18,0.621,0.608,0.144,0.6,1.25,0.2,0.6,109.3,-8.3,0.108,0.078,0.182
1628415,Dillon Brooks,1610612763,MEM,2017-18,0.531,0.501,0.184,1.6,1.09,0.9,0.2,107.4,-5.0,0.063,0.021,0.092
203079,Dion Waiters,1610612748,MIA,2017-18,0.487,0.461,0.25,3.8,1.61,0.8,0.3,106.2,-5.3,0.076,0.009,0.078
1717,Dirk Nowitzki,1610612742,DAL,2017-18,0.575,0.547,0.199,1.6,2.35,0.6,0.6,107.5,-2.0,0.119,0.012,0.227
1627734,Domantas Sabonis,1610612754,IND,2017-18,0.567,0.524,0.214,2.0,1.1,0.5,0.4,105.8,1.4,0.121,0.093,0.227
1628378,Donovan Mitchell,1610612762,UTA,2017-18,0.541,0.506,0.283,3.7,1.35,1.5,0.3,101.5,6.8,0.109,0.02,0.093
1627827,Dorian Finney-Smith,1610612742,DAL,2017-18,0.482,0.463,0.144,1.2,1.24,0.5,0.2,102.7,-2.7,0.051,0.043,0.121
203926,Doug McDermott,1610612742,DAL,2017-18,0.579,0.557,0.144,1.0,1.41,0.2,0.2,105.1,-1.2,0.069,0.022,0.087
1627733,Dragan Bender,1610612756,PHX,2017-18,0.524,0.508,0.125,1.6,1.16,0.3,0.6,110.9,-10.3,0.058,0.018,0.149
203110,Draymond Green,1610612744,GSW,2017-18,0.556,0.516,0.168,7.3,2.51,1.4,1.3,105.2,6.7,0.117,0.036,0.183
1628407,Dwayne Bacon,1610612766,CHA,2017-18,0.431,0.404,0.13,0.7,1.65,0.3,0.0,104.7,-0.2,0.058,0.005,0.158
202779,Dwight Buycks,1610612765,DET,2017-18,0.498,0.452,0.266,2.0,1.51,0.7,0.1,100.5,0.6,0.084,0.028,0.067
2730,Dwight Howard,1610612766,CHA,2017-18,0.577,0.556,0.238,1.3,0.5,0.6,1.6,108.2,1.4,0.136,0.101,0.295
203939,Dwight Powell,1610612742,DAL,2017-18,0.656,0.626,0.151,1.2,1.54,0.8,0.4,104.5,0.9,0.119,0.08,0.19
2548,Dwyane Wade,1610612748,MIA,2017-18,0.5,0.462,0.251,3.4,1.63,0.9,0.7,105.1,1.3,0.104,0.032,0.124
202734,E'Twaun Moore,1610612740,NOP,2017-18,0.593,0.585,0.158,2.3,1.83,1.0,0.1,106.1,2.6,0.073,0.023,0.065
202334,Ed Davis,1610612757,POR,2017-18,0.607,0.582,0.12,0.5,0.61,0.4,0.7,103.9,4.1,0.115,0.121,0.254
1628410,Edmond Sumner,1610612754,IND,2017-18,1.0,1.0,0.2,0.0,0.0,0.0,0.0,160.0,-120.0,0.235,0.0,0.5
202327,Ekpe Udoh,1610612762,UTA,2017-18,0.56,0.5,0.089,0.8,2.65,0.7,1.2,100.3,3.3,0.072,0.086,0.105
203901,Elfrid Payton,1610612756,PHX,2017-18,0.538,0.516,0.211,6.2,2.34,1.3,0.3,115.6,-11.7,0.108,0.033,0.117
2731,Emeka Okafor,1610612740,NOP,2017-18,0.545,0.505,0.133,0.3,0.62,0.3,1.0,102.7,0.3,0.096,0.12,0.175
1626144,Emmanuel Mudiay,1610612752,NYK,2017-18,0.474,0.433,0.231,3.2,1.82,0.6,0.2,111.5,-9.5,0.08,0.019,0.099
202683,Enes Freedom,1610612752,NYK,2017-18,0.63,0.592,0.212,1.5,0.86,0.5,0.5,111.5,-4.9,0.161,0.146,0.279
202339,Eric Bledsoe,1610612749,MIL,2017-18,0.582,0.536,0.254,5.0,1.71,2.0,0.6,107.9,2.7,0.125,0.023,0.1
201569,Eric Gordon,1610612745,HOU,2017-18,0.578,0.54,0.238,2.2,1.18,0.6,0.4,103.5,13.0,0.09,0.011,0.065
203961,Eric Moreland,1610612765,DET,2017-18,0.531,0.541,0.097,1.2,1.9,0.5,0.8,99.3,1.1,0.103,0.096,0.243
1628571,Erik McCree,1610612762,UTA,2017-18,0.0,0.0,0.158,0.0,0.0,0.3,0.0,127.8,-45.4,-0.031,0.0,0.2
101141,Ersan Ilyasova,1610612755,PHI,2017-18,0.558,0.526,0.183,1.3,1.25,0.9,0.4,106.1,0.9,0.099,0.067,0.161
203095,Evan Fournier,1610612753,ORL,2017-18,0.577,0.538,0.226,2.9,1.74,0.8,0.3,110.3,-3.2,0.093,0.012,0.084
202323,Evan Turner,1610612757,POR,2017-18,0.52,0.484,0.153,2.2,1.75,0.6,0.4,105.6,-1.1,0.071,0.014,0.1
1626163,Frank Kaminsky,1610612766,CHA,2017-18,0.545,0.501,0.202,1.6,1.95,0.5,0.2,110.0,-2.3,0.098,0.023,0.139
1628412,Frank Mason III,1610612758,SAC,2017-18,0.48,0.42,0.226,2.8,2.26,0.7,0.2,105.4,-1.7,0.091,0.03,0.107
1628373,Frank Ntilikina,1610612752,NYK,2017-18,0.437,0.414,0.166,3.2,1.91,0.8,0.2,104.6,-2.2,0.048,0.021,0.079
1627832,Fred VanVleet,1610612761,TOR,2017-18,0.556,0.525,0.188,3.2,3.28,0.9,0.3,101.1,11.1,0.111,0.016,0.102
1627788,Furkan Korkmaz,1610612755,PHI,2017-18,0.386,0.375,0.159,0.3,2.0,0.1,0.1,119.8,-29.3,0.01,0.02,0.123
202066,Garrett Temple,1610612758,SAC,2017-18,0.536,0.512,0.16,1.9,1.57,0.9,0.4,108.1,-7.4,0.065,0.013,0.084
203914,Gary Harris,1610612743,DEN,2017-18,0.597,0.57,0.204,2.9,1.63,1.8,0.2,108.2,3.5,0.098,0.016,0.061
1627780,Gary Payton II,1610612747,LAL,2017-18,0.443,0.446,0.162,0.9,3.0,0.3,0.1,104.9,4.9,0.058,0.056,0.144
201588,George Hill,1610612739,CLE,2017-18,0.58,0.543,0.161,2.8,2.11,0.9,0.4,111.8,-3.3,0.079,0.023,0.081
1627777,Georges Niang,1610612762,UTA,2017-18,0.379,0.364,0.19,0.3,1.0,0.2,0.0,98.6,-18.1,0.086,0.103,0.182
1627834,Georgios Papagiannis,1610612757,POR,2017-18,0.429,0.429,0.17,0.5,1.13,0.2,0.4,114.2,-3.7,0.071,0.1,0.216
101123,Gerald Green,1610612745,HOU,2017-18,0.566,0.54,0.219,0.6,0.81,0.6,0.4,102.7,4.6,0.088,0.016,0.124
1628492,Gian Clavell,1610612742,DAL,2017-18,0.53,0.5,0.147,0.4,1.5,0.3,0.0,89.6,14.8,0.045,0.016,0.102
203507,Giannis Antetokounmpo,1610612749,MIL,2017-18,0.598,0.545,0.307,4.8,1.62,1.5,1.4,106.5,2.8,0.186,0.06,0.218
203922,Glenn Robinson III,1610612754,IND,2017-18,0.529,0.506,0.119,0.7,3.4,0.6,0.0,103.9,-0.6,0.071,0.03,0.078
201609,Goran Dragic,1610612748,MIA,2017-18,0.543,0.502,0.25,4.8,2.16,0.8,0.2,106.0,0.2,0.115,0.023,0.105
202330,Gordon Hayward,1610612738,BOS,2017-18,0.5,0.5,0.154,0.0,0.0,0.0,0.0,81.8,27.3,0.048,0.0,0.2
203476,Gorgui Dieng,1610612750,MIN,2017-18,0.543,0.504,0.159,0.9,1.2,0.6,0.5,110.5,-6.6,0.093,0.078,0.201
202328,Greg Monroe,1610612738,BOS,2017-18,0.598,0.565,0.218,2.2,1.21,0.9,0.5,110.5,-9.6,0.153,0.104,0.244
1627824,Guerschon Yabusele,1610612738,BOS,2017-18,0.559,0.525,0.146,0.5,1.33,0.1,0.2,101.8,-0.8,0.08,0.065,0.152
203084,Harrison Barnes,1610612742,DAL,2017-18,0.539,0.494,0.247,2.0,1.29,0.6,0.2,109.5,-6.1,0.114,0.028,0.154
202355,Hassan Whiteside,1610612748,MIA,2017-18,0.573,0.542,0.235,1.0,0.59,0.7,1.7,105.0,-2.8,0.176,0.121,0.317
1627740,Henry Ellenson,1610612765,DET,2017-18,0.476,0.432,0.233,0.5,1.11,0.1,0.0,97.0,0.5,0.096,0.029,0.208
203546,Ian Clark,1610612740,NOP,2017-18,0.529,0.511,0.168,1.5,1.93,0.4,0.1,106.0,1.0,0.062,0.007,0.074
101133,Ian Mahinmi,1610612764,WAS,2017-18,0.601,0.556,0.15,0.7,0.53,0.5,0.5,105.2,1.4,0.061,0.118,0.156
1628387,Ike Anigbogu,1610612754,IND,2017-18,0.558,0.444,0.179,0.0,0.0,0.1,0.3,130.2,-25.5,0.109,0.152,0.138
202697,Iman Shumpert,1610612758,SAC,2017-18,0.48,0.44,0.125,1.2,1.06,0.6,0.3,103.1,5.4,0.049,0.026,0.113
203477,Isaiah Canaan,1610612756,PHX,2017-18,0.539,0.46,0.193,3.8,2.62,0.8,0.1,108.0,1.2,0.096,0.014,0.094
1628439,Isaiah Hicks,1610612752,NYK,2017-18,0.501,0.472,0.175,0.9,1.0,0.1,0.2,109.7,-7.7,0.033,0.041,0.118
1627819,Isaiah Taylor,1610612737,ATL,2017-18,0.492,0.444,0.195,3.1,2.45,0.5,0.1,103.9,-0.8,0.069,0.018,0.058
202738,Isaiah Thomas,1610612747,LAL,2017-18,0.508,0.438,0.276,4.8,1.61,0.5,0.1,114.8,-6.9,0.077,0.019,0.056
1627785,Isaiah Whitehead,1610612751,BKN,2017-18,0.53,0.506,0.274,1.3,0.83,0.5,0.1,99.0,-2.3,0.087,0.022,0.113
202397,Ish Smith,1610612765,DET,2017-18,0.525,0.507,0.203,4.4,3.33,0.8,0.2,105.9,0.8,0.106,0.013,0.095
1628397,Ivan Rabb,1610612763,MEM,2017-18,0.599,0.566,0.167,0.9,0.91,0.3,0.4,110.9,-8.4,0.111,0.102,0.216
1627826,Ivica Zubac,1610612747,LAL,2017-18,0.557,0.5,0.172,0.6,0.96,0.2,0.3,94.7,5.0,0.108,0.101,0.168
200826,J.J. Barea,1610612742,DAL,2017-18,0.545,0.522,0.243,6.3,3.03,0.5,0.0,106.8,0.7,0.133,0.009,0.12
200755,JJ Redick,1610612755,PHI,2017-18,0.614,0.569,0.206,3.0,2.04,0.5,0.1,102.4,7.0,0.108,0.004,0.071
2747,JR Smith,1610612739,CLE,2017-18,0.534,0.524,0.136,1.8,1.74,0.9,0.1,113.2,-2.3,0.052,0.013,0.092
203960,JaKarr Sampson,1610612758,SAC,2017-18,0.585,0.574,0.124,0.4,1.13,0.4,1.0,100.0,-0.1,0.087,0.058,0.161
203210,JaMychal Green,1610612763,MEM,2017-18,0.53,0.501,0.178,1.4,1.04,0.6,0.5,110.5,-8.0,0.101,0.096,0.218
201580,JaVale McGee,1610612744,GSW,2017-18,0.641,0.621,0.183,0.5,1.22,0.3,0.9,107.9,2.6,0.118,0.101,0.166
1628444,Jabari Bird,1610612738,BOS,2017-18,0.615,0.635,0.141,0.6,1.0,0.2,0.1,102.1,6.6,0.076,0.055,0.105
203953,Jabari Parker,1610612749,MIL,2017-18,0.55,0.529,0.228,1.9,1.31,0.8,0.3,109.7,-3.9,0.111,0.055,0.145
204022,Jack Cooley,1610612758,SAC,2017-18,0.566,0.481,0.185,0.9,2.0,0.1,0.0,100.0,-4.6,0.143,0.131,0.184
1626643,Jacob Pullen,1610612755,PHI,2017-18,0.5,0.5,0.188,0.0,0.0,0.0,0.0,62.5,4.2,0.0,0.0,0.0
1628451,Jacob Wiley,1610612751,BKN,2017-18,0.41,0.375,0.063,0.4,0.0,0.2,0.0,76.4,18.1,0.084,0.053,0.225
203109,Jae Crowder,1610612762,UTA,2017-18,0.525,0.486,0.169,1.2,1.34,0.8,0.3,107.2,0.6,0.061,0.029,0.103
1626143,Jahlil Okafor,1610612751,BKN,2017-18,0.584,0.562,0.216,0.4,0.57,0.1,0.6,115.2,-22.6,0.105,0.058,0.19
1627774,Jake Layman,1610612757,POR,2017-18,0.352,0.34,0.139,0.3,2.2,0.2,0.1,106.2,-11.5,0.027,0.024,0.078
1627751,Jakob Poeltl,1610612761,TOR,2017-18,0.662,0.66,0.143,0.7,0.67,0.5,1.2,103.7,8.3,0.097,0.107,0.15
1627883,Jalen Jones,1610612742,DAL,2017-18,0.485,0.456,0.193,0.3,0.57,0.3,0.1,115.9,-6.6,0.051,0.063,0.154
2037,Jamal Crawford,1610612750,MIN,2017-18,0.519,0.485,0.231,2.3,1.95,0.5,0.1,112.8,-4.5,0.079,0.013,0.05
1627750,Jamal Murray,1610612743,DEN,2017-18,0.576,0.529,0.223,3.4,1.59,1.0,0.3,110.2,3.7,0.096,0.033,0.087
1627866,Jameel Warney,1610612742,DAL,2017-18,0.599,0.583,0.234,0.0,0.0,0.0,0.0,113.2,-7.4,0.151,0.138,0.2
2749,Jameer Nelson,1610612765,DET,2017-18,0.489,0.473,0.137,3.6,2.67,0.5,0.1,108.7,-5.7,0.065,0.013,0.088
1628503,Jamel Artis,1610612753,ORL,2017-18,0.457,0.443,0.142,1.2,2.25,0.1,0.2,104.4,-0.9,0.062,0.013,0.119
203516,James Ennis III,1610612765,DET,2017-18,0.588,0.54,0.134,1.0,1.27,0.7,0.3,107.9,-5.6,0.073,0.045,0.096
201935,James Harden,1610612745,HOU,2017-18,0.619,0.541,0.353,8.8,2.0,1.8,0.7,106.2,10.0,0.194,0.017,0.137
201949,James Johnson,1610612748,MIA,2017-18,0.575,0.55,0.185,3.8,1.99,1.0,0.7,105.8,0.1,0.112,0.032,0.148
203949,James Michael McAdoo,1610612755,PHI,2017-18,0.508,0.429,0.22,0.0,0.0,0.0,0.3,100.0,2.6,0.046,0.0,0.125
1627821,James Webb III,1610612751,BKN,2017-18,0.333,0.333,0.099,0.4,1.0,0.1,0.0,111.3,-13.3,0.019,0.059,0.138
203923,James Young,1610612755,PHI,2017-18,0.511,0.464,0.131,0.3,2.0,0.0,0.0,110.6,-20.4,0.024,0.0,0.029
203966,Jamil Wilson,1610612746,LAC,2017-18,0.634,0.636,0.145,0.7,1.25,0.3,0.5,105.4,0.8,0.067,0.01,0.1
201162,Jared Dudley,1610612756,PHX,2017-18,0.553,0.512,0.102,1.6,2.79,0.5,0.2,106.4,0.1,0.062,0.011,0.126
204067,Jarell Eddie,1610612741,CHI,2017-18,0.0,0.0,0.091,0.0,0.0,0.3,0.0,100.0,-10.0,0.0,0.0,0.167
1626185,Jarell Martin,1610612763,MEM,2017-18,0.516,0.48,0.168,1.0,0.85,0.5,0.7,108.1,-7.6,0.066,0.057,0.139
1628386,Jarrett Allen,1610612751,BKN,2017-18,0.636,0.596,0.162,0.7,0.6,0.4,1.2,108.2,-4.1,0.108,0.096,0.157
101127,Jarrett Jack,1610612752,NYK,2017-18,0.489,0.455,0.164,5.6,3.03,0.6,0.1,109.0,-0.7,0.089,0.014,0.106
201160,Jason Smith,1610612764,WAS,2017-18,0.455,0.409,0.204,0.4,0.88,0.1,0.4,111.3,-15.8,0.046,0.06,0.122
1891,Jason Terry,1610612749,MIL,2017-18,0.525,0.513,0.097,1.2,2.36,0.8,0.3,105.5,1.5,0.047,0.006,0.056
1628393,Jawun Evans,1610612746,LAC,2017-18,0.421,0.381,0.17,2.1,2.27,0.8,0.1,104.1,2.1,0.046,0.011,0.092
1627759,Jaylen Brown,1610612738,BOS,2017-18,0.562,0.54,0.208,1.6,0.92,1.0,0.4,101.3,7.7,0.089,0.03,0.124
1628537,Jaylen Morris,1610612737,ATL,2017-18,0.438,0.438,0.154,1.2,1.17,0.3,0.2,105.0,-17.9,0.077,0.018,0.125
1628369,Jayson Tatum,1610612738,BOS,2017-18,0.586,0.538,0.192,1.6,1.12,1.0,0.7,100.8,6.9,0.108,0.021,0.138
201145,Jeff Green,1610612739,CLE,2017-18,0.587,0.52,0.19,1.3,1.32,0.5,0.4,106.2,3.7,0.09,0.034,0.095
201952,Jeff Teague,1610612750,MIN,2017-18,0.553,0.499,0.201,7.0,2.78,1.5,0.3,110.0,2.7,0.105,0.011,0.081
203481,Jeff Withey,1610612742,DAL,2017-18,0.444,0.438,0.2,0.0,0.0,0.0,0.3,81.0,25.0,0.084,0.023,0.22
203924,Jerami Grant,1610612760,OKC,2017-18,0.607,0.57,0.161,0.7,1.06,0.4,1.0,104.7,1.7,0.101,0.05,0.14
202379,Jeremy Evans,1610612737,ATL,2017-18,1.0,1.0,0.143,0.0,0.0,0.0,0.0,123.1,-23.1,0.025,0.143,0.0
203087,Jeremy Lamb,1610612766,CHA,2017-18,0.559,0.513,0.22,2.3,2.0,0.8,0.4,107.9,1.3,0.116,0.024,0.14
202391,Jeremy Lin,1610612751,BKN,2017-18,0.597,0.458,0.254,4.0,1.33,0.0,0.0,119.0,-9.5,0.071,0.0,0.0
1626170,Jerian Grant,1610612741,CHI,2017-18,0.528,0.476,0.172,4.6,3.84,0.9,0.1,109.1,-7.1,0.095,0.017,0.084
201573,Jerryd Bayless,1610612755,PHI,2017-18,0.546,0.519,0.146,1.4,1.17,0.6,0.2,105.5,-3.4,0.047,0.016,0.066
202710,Jimmy Butler III,1610612750,MIN,2017-18,0.59,0.512,0.245,4.9,2.67,2.0,0.4,106.4,8.3,0.151,0.038,0.112
201149,Joakim Noah,1610612752,NYK,2017-18,0.51,0.5,0.162,0.6,1.0,0.3,0.3,86.2,-1.9,0.114,0.128,0.2
201975,Jodie Meeks,1610612764,WAS,2017-18,0.548,0.491,0.179,0.9,1.89,0.4,0.1,109.2,-6.8,0.092,0.013,0.102
203925,Joe Harris,1610612751,BKN,2017-18,0.634,0.612,0.161,1.6,1.41,0.4,0.3,108.4,-3.3,0.089,0.024,0.101
204060,Joe Ingles,1610612762,UTA,2017-18,0.623,0.609,0.156,4.8,2.47,1.1,0.2,102.4,5.3,0.107,0.01,0.125
2207,Joe Johnson,1610612745,HOU,2017-18,0.49,0.461,0.157,1.5,1.69,0.3,0.1,104.9,-3.6,0.07,0.011,0.13
1626202,Joe Young,1610612754,IND,2017-18,0.521,0.497,0.169,0.7,1.5,0.3,0.0,106.7,-6.8,0.07,0.02,0.091
1627762,Joel Bolomboy,1610612749,MIL,2017-18,0.521,0.5,0.115,0.0,0.0,0.3,0.0,93.8,-18.1,0.071,0.133,0.121
203954,Joel Embiid,1610612755,PHI,2017-18,0.573,0.514,0.33,3.2,0.85,0.6,1.8,98.9,11.7,0.177,0.078,0.255
203530,Joffrey Lauvergne,1610612759,SAS,2017-18,0.536,0.516,0.192,0.7,1.24,0.2,0.1,106.3,-5.8,0.119,0.118,0.207
1628381,John Collins,1610612737,ATL,2017-18,0.62,0.591,0.174,1.3,0.93,0.6,1.1,107.3,-6.2,0.119,0.094,0.201
203089,John Henson,1610612749,MIL,2017-18,0.582,0.573,0.149,1.5,1.36,0.6,1.4,106.3,4.9,0.097,0.083,0.185
204066,John Holland,1610612739,CLE,2017-18,0.417,0.381,0.178,0.2,0.63,0.3,0.1,112.3,-8.8,0.034,0.036,0.104
202322,John Wall,1610612764,WAS,2017-18,0.515,0.466,0.281,9.6,2.49,1.4,1.1,106.1,3.8,0.13,0.016,0.088
1628405,Johnathan Motley,1610612742,DAL,2017-18,0.55,0.54,0.24,0.6,0.78,0.3,0.2,104.3,-3.4,0.126,0.071,0.2
203948,Johnny O'Bryant III,1610612766,CHA,2017-18,0.47,0.439,0.219,0.4,0.93,0.3,0.2,104.8,-10.7,0.08,0.063,0.173
202720,Jon Leuer,1610612765,DET,2017-18,0.505,0.417,0.151,0.6,0.71,0.1,0.4,94.9,1.8,0.07,0.049,0.179
201973,Jonas Jerebko,1610612762,UTA,2017-18,0.586,0.562,0.151,0.6,1.56,0.3,0.2,104.2,1.7,0.091,0.048,0.175
202685,Jonas Valančiūnas,1610612761,TOR,2017-18,0.628,0.59,0.222,1.1,0.7,0.4,0.9,107.2,5.6,0.151,0.106,0.263
1626780,Jonathan Gibson,1610612738,BOS,2017-18,0.739,0.739,0.28,1.0,1.33,0.0,0.0,113.8,0.2,0.115,0.0,0.071
1628371,Jonathan Isaac,1610612753,ORL,2017-18,0.465,0.434,0.149,0.7,0.67,1.2,1.1,101.8,-8.6,0.071,0.029,0.141
203613,Jonathon Simmons,1610612753,ORL,2017-18,0.555,0.511,0.215,2.5,1.17,0.8,0.2,111.4,-6.9,0.077,0.03,0.087
1628395,Jordan Bell,1610612744,GSW,2017-18,0.641,0.627,0.134,1.8,2.0,0.6,1.0,104.3,8.9,0.111,0.082,0.162
203903,Jordan Clarkson,1610612739,CLE,2017-18,0.542,0.509,0.253,2.7,1.74,0.7,0.1,106.5,-1.9,0.115,0.029,0.08
202348,Jordan Crawford,1610612740,NOP,2017-18,0.601,0.593,0.23,2.6,2.6,0.2,0.2,125.2,-14.5,0.09,0.036,0.036
1626175,Jordan Mickey,1610612748,MIA,2017-18,0.515,0.488,0.168,0.4,0.5,0.3,0.4,107.4,-6.0,0.08,0.065,0.226
101181,Jose Calderon,1610612739,CLE,2017-18,0.643,0.624,0.118,2.1,2.85,0.5,0.0,107.7,3.2,0.067,0.017,0.079
1627982,Josh Gray,1610612756,PHX,2017-18,0.349,0.305,0.243,2.4,1.71,1.6,0.4,116.7,-35.1,0.041,0.017,0.104
1628404,Josh Hart,1610612747,LAL,2017-18,0.596,0.573,0.133,1.3,1.7,0.7,0.3,108.3,-1.9,0.088,0.028,0.143
203962,Josh Huestis,1610612760,OKC,2017-18,0.417,0.42,0.095,0.3,0.77,0.2,0.6,103.2,6.0,0.032,0.042,0.117
1628367,Josh Jackson,1610612756,PHX,2017-18,0.48,0.448,0.253,1.5,0.82,1.0,0.5,110.3,-11.7,0.072,0.044,0.123
203705,Josh Magette,1610612737,ATL,2017-18,0.464,0.413,0.119,3.2,6.33,0.4,0.1,103.6,-0.5,0.085,0.009,0.079
201177,Josh McRoberts,1610612742,DAL,2017-18,0.0,0.0,0.071,0.0,0.0,0.0,0.0,100.0,-14.3,-0.128,0.0,0.0
1626196,Josh Richardson,1610612748,MIA,2017-18,0.551,0.523,0.176,2.9,1.65,1.5,0.9,104.2,0.8,0.086,0.025,0.08
2746,Josh Smith,1610612740,NOP,2017-18,0.25,0.25,0.118,0.0,0.0,0.0,0.0,107.4,-34.3,-0.045,0.136,0.1
201950,Jrue Holiday,1610612740,NOP,2017-18,0.57,0.543,0.225,6.0,2.28,1.5,0.8,104.5,4.9,0.118,0.022,0.095
1627823,Juancho Hernangomez,1610612743,DEN,2017-18,0.511,0.48,0.134,0.5,1.33,0.2,0.1,109.2,-4.2,0.061,0.062,0.139
203944,Julius Randle,1610612747,LAL,2017-18,0.606,0.563,0.251,2.6,0.99,0.5,0.5,108.4,-1.4,0.135,0.082,0.202
202933,Julyan Stone,1610612766,CHA,2017-18,0.684,0.692,0.051,1.1,3.71,0.2,0.1,97.3,9.3,0.06,0.005,0.153
1626147,Justin Anderson,1610612755,PHI,2017-18,0.54,0.515,0.188,0.7,1.56,0.4,0.2,105.4,-7.2,0.087,0.046,0.12
203200,Justin Holiday,1610612741,CHI,2017-18,0.513,0.474,0.177,2.1,1.65,1.1,0.4,108.2,-4.0,0.069,0.013,0.114
1628382,Justin Jackson,1610612758,SAC,2017-18,0.521,0.51,0.139,1.1,1.85,0.4,0.2,108.8,-7.6,0.064,0.018,0.109
1628383,Justin Patton,1610612750,MIN,2017-18,0.5,0.5,0.2,0.0,0.0,1.0,0.0,90.0,30.0,0.057,0.0,0.0
1626159,Justise Winslow,1610612748,MIA,2017-18,0.496,0.474,0.158,2.2,1.92,0.8,0.5,102.9,1.0,0.092,0.037,0.178
203994,Jusuf Nurkić,1610612757,POR,2017-18,0.528,0.505,0.257,1.8,0.78,0.8,1.4,103.1,3.6,0.127,0.087,0.237
1628443,Kadeem Allen,1610612738,BOS,2017-18,0.366,0.273,0.132,0.7,1.33,0.2,0.1,100.0,-8.4,0.006,0.034,0.067
1626157,Karl-Anthony Towns,1610612750,MIN,2017-18,0.646,0.596,0.225,2.4,1.25,0.8,1.4,109.2,6.1,0.165,0.085,0.272
202695,Kawhi Leonard,1610612759,SAS,2017-18,0.572,0.518,0.304,2.3,1.31,2.0,1.0,95.4,3.9,0.182,0.029,0.159
1627770,Kay Felder,1610612765,DET,2017-18,0.379,0.329,0.28,1.3,1.25,0.2,0.1,105.4,-15.1,0.038,0.019,0.108
203482,Kelly Olynyk,1610612748,MIA,2017-18,0.612,0.58,0.213,2.7,1.41,0.8,0.5,104.6,5.3,0.122,0.052,0.2
1626162,Kelly Oubre Jr.,1610612764,WAS,2017-18,0.534,0.482,0.188,1.2,1.09,1.0,0.4,108.2,-2.4,0.079,0.026,0.136
202689,Kemba Walker,1610612766,CHA,2017-18,0.572,0.516,0.267,5.6,2.48,1.1,0.3,108.0,3.3,0.131,0.011,0.077
2570,Kendrick Perkins,1610612739,CLE,2017-18,0.521,0.5,0.118,2.0,2.0,1.0,0.0,116.1,18.4,0.042,0.0,0.091
202702,Kenneth Faried,1610612743,DEN,2017-18,0.552,0.514,0.173,0.6,0.78,0.4,0.4,108.1,-5.0,0.108,0.135,0.193
203145,Kent Bazemore,1610612737,ATL,2017-18,0.547,0.5,0.221,3.5,1.45,1.5,0.7,108.9,-4.5,0.099,0.014,0.124
203484,Kentavious Caldwell-Pope,1610612747,LAL,2017-18,0.561,0.526,0.165,2.2,1.67,1.4,0.2,107.4,-0.9,0.092,0.023,0.127
201142,Kevin Durant,1610612744,GSW,2017-18,0.64,0.586,0.293,5.4,1.77,0.7,1.8,108.9,7.0,0.168,0.015,0.169
201567,Kevin Love,1610612739,CLE,2017-18,0.614,0.552,0.248,1.7,1.14,0.7,0.4,111.3,1.4,0.15,0.065,0.274
1626172,Kevon Looney,1610612744,GSW,2017-18,0.588,0.583,0.121,0.6,1.35,0.5,0.8,104.6,6.1,0.079,0.094,0.135
203920,Khem Birch,1610612753,ORL,2017-18,0.582,0.54,0.131,0.8,1.62,0.4,0.5,104.0,0.8,0.109,0.114,0.191
203114,Khris Middleton,1610612749,MIL,2017-18,0.577,0.524,0.239,4.0,1.72,1.5,0.3,108.7,1.6,0.114,0.016,0.133
202691,Klay Thompson,1610612744,GSW,2017-18,0.599,0.586,0.232,2.5,1.45,0.8,0.5,105.6,7.1,0.103,0.014,0.089
1628424,Kobi Simmons,1610612763,MEM,2017-18,0.49,0.452,0.163,2.1,1.55,0.6,0.2,117.7,-17.0,0.046,0.021,0.062
201585,Kosta Koufos,1610612758,SAC,2017-18,0.566,0.571,0.15,1.2,1.78,0.7,0.5,106.8,-8.0,0.124,0.1,0.236
1627739,Kris Dunn,1610612741,CHI,2017-18,0.488,0.462,0.245,6.0,2.07,2.0,0.5,110.6,-8.0,0.095,0.015,0.131
204001,Kristaps Porziņģis,1610612752,NYK,2017-18,0.539,0.489,0.305,1.2,0.61,0.8,2.4,106.7,0.4,0.125,0.039,0.154
203937,Kyle Anderson,1610612759,SAS,2017-18,0.582,0.549,0.133,2.7,2.15,1.6,0.8,102.0,3.3,0.111,0.043,0.158
1627858,Kyle Collinsworth,1610612742,DAL,2017-18,0.433,0.404,0.124,1.8,2.33,0.5,0.3,107.4,-2.1,0.066,0.06,0.162
2594,Kyle Korver,1610612739,CLE,2017-18,0.652,0.628,0.154,1.2,1.6,0.4,0.4,104.5,7.8,0.083,0.006,0.093
1628398,Kyle Kuzma,1610612747,LAL,2017-18,0.549,0.527,0.219,1.8,1.01,0.6,0.4,107.5,-2.2,0.104,0.035,0.154
200768,Kyle Lowry,1610612761,TOR,2017-18,0.598,0.553,0.211,6.9,2.93,1.1,0.2,105.5,7.6,0.136,0.026,0.142
203124,Kyle O'Quinn,1610612752,NYK,2017-18,0.625,0.589,0.168,2.1,1.58,0.5,1.3,106.8,-1.1,0.137,0.09,0.242
202713,Kyle Singler,1610612760,OKC,2017-18,0.43,0.381,0.219,0.2,0.67,0.1,0.0,92.7,0.7,0.049,0.016,0.143
202681,Kyrie Irving,1610612738,BOS,2017-18,0.61,0.568,0.298,5.1,2.2,1.1,0.3,104.3,5.6,0.165,0.017,0.096
200746,LaMarcus Aldridge,1610612759,SAS,2017-18,0.57,0.52,0.288,2.0,1.37,0.6,1.2,103.3,5.4,0.159,0.098,0.156
202362,Lance Stephenson,1610612754,IND,2017-18,0.495,0.475,0.208,2.9,1.79,0.6,0.2,109.4,-3.2,0.097,0.033,0.203
202498,Lance Thomas,1610612752,NYK,2017-18,0.513,0.476,0.106,0.6,1.07,0.4,0.2,107.3,-5.9,0.037,0.033,0.098
204038,Langston Galloway,1610612765,DET,2017-18,0.503,0.481,0.188,1.0,3.22,0.6,0.1,97.6,4.2,0.086,0.014,0.089
203580,Larry Drew II,1610612740,NOP,2017-18,0.354,0.354,0.17,1.0,3.33,0.0,0.0,109.8,-9.1,0.009,0.045,0.0
1626204,Larry Nance Jr.,1610612739,CLE,2017-18,0.605,0.584,0.155,1.2,1.61,1.3,0.6,103.9,1.0,0.128,0.107,0.199
1628374,Lauri Markkanen,1610612741,CHI,2017-18,0.552,0.518,0.215,1.2,0.95,0.6,0.6,110.5,-9.0,0.114,0.037,0.217
2544,LeBron James,1610612739,CLE,2017-18,0.621,0.59,0.31,9.1,2.15,1.4,0.9,112.1,1.6,0.191,0.033,0.201
1628506,London Perrantes,1610612739,CLE,2017-18,0.23,0.154,0.101,0.4,5.0,0.1,0.1,122.0,-16.0,-0.008,0.015,0.064
1628366,Lonzo Ball,1610612747,LAL,2017-18,0.444,0.44,0.169,7.2,2.76,1.7,0.8,105.3,-0.6,0.098,0.036,0.153
203485,Lorenzo Brown,1610612761,TOR,2017-18,0.459,0.441,0.123,0.9,4.33,0.4,0.0,90.7,14.3,0.076,0.008,0.097
101150,Lou Williams,1610612746,LAC,2017-18,0.574,0.505,0.285,5.3,1.78,1.1,0.2,110.2,1.6,0.127,0.015,0.059
201601,Luc Mbah a Moute,1610612745,HOU,2017-18,0.595,0.572,0.128,0.9,0.81,1.2,0.4,101.7,9.7,0.067,0.015,0.102
203512,Lucas Nogueira,1610612761,TOR,2017-18,0.661,0.644,0.114,0.4,1.38,0.5,0.9,96.2,9.3,0.106,0.044,0.16
1626242,Luis Montero,1610612765,DET,2017-18,0.0,0.0,0.167,0.0,0.0,0.0,0.0,94.1,-29.4,-0.031,0.0,0.222
202337,Luke Babbitt,1610612748,MIA,2017-18,0.576,0.563,0.147,0.6,1.63,0.2,0.1,108.3,-2.7,0.068,0.01,0.123
1628379,Luke Kennard,1610612765,DET,2017-18,0.56,0.53,0.169,1.7,1.8,0.6,0.2,103.2,3.9,0.086,0.014,0.104
1628436,Luke Kornet,1610612752,NYK,2017-18,0.516,0.504,0.189,1.3,2.17,0.3,0.8,111.5,-9.3,0.083,0.032,0.158
2736,Luol Deng,1610612747,LAL,2017-18,0.5,0.5,0.091,1.0,1.0,1.0,0.0,110.0,-20.3,0.039,0.0,0.0
1627781,Malachi Richardson,1610612761,TOR,2017-18,0.446,0.4,0.149,0.5,1.3,0.4,0.0,108.0,-7.8,0.035,0.015,0.097
1627763,Malcolm Brogdon,1610612749,MIL,2017-18,0.578,0.547,0.189,3.2,2.3,0.9,0.3,109.2,-2.1,0.094,0.017,0.097
1627098,Malcolm Delaney,1610612737,ATL,2017-18,0.519,0.463,0.166,3.0,2.47,0.6,0.1,106.4,-4.5,0.081,0.009,0.09
1626259,Malcolm Miller,1610612761,TOR,2017-18,0.638,0.607,0.114,0.2,0.6,0.1,0.1,102.3,2.7,0.054,0.031,0.09
1627736,Malik Beasley,1610612743,DEN,2017-18,0.509,0.489,0.151,0.5,1.29,0.2,0.1,105.3,-1.0,0.06,0.023,0.095
1628370,Malik Monk,1610612766,CHA,2017-18,0.477,0.458,0.241,1.4,1.86,0.3,0.1,112.6,-11.8,0.063,0.008,0.069
1628493,Mangok Mathiang,1610612766,CHA,2017-18,0.538,0.571,0.137,0.0,0.0,0.3,0.0,95.2,0.1,0.129,0.136,0.333
1938,Manu Ginobili,1610612759,SAS,2017-18,0.553,0.503,0.205,2.5,1.55,0.7,0.2,105.6,2.1,0.085,0.015,0.093
202705,MarShon Brooks,1610612763,MEM,2017-18,0.629,0.593,0.271,3.6,1.56,1.6,0.4,115.7,-0.4,0.147,0.039,0.077
201188,Marc Gasol,1610612763,MEM,2017-18,0.532,0.473,0.255,4.2,1.57,0.7,1.4,109.7,-6.9,0.14,0.033,0.225
101162,Marcin Gortat,1610612764,WAS,2017-18,0.546,0.518,0.153,1.8,1.53,0.5,0.7,105.3,2.1,0.104,0.089,0.213
201158,Marco Belinelli,1610612755,PHI,2017-18,0.581,0.539,0.197,1.9,1.57,0.8,0.2,106.8,-1.4,0.093,0.01,0.066
1627875,Marcus Georges-Hunt,1610612750,MIN,2017-18,0.515,0.479,0.111,0.2,2.33,0.1,0.0,109.9,-4.4,0.017,0.03,0.043
202694,Marcus Morris Sr.,1610612738,BOS,2017-18,0.541,0.499,0.222,1.3,1.11,0.6,0.2,105.3,0.7,0.106,0.029,0.166
1627779,Marcus Paige,1610612766,CHA,2017-18,0.403,0.357,0.224,0.6,0.0,0.0,0.0,105.2,15.9,0.077,0.0,0.167
203935,Marcus Smart,1610612738,BOS,2017-18,0.479,0.44,0.187,4.8,2.01,1.3,0.4,99.6,6.2,0.075,0.026,0.085
201596,Mario Chalmers,1610612763,MEM,2017-18,0.503,0.439,0.186,3.0,1.68,1.2,0.2,104.8,-2.5,0.072,0.009,0.104
1626209,Mario Hezonja,1610612753,ORL,2017-18,0.544,0.515,0.197,1.4,1.23,1.1,0.4,109.6,-6.0,0.094,0.024,0.144
203900,Markel Brown,1610612745,HOU,2017-18,0.357,0.357,0.132,0.5,1.0,0.0,0.0,118.8,-25.1,-0.013,0.029,0.108
1628365,Markelle Fultz,1610612755,PHI,2017-18,0.416,0.405,0.218,3.8,3.12,0.9,0.3,96.1,4.8,0.094,0.039,0.105
202693,Markieff Morris,1610612764,WAS,2017-18,0.566,0.536,0.194,1.9,1.12,0.8,0.5,107.7,0.7,0.092,0.04,0.173
1627737,Marquese Chriss,1610612756,PHX,2017-18,0.509,0.482,0.176,1.2,0.78,0.7,1.0,109.2,-8.4,0.075,0.046,0.2
203104,Marquis Teague,1610612763,MEM,2017-18,0.302,0.281,0.121,4.3,4.33,1.3,0.0,117.7,-19.7,0.039,0.012,0.072
201578,Marreese Speights,1610612753,ORL,2017-18,0.539,0.519,0.265,0.8,1.0,0.2,0.4,103.4,1.6,0.089,0.03,0.152
1627850,Marshall Plumlee,1610612749,MIL,2017-18,0.697,0.333,0.111,0.3,0.67,0.0,0.1,89.6,1.5,0.083,0.074,0.245
101107,Marvin Williams,1610612766,CHA,2017-18,0.603,0.57,0.145,1.2,1.45,0.7,0.5,107.1,1.6,0.093,0.036,0.14
203486,Mason Plumlee,1610612743,DEN,2017-18,0.586,0.601,0.161,1.9,1.39,0.7,1.1,108.2,-0.7,0.098,0.092,0.182
1627856,Matt Costello,1610612759,SAS,2017-18,0.5,0.5,0.071,0.5,2.0,0.5,0.5,100.0,26.6,0.057,0.04,0.276
1628475,Matt Williams Jr.,1610612748,MIA,2017-18,0.417,0.417,0.28,0.0,0.0,0.0,0.0,54.2,66.7,0.0,0.0,0.083
203521,Matthew Dellavedova,1610612749,MIL,2017-18,0.5,0.457,0.134,3.8,2.96,0.4,0.0,109.7,-5.5,0.061,0.021,0.075
203090,Maurice Harkless,1610612757,POR,2017-18,0.596,0.577,0.123,0.9,1.33,0.8,0.7,105.5,-0.2,0.072,0.036,0.09
1628467,Maxi Kleber,1610612742,DAL,2017-18,0.576,0.553,0.135,0.7,1.7,0.4,0.7,105.3,-3.6,0.08,0.055,0.137
203086,Meyers Leonard,1610612757,POR,2017-18,0.676,0.66,0.155,0.5,1.7,0.2,0.0,112.1,-8.8,0.12,0.047,0.251
201563,Michael Beasley,1610612752,NYK,2017-18,0.556,0.528,0.261,1.7,0.86,0.5,0.6,110.6,-4.0,0.122,0.057,0.191
203487,Michael Carter-Williams,1610612766,CHA,2017-18,0.446,0.362,0.166,2.2,2.23,0.8,0.4,106.9,-3.5,0.07,0.04,0.131
203077,Michael Kidd-Gilchrist,1610612766,CHA,2017-18,0.536,0.504,0.159,1.0,1.34,0.7,0.4,107.2,1.8,0.074,0.044,0.115
201144,Mike Conley,1610612763,MEM,2017-18,0.52,0.452,0.26,4.1,2.72,1.0,0.3,105.1,-2.6,0.109,0.0,0.07
1628455,Mike James,1610612740,NOP,2017-18,0.469,0.424,0.237,3.5,2.57,0.8,0.2,106.1,-2.6,0.1,0.017,0.104
203488,Mike Muscala,1610612737,ATL,2017-18,0.597,0.558,0.149,1.0,1.21,0.6,0.5,107.9,-4.4,0.096,0.049,0.152
203118,Mike Scott,1610612764,WAS,2017-18,0.599,0.59,0.194,1.1,1.01,0.3,0.1,107.6,-2.0,0.096,0.036,0.141
203101,Miles Plumlee,1610612737,ATL,2017-18,0.574,0.583,0.127,0.8,0.71,0.3,0.5,106.4,-7.3,0.071,0.082,0.16
1628462,Milos Teodosic,1610612746,LAC,2017-18,0.564,0.542,0.178,4.6,2.15,0.5,0.1,107.4,2.4,0.079,0.014,0.09
1628495,Milton Doyle,1610612751,BKN,2017-18,0.337,0.319,0.173,1.0,5.0,0.6,0.2,101.9,-5.3,0.03,0.021,0.125
1627851,Mindaugas Kuzminskas,1610612752,NYK,2017-18,0.0,0.0,0.5,0.0,0.0,0.0,0.0,0.0,0.0,-4.0,0.0,0.0
203141,Mirza Teletovic,1610612749,MIL,2017-18,0.623,0.623,0.183,1.0,1.43,0.4,0.1,108.6,-10.4,0.097,0.021,0.128
1628420,Monte Morris,1610612743,DEN,2017-18,0.727,0.667,0.136,2.3,7.0,1.0,0.0,114.8,-14.8,0.167,0.0,0.08
1626149,Montrezl Harrell,1610612746,LAC,2017-18,0.647,0.636,0.227,1.0,1.09,0.5,0.7,107.0,2.1,0.144,0.081,0.146
1627988,Myke Henry,1610612763,MEM,2017-18,0.472,0.463,0.148,1.1,1.16,1.6,0.3,109.7,-4.1,0.053,0.026,0.081
1626167,Myles Turner,1610612754,IND,2017-18,0.567,0.523,0.199,1.3,0.91,0.6,1.8,105.3,3.0,0.1,0.052,0.174
203489,Nate Wolters,1610612762,UTA,2017-18,0.167,0.167,0.125,0.2,0.0,0.0,0.0,105.9,-0.5,-0.026,0.045,0.056
1628513,Naz Mitrou-Long,1610612762,UTA,2017-18,1.5,1.5,0.5,0.0,0.0,0.0,0.0,0.0,250.0,0.6,0.0,0.0
202357,Nemanja Bjelica,1610612750,MIN,2017-18,0.581,0.563,0.139,1.3,1.65,0.7,0.2,107.8,0.0,0.082,0.039,0.164
2403,Nene,1610612745,HOU,2017-18,0.594,0.569,0.183,0.9,1.18,0.5,0.3,98.1,17.1,0.092,0.074,0.156
203457,Nerlens Noel,1610612742,DAL,2017-18,0.558,0.524,0.131,0.7,0.77,1.0,0.7,106.1,-12.3,0.115,0.092,0.273
2555,Nick Collison,1610612760,OKC,2017-18,0.627,0.684,0.181,0.3,0.57,0.0,0.0,100.6,-3.2,0.09,0.086,0.176
201156,Nick Young,1610612744,GSW,2017-18,0.562,0.538,0.169,0.5,0.92,0.5,0.1,106.0,0.8,0.061,0.015,0.071
201587,Nicolas Batum,1610612766,CHA,2017-18,0.523,0.486,0.178,5.5,2.66,1.0,0.4,109.6,-0.4,0.104,0.028,0.124
1627852,Nicolas Brussino,1610612737,ATL,2017-18,0.0,0.0,0.083,0.0,0.0,0.0,0.0,36.4,88.6,0.041,0.0,0.2
1628502,Nigel Hayes-Davis,1610612758,SAC,2017-18,0.393,0.394,0.131,0.7,3.0,0.2,0.3,95.7,3.8,0.061,0.03,0.145
203917,Nik Stauskas,1610612751,BKN,2017-18,0.543,0.519,0.159,1.0,1.5,0.2,0.1,104.3,-4.6,0.072,0.007,0.107
203999,Nikola Jokić,1610612743,DEN,2017-18,0.603,0.554,0.238,6.1,2.18,1.2,0.8,107.8,6.2,0.169,0.081,0.254
202703,Nikola Mirotic,1610612740,NOP,2017-18,0.577,0.546,0.223,1.5,1.29,0.8,0.7,105.4,4.2,0.13,0.038,0.213
202696,Nikola Vučević,1610612753,ORL,2017-18,0.533,0.513,0.252,3.4,1.75,1.0,1.1,107.5,-1.3,0.139,0.059,0.249
203943,Noah Vonleh,1610612741,CHI,2017-18,0.509,0.487,0.142,0.6,1.1,0.4,0.3,104.6,-2.1,0.108,0.074,0.265
1626181,Norman Powell,1610612761,TOR,2017-18,0.492,0.472,0.185,1.3,1.35,0.5,0.2,106.7,-1.9,0.056,0.013,0.1
1628384,OG Anunoby,1610612761,TOR,2017-18,0.587,0.577,0.121,0.7,1.22,0.7,0.2,103.0,10.0,0.056,0.03,0.09
1627855,Okaro White,1610612739,CLE,2017-18,0.577,0.563,0.101,0.3,2.0,0.2,0.2,100.6,0.6,0.057,0.041,0.099
204179,Omari Johnson,1610612763,MEM,2017-18,0.524,0.524,0.139,1.8,2.33,0.5,0.0,116.0,10.5,0.053,0.06,0.103
201600,Omer Asik,1610612741,CHI,2017-18,0.397,0.409,0.09,0.2,0.33,0.1,0.2,110.9,-6.4,0.027,0.054,0.208
201956,Omri Casspi,1610612744,GSW,2017-18,0.632,0.604,0.157,1.0,1.38,0.3,0.4,103.4,3.2,0.119,0.044,0.205
203490,Otto Porter Jr.,1610612764,WAS,2017-18,0.602,0.581,0.182,2.0,2.09,1.5,0.5,105.1,5.1,0.124,0.044,0.161
200782,P.J. Tucker,1610612745,HOU,2017-18,0.537,0.52,0.103,0.9,1.04,1.0,0.3,103.4,11.4,0.059,0.041,0.16
1628408,PJ Dozier,1610612760,OKC,2017-18,0.5,0.5,0.429,0.0,0.0,0.0,0.0,100.0,-33.3,0.0,0.0,0.2
1627783,Pascal Siakam,1610612761,TOR,2017-18,0.549,0.537,0.154,2.0,2.37,0.8,0.5,102.3,8.9,0.102,0.048,0.168
1626192,Pat Connaughton,1610612757,POR,2017-18,0.539,0.518,0.128,1.1,2.12,0.3,0.3,103.5,4.3,0.058,0.023,0.08
201976,Patrick Beverley,1610612746,LAC,2017-18,0.53,0.504,0.198,2.9,1.28,1.7,0.5,104.9,6.0,0.076,0.047,0.092
1627775,Patrick McCaw,1610612744,GSW,2017-18,0.477,0.451,0.125,1.4,1.98,0.8,0.2,109.8,-3.5,0.046,0.017,0.065
202335,Patrick Patterson,1610612760,OKC,2017-18,0.555,0.523,0.112,0.7,1.73,0.6,0.3,105.7,-3.1,0.074,0.024,0.128
201988,Patty Mills,1610612759,SAS,2017-18,0.558,0.523,0.172,2.8,2.16,0.7,0.1,105.3,2.6,0.075,0.012,0.061
2200,Pau Gasol,1610612759,SAS,2017-18,0.539,0.492,0.201,3.1,2.2,0.3,1.0,101.6,1.0,0.15,0.069,0.256
202331,Paul George,1610612760,OKC,2017-18,0.57,0.521,0.248,3.3,1.24,2.0,0.5,106.0,3.7,0.12,0.023,0.132
200794,Paul Millsap,1610612743,DEN,2017-18,0.549,0.509,0.217,2.8,1.44,1.0,1.2,107.8,3.9,0.105,0.058,0.153
1627835,Paul Zipser,1610612741,CHI,2017-18,0.445,0.425,0.156,0.9,1.07,0.4,0.3,109.9,-12.2,0.042,0.015,0.147
203112,Quincy Acy,1610612751,BKN,2017-18,0.525,0.496,0.143,0.8,0.95,0.5,0.4,106.7,-1.9,0.058,0.028,0.153
202347,Quincy Pondexter,1610612741,CHI,2017-18,0.398,0.316,0.151,0.4,0.82,0.3,0.1,109.1,-20.8,0.019,0.035,0.103
1626188,Quinn Cook,1610612744,GSW,2017-18,0.593,0.575,0.176,2.7,2.78,0.4,0.0,108.4,-2.2,0.087,0.014,0.094
1626154,RJ Hunter,1610612745,HOU,2017-18,0.455,0.425,0.214,0.6,1.5,0.6,0.0,95.7,1.1,0.052,0.0,0.094
200765,Rajon Rondo,1610612740,NOP,2017-18,0.522,0.518,0.164,8.2,3.53,1.1,0.2,106.8,0.8,0.115,0.018,0.124
201196,Ramon Sessions,1610612764,WAS,2017-18,0.479,0.393,0.187,2.8,2.57,0.5,0.1,110.7,-10.8,0.079,0.015,0.086
1626173,Rashad Vaughn,1610612753,ORL,2017-18,0.546,0.536,0.137,0.5,2.17,0.2,0.1,106.7,-1.8,0.063,0.016,0.085
203526,Raul Neto,1610612762,UTA,2017-18,0.55,0.52,0.173,1.8,2.08,0.3,0.1,95.4,9.5,0.088,0.014,0.079
101109,Raymond Felton,1610612760,OKC,2017-18,0.494,0.479,0.21,2.5,2.67,0.6,0.2,104.7,-1.3,0.101,0.018,0.097
203493,Reggie Bullock Jr.,1610612765,DET,2017-18,0.615,0.603,0.153,1.5,2.02,0.8,0.2,106.9,0.6,0.084,0.015,0.072
203687,Reggie Hearn,1610612765,DET,2017-18,0.75,0.75,0.105,0.0,0.0,0.0,0.0,107.1,-35.7,0.129,0.0,0.0
202704,Reggie Jackson,1610612765,DET,2017-18,0.516,0.471,0.265,5.3,2.4,0.6,0.1,106.6,0.4,0.108,0.023,0.084
2210,Richard Jefferson,1610612743,DEN,2017-18,0.499,0.481,0.089,0.8,3.0,0.1,0.1,110.3,-13.2,0.047,0.011,0.099
1626158,Richaun Holmes,1610612755,PHI,2017-18,0.585,0.568,0.159,1.3,2.44,0.4,0.6,105.7,-1.6,0.115,0.074,0.182
201937,Ricky Rubio,1610612762,UTA,2017-18,0.537,0.476,0.222,5.3,1.98,1.6,0.1,101.2,4.7,0.115,0.02,0.139
203496,Robert Covington,1610612755,PHI,2017-18,0.563,0.534,0.168,2.0,1.24,1.7,0.9,100.0,9.9,0.09,0.022,0.137
201577,Robin Lopez,1610612741,CHI,2017-18,0.552,0.533,0.203,1.9,1.16,0.2,0.8,107.7,-6.1,0.087,0.074,0.093
203918,Rodney Hood,1610612739,CLE,2017-18,0.546,0.513,0.24,1.6,1.36,0.8,0.2,108.9,-2.3,0.09,0.014,0.091
203585,Rodney McGruder,1610612748,MIA,2017-18,0.595,0.596,0.114,0.9,4.25,0.4,0.2,106.5,5.5,0.066,0.035,0.078
1628681,Rodney Purvis,1610612753,ORL,2017-18,0.423,0.388,0.187,1.1,1.7,0.2,0.2,107.4,-9.1,0.032,0.003,0.085
1627758,Ron Baker,1610612752,NYK,2017-18,0.504,0.432,0.102,1.6,2.61,0.9,0.2,103.9,3.2,0.058,0.014,0.064
1626178,Rondae Hollis-Jefferson,1610612751,BKN,2017-18,0.548,0.481,0.217,2.5,1.38,1.0,0.7,109.6,-3.7,0.119,0.05,0.175
1626220,Royce O'Neale,1610612762,UTA,2017-18,0.54,0.496,0.14,1.4,1.73,0.5,0.2,97.6,8.7,0.092,0.022,0.175
200752,Rudy Gay,1610612759,SAS,2017-18,0.545,0.506,0.237,1.3,0.94,0.8,0.7,103.9,2.5,0.125,0.06,0.175
203497,Rudy Gobert,1610612762,UTA,2017-18,0.657,0.622,0.163,1.4,0.75,0.8,2.3,98.3,9.4,0.147,0.093,0.234
201566,Russell Westbrook,1610612760,OKC,2017-18,0.524,0.477,0.326,10.3,2.15,1.8,0.3,105.6,6.6,0.186,0.048,0.226
201583,Ryan Anderson,1610612745,HOU,2017-18,0.592,0.568,0.141,0.9,1.43,0.4,0.3,106.9,6.9,0.077,0.054,0.139
1627853,Ryan Arcidiacono,1610612741,CHI,2017-18,0.55,0.524,0.081,1.5,2.69,0.5,0.0,102.5,-2.3,0.057,0.003,0.077
1626257,Salah Mejri,1610612742,DAL,2017-18,0.644,0.642,0.126,0.6,0.9,0.4,1.1,103.1,2.0,0.103,0.113,0.216
1626155,Sam Dekker,1610612746,LAC,2017-18,0.534,0.514,0.148,0.5,1.15,0.3,0.1,102.5,4.2,0.079,0.05,0.136
203816,Scotty Hopson,1610612742,DAL,2017-18,0.266,0.0,0.111,1.0,1.0,0.0,0.0,113.6,-36.4,-0.031,0.0,0.0
203930,Sean Kilpatrick,1610612741,CHI,2017-18,0.507,0.452,0.242,0.9,1.21,0.3,0.1,110.3,-8.6,0.086,0.007,0.131
1628400,Semi Ojeleye,1610612738,BOS,2017-18,0.473,0.452,0.088,0.3,0.8,0.3,0.1,103.6,-6.5,0.032,0.031,0.106
201586,Serge Ibaka,1610612761,TOR,2017-18,0.574,0.552,0.189,0.8,0.69,0.4,1.3,106.1,6.8,0.098,0.037,0.183
203498,Shabazz Muhammad,1610612749,MIL,2017-18,0.51,0.465,0.225,0.3,2.33,0.2,0.1,115.7,-12.7,0.09,0.057,0.136
203894,Shabazz Napier,1610612757,POR,2017-18,0.544,0.497,0.192,2.0,1.67,1.1,0.2,103.6,2.4,0.099,0.017,0.09
203499,Shane Larkin,1610612738,BOS,2017-18,0.491,0.454,0.153,1.8,2.97,0.5,0.0,98.6,0.5,0.084,0.019,0.101
1627885,Shaquille Harrison,1610612756,PHX,2017-18,0.54,0.5,0.173,2.4,2.5,1.1,0.3,101.8,6.1,0.101,0.023,0.13
2733,Shaun Livingston,1610612744,GSW,2017-18,0.533,0.501,0.165,2.0,2.41,0.5,0.3,102.2,5.8,0.075,0.033,0.08
202714,Shelvin Mack,1610612753,ORL,2017-18,0.518,0.488,0.175,3.9,3.06,0.8,0.1,105.7,-2.7,0.103,0.016,0.102
1628414,Sindarius Thornwell,1610612746,LAC,2017-18,0.519,0.479,0.118,0.9,1.28,0.7,0.3,105.4,-2.4,0.045,0.028,0.086
1627746,Skal Labissiere,1610612758,SAC,2017-18,0.513,0.467,0.204,1.2,0.99,0.4,0.8,108.8,-4.3,0.084,0.078,0.157
203524,Solomon Hill,1610612740,NOP,2017-18,0.332,0.317,0.113,1.8,2.44,0.6,0.1,107.1,-5.2,0.033,0.046,0.124
203915,Spencer Dinwiddie,1610612751,BKN,2017-18,0.527,0.471,0.201,6.6,4.09,0.9,0.3,108.6,-1.3,0.108,0.016,0.094
1626169,Stanley Johnson,1610612765,DET,2017-18,0.48,0.435,0.161,1.6,1.45,1.4,0.2,105.2,-0.6,0.059,0.017,0.115
201939,Stephen Curry,1610612744,GSW,2017-18,0.675,0.618,0.29,6.1,2.03,1.6,0.2,107.7,13.0,0.165,0.024,0.124
1628425,Sterling Brown,1610612749,MIL,2017-18,0.503,0.478,0.135,0.5,1.0,0.6,0.2,105.0,-2.5,0.063,0.035,0.147
203500,Steven Adams,1610612760,OKC,2017-18,0.63,0.629,0.16,1.2,0.69,1.2,1.0,105.7,6.4,0.109,0.142,0.123
1628388,T.J. Leaf,1610612754,IND,2017-18,0.545,0.537,0.136,0.2,0.9,0.1,0.1,113.1,-11.7,0.061,0.058,0.119
204456,T.J. McConnell,1610612755,PHI,2017-18,0.545,0.531,0.134,4.0,2.71,1.2,0.2,104.4,-1.4,0.099,0.021,0.1
203933,T.J. Warren,1610612756,PHX,2017-18,0.541,0.507,0.243,1.3,1.0,1.0,0.6,112.2,-9.0,0.107,0.055,0.093
201959,Taj Gibson,1610612750,MIN,2017-18,0.61,0.581,0.144,1.2,1.11,0.8,0.7,108.5,4.6,0.094,0.072,0.146
204028,Tarik Black,1610612745,HOU,2017-18,0.582,0.594,0.147,0.3,0.37,0.4,0.6,105.0,-7.3,0.073,0.108,0.181
1627752,Taurean Prince,1610612737,ATL,2017-18,0.549,0.516,0.216,2.6,1.12,1.0,0.5,111.4,-7.5,0.09,0.02,0.138
1628390,Terrance Ferguson,1610612760,OKC,2017-18,0.545,0.533,0.104,0.3,1.73,0.4,0.2,109.4,-4.5,0.028,0.023,0.038
203082,Terrence Ross,1610612753,ORL,2017-18,0.505,0.476,0.166,1.6,1.31,1.1,0.5,107.7,-3.8,0.061,0.016,0.102
1626179,Terry Rozier,1610612738,BOS,2017-18,0.52,0.491,0.199,2.9,2.9,1.0,0.2,101.6,2.6,0.118,0.029,0.144
200757,Thabo Sefolosha,1610612762,UTA,2017-18,0.591,0.558,0.162,0.9,1.1,1.4,0.3,100.8,3.8,0.114,0.038,0.17
201152,Thaddeus Young,1610612754,IND,2017-18,0.528,0.521,0.171,1.9,1.45,1.7,0.4,105.0,3.7,0.09,0.074,0.128
1628418,Thomas Bryant,1610612747,LAL,2017-18,0.441,0.405,0.161,0.4,3.0,0.1,0.1,105.9,-5.9,0.075,0.041,0.197
1627748,Thon Maker,1610612749,MIL,2017-18,0.499,0.46,0.147,0.6,1.05,0.5,0.7,110.8,-5.0,0.05,0.064,0.13
204025,Tim Frazier,1610612764,WAS,2017-18,0.475,0.445,0.125,3.3,3.4,0.8,0.1,108.0,-5.5,0.085,0.021,0.121
203501,Tim Hardaway Jr.,1610612752,NYK,2017-18,0.533,0.496,0.229,2.7,1.68,1.1,0.2,109.8,-1.9,0.091,0.016,0.099
1627817,Tim Quarterman,1610612745,HOU,2017-18,0.515,0.333,0.167,0.3,0.5,0.0,0.0,90.0,-36.9,0.1,0.0,0.188
202389,Timofey Mozgov,1610612751,BKN,2017-18,0.617,0.581,0.161,0.4,0.33,0.2,0.4,106.2,-12.8,0.085,0.083,0.178
1627789,Timothe Luwawu-Cabarrot,1610612755,PHI,2017-18,0.511,0.474,0.168,1.0,1.42,0.2,0.1,102.7,-0.1,0.041,0.017,0.064
202699,Tobias Harris,1610612746,LAC,2017-18,0.565,0.535,0.227,2.4,1.83,0.9,0.4,110.6,-2.3,0.113,0.021,0.145
203107,Tomas Satoransky,1610612764,WAS,2017-18,0.615,0.585,0.134,3.9,3.45,0.7,0.2,105.6,1.5,0.106,0.045,0.099
2754,Tony Allen,1610612740,NOP,2017-18,0.514,0.505,0.181,0.4,0.47,0.5,0.1,103.7,-2.0,0.036,0.074,0.091
1628396,Tony Bradley,1610612762,UTA,2017-18,0.337,0.273,0.158,0.1,0.0,0.0,0.0,96.8,-2.9,0.088,0.105,0.25
2225,Tony Parker,1610612759,SAS,2017-18,0.498,0.472,0.201,3.5,2.87,0.5,0.0,105.8,-1.2,0.094,0.007,0.083
203503,Tony Snell,1610612749,MIL,2017-18,0.578,0.562,0.105,1.3,2.72,0.6,0.4,110.3,-0.9,0.051,0.005,0.066
1628470,Torrey Craig,1610612743,DEN,2017-18,0.535,0.515,0.116,0.6,1.25,0.3,0.4,110.9,-2.9,0.056,0.064,0.134
204037,Travis Wear,1610612747,LAL,2017-18,0.497,0.465,0.152,0.4,1.17,0.2,0.3,101.9,2.1,0.052,0.0,0.163
1626203,Treveon Graham,1610612766,CHA,2017-18,0.553,0.525,0.112,0.9,2.19,0.5,0.0,108.0,-4.6,0.047,0.036,0.079
2772,Trevor Ariza,1610612745,HOU,2017-18,0.567,0.542,0.141,1.6,2.02,1.5,0.2,105.6,8.3,0.077,0.014,0.116
202344,Trevor Booker,1610612754,IND,2017-18,0.557,0.528,0.159,1.2,1.39,0.4,0.3,105.7,-0.7,0.1,0.097,0.172
203504,Trey Burke,1610612752,NYK,2017-18,0.563,0.552,0.249,4.7,3.95,0.7,0.1,115.3,-4.2,0.129,0.017,0.074
1626168,Trey Lyles,1610612743,DEN,2017-18,0.591,0.566,0.205,1.2,1.49,0.4,0.5,108.4,-0.2,0.128,0.039,0.215
203590,Trey McKinney-Jones,1610612754,IND,2017-18,0.0,0.0,0.0,0.0,0.0,0.0,0.0,133.3,-33.3,0.0,0.0,0.0
202684,Tristan Thompson,1610612739,CLE,2017-18,0.569,0.562,0.121,0.6,0.92,0.3,0.3,113.2,-5.5,0.085,0.113,0.21
203584,Troy Daniels,1610612756,PHX,2017-18,0.583,0.563,0.168,0.6,0.86,0.3,0.1,113.3,-12.2,0.058,0.007,0.069
1627786,Troy Williams,1610612752,NYK,2017-18,0.544,0.518,0.192,0.8,0.84,1.0,0.2,112.0,-3.9,0.079,0.071,0.137
1628463,Tyler Cavanaugh,1610612737,ATL,2017-18,0.567,0.546,0.139,0.7,2.08,0.2,0.1,107.1,-2.1,0.082,0.081,0.171
1628416,Tyler Dorsey,1610612737,ATL,2017-18,0.494,0.471,0.193,1.4,2.14,0.3,0.1,108.7,-7.1,0.07,0.016,0.112
203898,Tyler Ennis,1610612747,LAL,2017-18,0.473,0.451,0.169,1.9,2.76,0.6,0.2,103.0,-1.7,0.081,0.026,0.101
204020,Tyler Johnson,1610612748,MIA,2017-18,0.549,0.518,0.18,2.3,2.04,0.8,0.5,104.5,1.0,0.087,0.016,0.105
1628399,Tyler Lydon,1610612743,DEN,2017-18,0.0,0.0,0.0,0.0,0.0,0.0,0.0,225.0,-150.0,0.0,0.0,0.0
1627755,Tyler Ulis,1610612756,PHX,2017-18,0.465,0.426,0.184,4.4,2.45,1.0,0.1,110.0,-8.6,0.073,0.014,0.061
203092,Tyler Zeller,1610612749,MIL,2017-18,0.598,0.575,0.157,0.7,1.0,0.2,0.5,106.0,0.8,0.096,0.094,0.168
201936,Tyreke Evans,1610612763,MEM,2017-18,0.561,0.523,0.277,5.2,2.3,1.1,0.3,106.4,0.1,0.16,0.027,0.137
1627820,Tyrone Wallace,1610612746,LAC,2017-18,0.517,0.466,0.159,2.4,1.54,0.9,0.4,107.6,-1.5,0.06,0.024,0.091
2199,Tyson Chandler,1610612756,PHX,2017-18,0.658,0.647,0.105,1.2,0.9,0.3,0.6,111.1,-10.2,0.108,0.109,0.241
1626145,Tyus Jones,1610612750,MIN,2017-18,0.572,0.526,0.124,2.8,3.93,1.2,0.1,105.2,5.6,0.09,0.011,0.083
2617,Udonis Haslem,1610612748,MIA,2017-18,0.252,0.233,0.113,0.4,2.5,0.0,0.1,92.3,-0.9,0.021,0.039,0.092
203505,Vander Blue,1610612747,LAL,2017-18,0.255,0.2,0.085,0.6,1.0,0.2,0.0,85.6,17.6,-0.014,0.0,0.022
203506,Victor Oladipo,1610612754,IND,2017-18,0.577,0.537,0.295,4.3,1.47,2.4,0.8,104.0,5.9,0.148,0.019,0.132
1713,Vince Carter,1610612758,SAC,2017-18,0.523,0.504,0.144,1.2,1.92,0.7,0.4,106.7,-3.3,0.073,0.017,0.13
1626205,Vincent Hunter,1610612763,MEM,2017-18,0.6,0.6,0.25,0.0,0.0,0.0,0.3,75.0,30.9,0.25,0.182,0.167
1627735,Wade Baldwin IV,1610612757,POR,2017-18,0.748,0.762,0.159,0.7,1.25,0.3,0.1,98.2,6.0,0.094,0.014,0.09
1627215,Walt Lemon Jr.,1610612740,NOP,2017-18,0.491,0.469,0.256,1.0,1.25,0.0,0.2,123.5,-14.5,0.03,0.0,0.065
201961,Wayne Ellington,1610612748,MIA,2017-18,0.588,0.569,0.167,1.0,1.52,0.7,0.1,104.6,2.2,0.085,0.011,0.094
1627782,Wayne Selden,1610612763,MEM,2017-18,0.551,0.522,0.212,1.9,1.22,0.5,0.1,108.7,-8.4,0.072,0.023,0.06
1628411,Wes Iwundu,1610612753,ORL,2017-18,0.48,0.447,0.114,0.9,1.9,0.5,0.2,104.9,-4.6,0.053,0.033,0.1
202325,Wesley Johnson,1610612746,LAC,2017-18,0.512,0.489,0.126,0.8,1.11,1.0,0.8,106.5,-1.4,0.058,0.019,0.122
202083,Wesley Matthews,1610612742,DAL,2017-18,0.541,0.516,0.173,2.7,2.07,1.2,0.3,111.0,-7.2,0.071,0.013,0.085
203115,Will Barton,1610612743,DEN,2017-18,0.562,0.528,0.201,4.1,2.22,1.0,0.6,108.6,2.1,0.109,0.026,0.126
1626161,Willie Cauley-Stein,1610612758,SAC,2017-18,0.529,0.504,0.215,2.4,1.58,1.1,0.9,109.6,-7.8,0.115,0.064,0.197
203186,Willie Reed,1610612765,DET,2017-18,0.671,0.674,0.159,0.2,0.53,0.2,0.5,105.1,2.8,0.115,0.08,0.205
1626195,Willy Hernangomez,1610612766,CHA,2017-18,0.604,0.57,0.203,0.7,0.94,0.4,0.3,103.1,0.1,0.134,0.115,0.248
201163,Wilson Chandler,1610612743,DEN,2017-18,0.542,0.515,0.142,2.1,1.73,0.6,0.5,109.1,1.4,0.072,0.044,0.127
204098,Xavier Munford,1610612749,MIL,2017-18,0.218,0.167,0.184,0.7,2.0,0.2,0.0,113.6,-23.2,-0.047,0.05,0.0
1628504,Xavier Rathan-Mayes,1610612763,MEM,2017-18,0.315,0.298,0.207,3.6,1.64,1.2,0.6,113.7,-24.2,-0.011,0.0,0.053
202918,Xavier Silas,1610612738,BOS,2017-18,0.0,0.0,0.136,0.0,0.0,0.5,0.0,100.0,5.9,-0.07,0.091,0.125
1627812,Yogi Ferrell,1610612742,DAL,2017-18,0.54,0.518,0.166,2.5,2.58,0.8,0.1,103.2,0.2,0.082,0.011,0.097
1628380,Zach Collins,1610612757,POR,2017-18,0.475,0.458,0.153,0.8,0.9,0.3,0.5,106.3,1.3,0.052,0.044,0.163
203897,Zach LaVine,1610612741,CHI,2017-18,0.499,0.442,0.29,3.0,1.67,1.0,0.2,114.7,-12.1,0.092,0.013,0.138
2216,Zach Randolph,1610612758,SAC,2017-18,0.529,0.507,0.27,2.2,1.09,0.7,0.2,114.7,-12.2,0.122,0.063,0.215
2585,Zaza Pachulia,1610612744,GSW,2017-18,0.612,0.564,0.165,1.6,1.51,0.6,0.2,107.1,9.4,0.106,0.1,0.223
1627753,Zhou Qi,1610612745,HOU,2017-18,0.295,0.219,0.163,0.1,0.2,0.1,0.8,107.6,-26.1,-0.005,0.042,0.116
203932,Aaron Gordon,1610612753,ORL,2018-19,0.538,0.507,0.213,3.7,1.78,0.7,0.7,105.9,1.5,0.109,0.047,0.165
1628988,Aaron Holiday,1610612754,IND,2018-19,0.518,0.483,0.206,1.7,2.18,0.4,0.3,100.2,7.0,0.078,0.008,0.088
1627846,Abdel Nader,1610612760,OKC,2018-19,0.522,0.498,0.148,0.3,0.77,0.3,0.2,105.8,-9.5,0.066,0.017,0.139
201143,Al Horford,1610612738,BOS,2018-19,0.605,0.586,0.188,4.2,2.77,0.9,1.3,106.4,6.1,0.134,0.062,0.161
202329,Al-Farouq Aminu,1610612757,POR,2018-19,0.568,0.514,0.134,1.3,1.44,0.8,0.4,108.2,8.2,0.097,0.048,0.204
1626210,Alan Williams,1610612751,BKN,2018-19,0.61,0.615,0.222,0.6,3.0,0.2,0.0,88.1,27.1,0.274,0.114,0.405
202692,Alec Burks,1610612758,SAC,2018-19,0.523,0.469,0.185,2.0,1.97,0.6,0.3,114.6,-11.1,0.091,0.021,0.151
203518,Alex Abrines,1610612760,OKC,2018-19,0.507,0.487,0.12,0.6,1.43,0.5,0.2,99.8,1.6,0.041,0.007,0.067
1627936,Alex Caruso,1610612747,LAL,2018-19,0.569,0.514,0.184,3.1,1.83,1.0,0.4,102.4,3.2,0.096,0.035,0.079
203458,Alex Len,1610612737,ATL,2018-19,0.575,0.551,0.214,1.1,0.89,0.4,0.9,110.4,-4.4,0.1,0.09,0.159
1627816,Alex Poythress,1610612737,ATL,2018-19,0.571,0.549,0.14,0.8,1.31,0.2,0.5,111.5,-10.0,0.069,0.085,0.151
1628035,Alfonzo McKinnie,1610612744,GSW,2018-19,0.569,0.564,0.131,0.4,1.03,0.3,0.2,107.9,0.9,0.065,0.075,0.152
1628993,Alize Johnson,1610612754,IND,2018-19,0.333,0.281,0.116,0.1,0.0,0.1,0.2,112.2,-1.6,0.036,0.051,0.192
203459,Allen Crabbe,1610612751,BKN,2018-19,0.519,0.499,0.159,1.1,1.0,0.5,0.3,106.1,0.3,0.055,0.013,0.108
1629019,Allonzo Trier,1610612752,NYK,2018-19,0.564,0.498,0.207,1.9,1.03,0.4,0.2,109.3,-7.2,0.09,0.02,0.107
1628518,Amile Jefferson,1610612753,ORL,2018-19,0.692,0.625,0.125,0.3,3.0,0.3,0.3,115.5,8.8,0.111,0.082,0.25
101161,Amir Johnson,1610612755,PHI,2018-19,0.574,0.541,0.169,1.2,1.33,0.3,0.3,109.7,-5.0,0.08,0.084,0.185
203083,Andre Drummond,1610612765,DET,2018-19,0.555,0.536,0.226,1.4,0.64,1.7,1.7,108.4,3.3,0.159,0.151,0.311
2738,Andre Iguodala,1610612744,GSW,2018-19,0.587,0.579,0.101,3.2,4.15,0.9,0.8,104.4,9.0,0.09,0.031,0.117
201281,Andre Ingram,1610612747,LAL,2018-19,0.0,0.0,0.184,0.0,0.0,0.3,0.0,87.5,9.6,-0.093,0.059,0.053
101106,Andrew Bogut,1610612744,GSW,2018-19,0.523,0.5,0.148,1.0,1.38,0.3,0.7,110.5,3.9,0.092,0.1,0.297
1626150,Andrew Harrison,1610612740,NOP,2018-19,0.443,0.349,0.171,1.4,2.0,0.2,0.1,108.7,-5.5,0.025,0.032,0.074
203952,Andrew Wiggins,1610612750,MIN,2018-19,0.493,0.461,0.24,2.5,1.33,1.0,0.7,111.9,-1.2,0.078,0.031,0.099
1629014,Anfernee Simons,1610612757,POR,2018-19,0.535,0.524,0.24,0.7,1.18,0.1,0.0,122.1,-17.6,0.06,0.022,0.067
1629116,Angel Delgado,1610612746,LAC,2018-19,0.255,0.2,0.15,0.0,0.0,0.5,0.0,68.8,7.0,0.0,0.083,0.143
1627790,Ante Zizic,1610612739,CLE,2018-19,0.59,0.553,0.178,0.9,0.87,0.2,0.4,110.2,-3.9,0.103,0.097,0.193
203076,Anthony Davis,1610612740,NOP,2018-19,0.597,0.54,0.288,3.9,1.95,1.6,2.4,110.1,3.4,0.197,0.089,0.249
201229,Anthony Tolliver,1610612750,MIN,2018-19,0.571,0.539,0.121,0.7,1.28,0.3,0.3,108.6,-4.1,0.064,0.012,0.143
1628469,Antonio Blakeney,1610612741,CHI,2018-19,0.487,0.465,0.24,0.7,1.2,0.2,0.2,110.8,-7.8,0.073,0.008,0.114
203382,Aron Baynes,1610612738,BOS,2018-19,0.567,0.518,0.147,1.1,1.43,0.2,0.7,102.2,7.7,0.083,0.103,0.175
203085,Austin Rivers,1610612745,HOU,2018-19,0.503,0.497,0.142,2.2,2.46,0.6,0.3,109.1,2.5,0.042,0.012,0.065
202340,Avery Bradley,1610612763,MEM,2018-19,0.496,0.479,0.16,2.4,1.71,0.7,0.3,110.2,-1.5,0.047,0.022,0.065
1629168,BJ Johnson,1610612758,SAC,2018-19,0.609,0.583,0.178,0.0,0.0,0.3,0.0,115.3,-12.6,0.074,0.038,0.15
1628389,Bam Adebayo,1610612748,MIA,2018-19,0.623,0.579,0.157,2.2,1.52,0.9,0.8,104.5,0.5,0.133,0.083,0.221
203463,Ben McLemore,1610612758,SAC,2018-19,0.541,0.523,0.185,0.2,0.8,0.3,0.2,109.0,-3.5,0.05,0.018,0.089
1627732,Ben Simmons,1610612755,PHI,2018-19,0.582,0.563,0.215,7.7,2.23,1.4,0.8,108.9,2.4,0.145,0.062,0.179
1628656,Billy Garrett,1610612752,NYK,2018-19,0.452,0.407,0.215,1.8,3.5,0.3,0.3,106.4,-8.6,0.063,0.0,0.041
202687,Bismack Biyombo,1610612766,CHA,2018-19,0.602,0.571,0.128,0.6,0.97,0.2,0.8,111.8,-7.7,0.085,0.099,0.205
201933,Blake Griffin,1610612765,DET,2018-19,0.581,0.532,0.296,5.4,1.59,0.7,0.4,109.3,0.5,0.153,0.036,0.182
1626246,Boban Marjanovic,1610612755,PHI,2018-19,0.664,0.623,0.222,0.9,0.92,0.3,0.5,105.3,0.1,0.164,0.124,0.232
1626171,Bobby Portis,1610612764,WAS,2018-19,0.529,0.504,0.241,1.4,0.97,0.7,0.4,114.3,-4.4,0.106,0.083,0.226
203992,Bogdan Bogdanović,1610612758,SAC,2018-19,0.53,0.496,0.22,3.8,2.28,1.0,0.2,109.3,-1.1,0.099,0.019,0.098
202711,Bojan Bogdanovic,1610612754,IND,2018-19,0.613,0.575,0.219,2.0,1.2,0.9,0.0,105.8,2.9,0.111,0.013,0.113
1629045,Bonzie Colson,1610612749,MIL,2018-19,0.454,0.397,0.174,0.4,1.0,0.6,0.1,117.5,-9.2,0.081,0.065,0.182
202954,Brad Wanamaker,1610612738,BOS,2018-19,0.597,0.552,0.162,1.6,2.95,0.3,0.1,97.8,8.8,0.104,0.008,0.096
203078,Bradley Beal,1610612764,WAS,2018-19,0.581,0.54,0.278,5.5,2.0,1.5,0.7,113.5,-1.8,0.128,0.028,0.104
1629164,Brandon Goodwin,1610612743,DEN,2018-19,0.413,0.304,0.22,0.9,4.67,0.0,0.0,99.2,8.0,0.046,0.016,0.038
1627742,Brandon Ingram,1610612747,LAL,2018-19,0.555,0.518,0.227,3.0,1.19,0.5,0.6,108.8,-1.5,0.092,0.022,0.113
202688,Brandon Knight,1610612739,CLE,2018-19,0.484,0.46,0.178,1.8,2.37,0.5,0.1,114.9,-12.0,0.051,0.012,0.07
1629102,Brandon Sampson,1610612741,CHI,2018-19,0.567,0.558,0.154,0.7,0.83,0.6,0.2,113.9,-6.0,0.043,0.014,0.063
201572,Brook Lopez,1610612749,MIL,2018-19,0.597,0.571,0.165,1.2,1.2,0.6,2.2,103.4,11.5,0.088,0.014,0.135
1628971,Bruce Brown,1610612765,DET,2018-19,0.469,0.436,0.113,1.2,1.98,0.5,0.5,105.8,0.7,0.037,0.032,0.092
203998,Bruno Caboclo,1610612763,MEM,2018-19,0.571,0.533,0.15,1.5,1.32,0.4,1.0,107.5,0.9,0.078,0.05,0.137
1627854,Bryn Forbes,1610612759,SAS,2018-19,0.586,0.568,0.171,2.1,2.19,0.5,0.0,110.2,-0.3,0.077,0.008,0.096
1627741,Buddy Hield,1610612758,SAC,2018-19,0.587,0.56,0.243,2.5,1.4,0.7,0.4,110.0,-0.6,0.11,0.036,0.11
203710,C.J. Williams,1610612750,MIN,2018-19,0.55,0.557,0.138,0.8,2.4,0.4,0.0,113.0,-17.5,0.049,0.007,0.053
203468,CJ McCollum,1610612757,POR,2018-19,0.553,0.527,0.248,3.0,1.95,0.8,0.4,108.9,6.5,0.103,0.025,0.087
101139,CJ Miles,1610612763,MEM,2018-19,0.504,0.468,0.173,0.7,1.2,0.5,0.3,105.5,-1.7,0.056,0.014,0.09
1628403,Caleb Swanigan,1610612758,SAC,2018-19,0.377,0.349,0.17,0.5,0.61,0.3,0.0,107.6,-16.8,0.053,0.081,0.236
1629244,Cam Reynolds,1610612750,MIN,2018-19,0.58,0.558,0.141,0.7,2.6,0.3,0.1,112.4,-4.9,0.063,0.014,0.102
1626166,Cameron Payne,1610612739,CLE,2018-19,0.519,0.487,0.169,2.7,2.36,0.7,0.2,114.8,-15.2,0.074,0.017,0.083
1627747,Caris LeVert,1610612751,BKN,2018-19,0.509,0.478,0.235,3.9,2.26,1.1,0.4,108.7,-0.2,0.103,0.03,0.1
2546,Carmelo Anthony,1610612745,HOU,2018-19,0.513,0.492,0.199,0.5,0.63,0.4,0.7,112.2,-9.9,0.074,0.027,0.158
1626224,Cedi Osman,1610612739,CLE,2018-19,0.536,0.504,0.182,2.6,1.71,0.8,0.1,118.8,-12.8,0.075,0.018,0.134
1628990,Chandler Hutchison,1610612741,CHI,2018-19,0.507,0.493,0.121,0.8,1.36,0.5,0.1,107.6,-5.6,0.073,0.033,0.167
202718,Chandler Parsons,1610612763,MEM,2018-19,0.484,0.453,0.192,1.7,1.34,0.8,0.2,107.0,-5.4,0.069,0.007,0.126
101112,Channing Frye,1610612739,CLE,2018-19,0.524,0.504,0.174,0.6,1.54,0.2,0.1,121.9,-22.6,0.053,0.01,0.158
1626184,Chasson Randle,1610612764,WAS,2018-19,0.555,0.525,0.16,2.0,2.26,0.5,0.1,110.6,-5.8,0.053,0.013,0.062
1627767,Cheick Diallo,1610612740,NOP,2018-19,0.644,0.622,0.155,0.5,0.67,0.5,0.5,110.0,-4.7,0.121,0.079,0.26
1629002,Chimezie Metu,1610612759,SAS,2018-19,0.389,0.328,0.223,0.4,0.87,0.2,0.1,100.6,-1.3,0.052,0.061,0.179
1628449,Chris Boucher,1610612761,TOR,2018-19,0.563,0.526,0.214,0.1,0.29,0.2,0.9,109.7,-4.2,0.114,0.086,0.209
1629185,Chris Chiozza,1610612745,HOU,2018-19,0.375,0.375,0.108,0.6,4.0,0.1,0.1,108.8,-25.0,0.051,0.021,0.111
101108,Chris Paul,1610612745,HOU,2018-19,0.56,0.508,0.22,8.2,3.11,2.0,0.3,104.2,8.3,0.138,0.019,0.123
1626174,Christian Wood,1610612740,NOP,2018-19,0.607,0.56,0.247,0.4,0.47,0.3,0.5,110.3,-9.4,0.146,0.061,0.231
203991,Clint Capela,1610612745,HOU,2018-19,0.658,0.648,0.18,1.4,1.02,0.7,1.5,108.7,5.4,0.156,0.13,0.241
203469,Cody Zeller,1610612766,CHA,2018-19,0.611,0.559,0.159,2.1,1.65,0.8,0.8,110.9,1.4,0.101,0.084,0.171
1629012,Collin Sexton,1610612739,CLE,2018-19,0.52,0.48,0.247,3.0,1.31,0.5,0.1,118.1,-12.5,0.073,0.021,0.072
201147,Corey Brewer,1610612758,SAC,2018-19,0.532,0.488,0.13,1.3,2.05,1.0,0.2,106.6,0.0,0.063,0.045,0.098
202709,Cory Joseph,1610612754,IND,2018-19,0.474,0.463,0.134,3.9,4.01,1.1,0.3,102.4,5.2,0.087,0.019,0.111
201584,Courtney Lee,1610612742,DAL,2018-19,0.492,0.473,0.15,1.1,2.64,0.6,0.1,108.6,-6.4,0.068,0.019,0.105
1626245,Cristiano Felicio,1610612741,CHI,2018-19,0.568,0.531,0.138,0.6,1.12,0.2,0.1,111.7,-8.0,0.086,0.101,0.187
1626156,D'Angelo Russell,1610612751,BKN,2018-19,0.533,0.512,0.311,7.0,2.23,1.2,0.2,107.9,0.2,0.141,0.02,0.099
201571,D.J. Augustin,1610612753,ORL,2018-19,0.616,0.566,0.169,5.3,3.33,0.6,0.0,107.2,3.2,0.103,0.018,0.071
1628391,D.J. Wilson,1610612749,MIL,2018-19,0.515,0.506,0.141,1.1,1.63,0.4,0.4,102.2,4.9,0.075,0.047,0.174
203474,DJ Stephens,1610612763,MEM,2018-19,0.5,0.5,0.13,0.0,0.0,1.0,0.0,93.8,-23.2,0.051,0.0,0.0
1629541,Dairis Bertans,1610612740,NOP,2018-19,0.362,0.362,0.12,0.8,5.0,0.1,0.0,113.1,-15.0,0.013,0.011,0.036
1627745,Damian Jones,1610612744,GSW,2018-19,0.72,0.716,0.113,1.2,1.75,0.5,1.0,111.1,3.0,0.072,0.086,0.099
203081,Damian Lillard,1610612757,POR,2018-19,0.588,0.522,0.281,6.9,2.6,1.1,0.4,107.9,8.2,0.155,0.023,0.1
1627814,Damion Lee,1610612744,GSW,2018-19,0.578,0.547,0.164,0.4,1.18,0.4,0.0,108.2,-5.5,0.085,0.02,0.134
1628422,Damyean Dotson,1610612752,NYK,2018-19,0.526,0.506,0.169,1.8,1.9,0.8,0.1,110.8,-8.0,0.076,0.016,0.108
1627772,Daniel Hamilton,1610612737,ATL,2018-19,0.455,0.45,0.153,1.2,1.38,0.3,0.1,106.7,-4.9,0.07,0.043,0.161
1628464,Daniel Theis,1610612738,BOS,2018-19,0.624,0.598,0.15,1.0,2.06,0.3,0.6,102.6,7.4,0.095,0.088,0.145
201568,Danilo Gallinari,1610612746,LAC,2018-19,0.633,0.554,0.237,2.6,1.8,0.7,0.3,111.0,2.3,0.143,0.027,0.171
201980,Danny Green,1610612761,TOR,2018-19,0.632,0.622,0.139,1.6,1.68,0.9,0.7,104.3,13.4,0.079,0.028,0.107
201967,Dante Cunningham,1610612759,SAS,2018-19,0.585,0.57,0.086,0.8,2.27,0.4,0.2,111.9,-8.2,0.067,0.049,0.148
203957,Danté Exum,1610612762,UTA,2018-19,0.516,0.456,0.207,2.6,2.12,0.3,0.1,100.6,3.2,0.082,0.024,0.077
1627863,Danuel House Jr.,1610612745,HOU,2018-19,0.646,0.615,0.137,1.0,1.14,0.5,0.3,108.3,8.9,0.074,0.025,0.112
203967,Dario Šarić,1610612750,MIN,2018-19,0.563,0.522,0.172,1.6,1.31,0.6,0.1,110.7,-2.0,0.088,0.058,0.153
203121,Darius Miller,1610612740,NOP,2018-19,0.55,0.528,0.131,2.1,2.47,0.6,0.3,109.8,-0.2,0.048,0.007,0.059
201954,Darren Collison,1610612754,IND,2018-19,0.574,0.527,0.176,6.0,3.67,1.4,0.1,107.4,2.2,0.114,0.017,0.089
1629133,Daryl Macon,1610612742,DAL,2018-19,0.482,0.463,0.167,0.9,1.17,0.1,0.0,104.7,-2.1,0.041,0.019,0.099
1628021,David Nwaba,1610612739,CLE,2018-19,0.558,0.527,0.141,1.1,1.86,0.7,0.3,111.9,-3.8,0.071,0.039,0.128
202722,Davis Bertans,1610612759,SAS,2018-19,0.632,0.61,0.135,1.3,2.33,0.5,0.4,108.2,7.6,0.082,0.015,0.139
1628432,Davon Reed,1610612754,IND,2018-19,0.5,0.5,0.104,0.3,3.0,0.1,0.0,96.3,18.7,0.048,0.033,0.073
1628368,De'Aaron Fox,1610612758,SAC,2018-19,0.544,0.497,0.238,7.3,2.6,1.6,0.6,109.1,0.9,0.119,0.015,0.095
1629001,De'Anthony Melton,1610612756,PHX,2018-19,0.466,0.447,0.147,3.2,2.12,1.4,0.5,113.7,-7.9,0.063,0.025,0.114
201599,DeAndre Jordan,1610612752,NYK,2018-19,0.674,0.641,0.148,2.3,1.02,0.6,1.1,110.1,-5.1,0.154,0.105,0.315
1627761,DeAndre' Bembry,1610612737,ATL,2018-19,0.508,0.487,0.168,2.5,1.42,1.3,0.5,109.4,-5.0,0.081,0.026,0.148
201942,DeMar DeRozan,1610612759,SAS,2018-19,0.542,0.483,0.277,6.2,2.39,1.1,0.5,110.9,0.0,0.135,0.02,0.147
202326,DeMarcus Cousins,1610612744,GSW,2018-19,0.562,0.515,0.281,3.6,1.49,1.3,1.5,106.5,4.5,0.139,0.059,0.232
201960,DeMarre Carroll,1610612751,BKN,2018-19,0.546,0.487,0.181,1.3,1.16,0.5,0.1,106.2,2.0,0.092,0.037,0.151
1629152,DeVaughn Akoon-Purcell,1610612743,DEN,2018-19,0.322,0.3,0.228,0.9,3.0,0.3,0.0,102.0,4.2,0.053,0.043,0.15
1629028,Deandre Ayton,1610612756,PHX,2018-19,0.608,0.585,0.21,1.8,0.99,0.9,0.9,113.3,-8.1,0.139,0.101,0.24
1626153,Delon Wright,1610612763,MEM,2018-19,0.523,0.478,0.172,3.3,3.22,1.2,0.4,106.4,-0.1,0.109,0.037,0.113
1627743,Demetrius Jackson,1610612755,PHI,2018-19,0.656,0.6,0.182,0.8,5.0,0.3,0.0,118.2,-14.8,0.109,0.045,0.024
1629061,Deng Adel,1610612739,CLE,2018-19,0.424,0.389,0.097,0.3,0.83,0.1,0.2,109.5,-9.5,0.018,0.014,0.089
203471,Dennis Schröder,1610612760,OKC,2018-19,0.508,0.47,0.238,4.1,1.88,0.8,0.2,105.5,3.6,0.093,0.015,0.102
1628372,Dennis Smith Jr.,1610612752,NYK,2018-19,0.502,0.479,0.242,4.8,1.64,1.3,0.4,107.7,-5.3,0.084,0.02,0.075
1629126,Deonte Burton,1610612760,OKC,2018-19,0.47,0.451,0.159,0.3,1.0,0.2,0.3,92.6,4.3,0.043,0.014,0.09
202324,Derrick Favors,1610612762,UTA,2018-19,0.624,0.6,0.188,1.2,1.06,0.7,1.4,101.6,4.6,0.142,0.115,0.188
1627884,Derrick Jones Jr.,1610612748,MIA,2018-19,0.559,0.537,0.151,0.6,0.86,0.8,0.7,105.0,-1.2,0.081,0.076,0.119
201565,Derrick Rose,1610612750,MIN,2018-19,0.557,0.518,0.261,4.3,2.68,0.6,0.2,110.8,0.7,0.128,0.022,0.07
1628401,Derrick White,1610612759,SAS,2018-19,0.555,0.523,0.178,3.9,2.71,1.0,0.7,107.1,4.8,0.096,0.022,0.116
1626164,Devin Booker,1610612756,PHX,2018-19,0.584,0.521,0.32,6.8,1.64,0.9,0.2,115.1,-6.9,0.134,0.017,0.099
2734,Devin Harris,1610612742,DAL,2018-19,0.527,0.47,0.18,1.8,2.18,0.5,0.2,109.9,-4.2,0.065,0.01,0.09
1628421,Devin Robinson,1610612764,WAS,2018-19,0.616,0.594,0.176,0.9,3.0,0.6,0.9,112.8,-1.7,0.112,0.058,0.143
1628984,Devonte' Graham,1610612766,CHA,2018-19,0.459,0.421,0.166,2.6,4.03,0.5,0.0,111.8,-7.3,0.068,0.013,0.078
203473,Dewayne Dedmon,1610612737,ATL,2018-19,0.602,0.571,0.166,1.4,1.07,1.1,1.1,112.0,-4.1,0.107,0.063,0.229
1627738,Deyonta Davis,1610612737,ATL,2018-19,0.682,0.682,0.099,0.6,1.67,0.3,0.6,107.6,-9.8,0.108,0.063,0.193
1628415,Dillon Brooks,1610612763,MEM,2018-19,0.499,0.463,0.207,0.9,0.84,0.6,0.2,106.5,-1.6,0.034,0.028,0.076
203079,Dion Waiters,1610612748,MIA,2018-19,0.53,0.528,0.213,2.8,1.89,0.7,0.2,107.8,-2.0,0.083,0.006,0.094
1717,Dirk Nowitzki,1610612742,DAL,2018-19,0.469,0.444,0.217,0.7,1.94,0.2,0.4,109.7,-4.8,0.073,0.006,0.18
1627734,Domantas Sabonis,1610612754,IND,2018-19,0.63,0.596,0.226,2.9,1.33,0.6,0.4,103.6,5.2,0.162,0.099,0.269
202700,Donatas Motiejunas,1610612759,SAS,2018-19,0.436,0.5,0.323,0.3,0.33,0.0,0.3,129.6,-61.8,-0.12,0.154,0.077
1628378,Donovan Mitchell,1610612762,UTA,2018-19,0.537,0.493,0.309,4.2,1.48,1.4,0.4,103.7,6.8,0.117,0.022,0.093
1628978,Donte DiVincenzo,1610612749,MIL,2018-19,0.507,0.492,0.145,1.1,1.63,0.5,0.2,98.4,12.6,0.062,0.036,0.099
1629055,Donte Grantham,1610612760,OKC,2018-19,0.0,0.0,0.333,0.0,0.0,0.0,0.0,120.0,-53.3,-0.182,0.0,0.0
1627827,Dorian Finney-Smith,1610612742,DAL,2018-19,0.53,0.507,0.135,1.2,1.28,0.9,0.4,108.7,-1.9,0.069,0.064,0.119
203926,Doug McDermott,1610612754,IND,2018-19,0.617,0.59,0.152,0.9,1.6,0.2,0.1,103.2,3.6,0.075,0.012,0.066
1627733,Dragan Bender,1610612756,PHX,2018-19,0.521,0.503,0.13,1.2,1.51,0.4,0.5,112.7,-8.1,0.066,0.04,0.168
203110,Draymond Green,1610612744,GSW,2018-19,0.526,0.501,0.128,6.9,2.69,1.4,1.1,105.0,10.7,0.098,0.031,0.18
1629234,Drew Eubanks,1610612759,SAS,2018-19,0.646,0.577,0.148,0.3,0.88,0.1,0.2,105.5,-10.0,0.111,0.056,0.214
1629130,Duncan Robinson,1610612748,MIA,2018-19,0.514,0.5,0.134,0.3,1.25,0.3,0.0,108.8,-10.9,0.055,0.011,0.091
1628605,Dusty Hannahs,1610612763,MEM,2018-19,0.311,0.25,0.222,2.5,5.0,0.5,0.0,108.8,-17.5,0.041,0.0,0.036
1628407,Dwayne Bacon,1610612766,CHA,2018-19,0.57,0.549,0.167,1.1,2.61,0.3,0.1,113.2,-2.0,0.069,0.01,0.105
2730,Dwight Howard,1610612764,WAS,2018-19,0.638,0.623,0.193,0.4,0.25,0.8,0.4,113.6,-8.9,0.111,0.1,0.258
203939,Dwight Powell,1610612742,DAL,2018-19,0.682,0.637,0.167,1.5,1.67,0.6,0.6,109.9,0.9,0.123,0.081,0.16
2548,Dwyane Wade,1610612748,MIA,2018-19,0.51,0.478,0.269,4.2,1.81,0.8,0.5,106.6,-1.8,0.115,0.033,0.106
1629058,Dzanan Musa,1610612751,BKN,2018-19,0.415,0.432,0.25,0.2,0.5,0.2,0.0,89.4,10.6,0.053,0.019,0.105
202734,E'Twaun Moore,1610612740,NOP,2018-19,0.567,0.553,0.17,1.9,1.73,0.8,0.2,111.6,-0.3,0.067,0.023,0.058
202334,Ed Davis,1610612751,BKN,2018-19,0.632,0.616,0.125,0.8,0.95,0.4,0.4,102.2,4.3,0.139,0.135,0.307
1628410,Edmond Sumner,1610612754,IND,2018-19,0.443,0.398,0.157,0.4,1.0,0.5,0.2,107.3,-7.8,0.028,0.038,0.065
202327,Ekpe Udoh,1610612762,UTA,2018-19,0.698,0.694,0.128,0.5,2.15,0.2,0.6,110.5,-7.7,0.125,0.09,0.189
203901,Elfrid Payton,1610612740,NOP,2018-19,0.502,0.475,0.177,7.6,2.86,1.0,0.4,112.9,-2.2,0.098,0.037,0.129
1629059,Elie Okobo,1610612756,PHX,2018-19,0.489,0.46,0.168,2.4,1.84,0.6,0.1,111.1,-9.9,0.053,0.012,0.092
1629150,Emanuel Terry,1610612748,MIA,2018-19,0.571,0.571,0.183,0.7,1.0,1.0,0.0,112.0,5.6,0.116,0.143,0.235
1626144,Emmanuel Mudiay,1610612752,NYK,2018-19,0.531,0.493,0.248,3.9,1.63,0.7,0.3,114.8,-10.8,0.098,0.019,0.098
202683,Enes Freedom,1610612757,POR,2018-19,0.594,0.556,0.219,1.7,0.98,0.5,0.4,112.6,-6.2,0.152,0.138,0.245
202339,Eric Bledsoe,1610612749,MIL,2018-19,0.577,0.548,0.225,5.5,2.61,1.5,0.4,104.2,11.1,0.125,0.035,0.108
201569,Eric Gordon,1610612745,HOU,2018-19,0.549,0.525,0.215,1.9,1.43,0.6,0.4,108.1,8.1,0.07,0.007,0.059
203961,Eric Moreland,1610612761,TOR,2018-19,0.5,0.5,0.117,0.8,0.8,0.2,0.2,105.6,-21.9,0.095,0.108,0.348
101141,Ersan Ilyasova,1610612749,MIL,2018-19,0.548,0.514,0.151,0.8,1.08,0.5,0.3,101.5,9.7,0.071,0.071,0.151
203095,Evan Fournier,1610612753,ORL,2018-19,0.536,0.509,0.217,3.6,1.92,0.9,0.1,108.4,1.7,0.077,0.014,0.086
202323,Evan Turner,1610612757,POR,2018-19,0.504,0.473,0.158,3.9,2.48,0.5,0.2,109.1,1.3,0.099,0.022,0.167
1628402,Frank Jackson,1610612740,NOP,2018-19,0.517,0.493,0.178,1.1,1.44,0.4,0.0,111.3,-5.0,0.059,0.019,0.085
1626163,Frank Kaminsky,1610612766,CHA,2018-19,0.587,0.547,0.216,1.3,1.54,0.3,0.3,109.1,0.9,0.106,0.048,0.164
1628412,Frank Mason III,1610612758,SAC,2018-19,0.502,0.462,0.213,2.2,2.33,0.4,0.1,114.0,-14.5,0.085,0.013,0.083
1628373,Frank Ntilikina,1610612752,NYK,2018-19,0.417,0.395,0.163,2.8,2.16,0.7,0.3,110.6,-8.5,0.039,0.012,0.08
1627832,Fred VanVleet,1610612761,TOR,2018-19,0.539,0.503,0.177,4.8,3.74,0.9,0.3,105.0,8.1,0.095,0.012,0.078
1627788,Furkan Korkmaz,1610612755,PHI,2018-19,0.528,0.496,0.174,1.1,2.08,0.6,0.0,107.0,3.7,0.079,0.023,0.13
202066,Garrett Temple,1610612746,LAC,2018-19,0.543,0.513,0.131,1.4,1.51,1.0,0.4,106.8,-1.6,0.052,0.014,0.092
1629109,Gary Clark,1610612745,HOU,2018-19,0.48,0.467,0.106,0.4,2.57,0.4,0.5,109.8,2.0,0.061,0.035,0.144
203914,Gary Harris,1610612743,DEN,2018-19,0.526,0.488,0.195,2.2,1.87,1.0,0.3,105.3,6.2,0.076,0.024,0.07
1627780,Gary Payton II,1610612764,WAS,2018-19,0.688,0.688,0.214,1.3,4.0,1.0,0.3,92.1,25.8,0.212,0.067,0.05
1629018,Gary Trent Jr.,1610612757,POR,2018-19,0.377,0.37,0.213,0.3,1.25,0.1,0.1,115.1,-4.7,0.023,0.01,0.08
201588,George Hill,1610612749,MIL,2018-19,0.554,0.516,0.147,2.3,2.65,0.9,0.1,103.3,5.6,0.079,0.028,0.075
1628994,George King,1610612756,PHX,2018-19,0.0,0.0,0.0,0.0,0.0,0.0,0.0,175.0,-75.0,0.032,0.0,0.25
1627777,Georges Niang,1610612762,UTA,2018-19,0.613,0.594,0.17,0.6,1.52,0.2,0.1,111.6,-7.7,0.09,0.022,0.135
101123,Gerald Green,1610612745,HOU,2018-19,0.555,0.535,0.19,0.5,0.73,0.5,0.4,109.3,4.6,0.066,0.019,0.1
203507,Giannis Antetokounmpo,1610612749,MIL,2018-19,0.644,0.599,0.314,5.9,1.58,1.3,1.5,101.8,12.5,0.218,0.066,0.273
203922,Glenn Robinson III,1610612765,DET,2018-19,0.511,0.472,0.146,0.4,1.17,0.3,0.2,103.1,-0.8,0.058,0.026,0.089
201609,Goran Dragic,1610612748,MIA,2018-19,0.517,0.479,0.224,4.8,2.45,0.8,0.1,107.0,1.3,0.096,0.019,0.087
202330,Gordon Hayward,1610612738,BOS,2018-19,0.575,0.527,0.183,3.4,2.32,0.9,0.3,105.2,5.1,0.114,0.026,0.141
203476,Gorgui Dieng,1610612750,MIN,2018-19,0.572,0.527,0.194,0.9,1.26,0.6,0.5,109.0,-3.8,0.118,0.072,0.225
1628960,Grayson Allen,1610612762,UTA,2018-19,0.516,0.466,0.238,0.7,0.76,0.2,0.2,113.2,-13.6,0.037,0.007,0.047
202328,Greg Monroe,1610612755,PHI,2018-19,0.521,0.489,0.211,0.6,0.75,0.3,0.2,106.7,-6.6,0.106,0.119,0.218
1627824,Guerschon Yabusele,1610612738,BOS,2018-19,0.542,0.513,0.168,0.4,1.0,0.2,0.2,106.0,-3.6,0.068,0.084,0.104
1628977,Hamidou Diallo,1610612760,OKC,2018-19,0.497,0.467,0.16,0.3,0.74,0.4,0.2,110.3,-6.8,0.049,0.065,0.11
203084,Harrison Barnes,1610612758,SAC,2018-19,0.55,0.504,0.202,1.5,1.17,0.6,0.2,109.4,-1.5,0.088,0.021,0.111
1628385,Harry Giles III,1610612758,SAC,2018-19,0.526,0.503,0.227,1.5,1.16,0.5,0.4,109.1,-5.0,0.09,0.076,0.171
202355,Hassan Whiteside,1610612748,MIA,2018-19,0.564,0.572,0.215,0.8,0.58,0.6,1.9,106.2,0.7,0.162,0.139,0.305
1629312,Haywood Highsmith,1610612755,PHI,2018-19,0.414,0.45,0.115,0.4,2.0,0.2,0.0,131.0,-27.6,0.038,0.0,0.143
1627740,Henry Ellenson,1610612752,NYK,2018-19,0.538,0.5,0.186,0.8,1.78,0.4,0.1,104.7,-0.7,0.102,0.018,0.214
203546,Ian Clark,1610612740,NOP,2018-19,0.502,0.48,0.185,1.6,1.62,0.4,0.1,109.6,-3.4,0.052,0.012,0.071
101133,Ian Mahinmi,1610612764,WAS,2018-19,0.531,0.466,0.128,0.7,1.19,0.7,0.5,105.3,-3.2,0.068,0.088,0.161
1628387,Ike Anigbogu,1610612754,IND,2018-19,0.0,0.0,0.267,0.3,1.0,0.0,0.3,92.9,-14.3,0.0,0.143,0.25
202697,Iman Shumpert,1610612745,HOU,2018-19,0.499,0.481,0.143,1.8,2.24,1.0,0.4,110.5,-1.4,0.057,0.016,0.101
1629067,Isaac Bonga,1610612747,LAL,2018-19,0.24,0.152,0.151,0.7,2.5,0.4,0.2,89.6,7.0,0.039,0.064,0.113
1629353,Isaac Humphries,1610612737,ATL,2018-19,0.357,0.357,0.142,0.0,0.0,0.2,0.0,114.7,-17.1,0.012,0.055,0.123
1628515,Isaiah Briscoe,1610612753,ORL,2018-19,0.455,0.438,0.139,2.2,2.81,0.3,0.1,100.9,2.0,0.057,0.008,0.111
203477,Isaiah Canaan,1610612749,MIL,2018-19,0.518,0.494,0.147,2.8,2.4,0.5,0.1,114.9,-12.3,0.057,0.01,0.086
1628392,Isaiah Hartenstein,1610612745,HOU,2018-19,0.562,0.512,0.112,0.5,1.15,0.3,0.4,103.4,9.6,0.031,0.089,0.118
1628439,Isaiah Hicks,1610612752,NYK,2018-19,0.588,0.5,0.153,0.7,2.0,0.3,1.0,104.5,-4.5,0.104,0.059,0.147
202738,Isaiah Thomas,1610612743,DEN,2018-19,0.437,0.404,0.274,1.9,1.28,0.4,0.1,104.5,-5.5,0.039,0.023,0.04
202397,Ish Smith,1610612765,DET,2018-19,0.485,0.464,0.193,3.6,3.33,0.5,0.2,108.1,2.7,0.086,0.017,0.097
1628397,Ivan Rabb,1610612763,MEM,2018-19,0.586,0.554,0.166,1.1,1.54,0.3,0.3,109.5,-6.2,0.106,0.097,0.197
1627826,Ivica Zubac,1610612746,LAC,2018-19,0.604,0.559,0.199,1.1,0.9,0.2,0.9,104.7,1.8,0.127,0.108,0.216
200826,J.J. Barea,1610612742,DAL,2018-19,0.495,0.468,0.263,5.6,2.93,0.6,0.0,106.3,3.2,0.131,0.016,0.106
1629122,J.P. Macura,1610612766,CHA,2018-19,0.333,0.333,0.209,1.0,0.0,0.0,0.0,91.7,-2.2,0.083,0.0,0.143
200755,JJ Redick,1610612755,PHI,2018-19,0.602,0.557,0.209,2.7,2.04,0.4,0.2,104.7,5.6,0.099,0.008,0.062
2747,JR Smith,1610612739,CLE,2018-19,0.444,0.418,0.176,1.9,1.91,1.0,0.3,104.9,-3.4,0.051,0.0,0.08
203960,JaKarr Sampson,1610612741,CHI,2018-19,0.633,0.583,0.234,1.0,1.0,1.0,0.8,109.6,-2.3,0.162,0.037,0.196
203210,JaMychal Green,1610612746,LAC,2018-19,0.587,0.558,0.185,0.8,0.57,0.7,0.5,109.1,-5.8,0.103,0.071,0.218
201580,JaVale McGee,1610612747,LAL,2018-19,0.634,0.625,0.197,0.7,0.48,0.6,2.0,111.1,-4.4,0.127,0.112,0.203
203953,Jabari Parker,1610612764,WAS,2018-19,0.56,0.533,0.236,2.4,1.01,0.7,0.5,110.8,-6.2,0.111,0.045,0.187
1628980,Jacob Evans,1610612744,GSW,2018-19,0.374,0.377,0.134,0.8,2.09,0.2,0.1,105.9,-6.2,0.021,0.029,0.084
203109,Jae Crowder,1610612762,UTA,2018-19,0.538,0.508,0.183,1.7,1.56,0.8,0.4,105.3,4.4,0.086,0.027,0.139
1626143,Jahlil Okafor,1610612740,NOP,2018-19,0.603,0.587,0.198,0.7,0.77,0.3,0.7,111.5,-5.5,0.115,0.084,0.196
1627774,Jake Layman,1610612757,POR,2018-19,0.594,0.579,0.156,0.7,1.15,0.4,0.4,108.9,2.0,0.082,0.041,0.115
1627751,Jakob Poeltl,1610612759,SAS,2018-19,0.64,0.645,0.125,1.2,1.94,0.4,0.9,106.1,3.9,0.11,0.136,0.171
1628973,Jalen Brunson,1610612742,DAL,2018-19,0.549,0.523,0.186,3.2,2.61,0.5,0.1,110.4,-2.8,0.088,0.015,0.087
1627883,Jalen Jones,1610612739,CLE,2018-19,0.548,0.5,0.162,0.4,0.88,0.6,0.1,112.5,-6.7,0.054,0.05,0.113
2037,Jamal Crawford,1610612756,PHX,2018-19,0.522,0.474,0.198,3.6,2.31,0.5,0.2,116.5,-15.1,0.083,0.006,0.061
1627750,Jamal Murray,1610612743,DEN,2018-19,0.538,0.502,0.241,4.8,2.3,0.9,0.4,108.0,4.8,0.108,0.026,0.101
203516,James Ennis III,1610612755,PHI,2018-19,0.59,0.563,0.125,0.7,1.21,0.7,0.4,109.8,0.7,0.056,0.048,0.099
201935,James Harden,1610612745,HOU,2018-19,0.616,0.541,0.396,7.5,1.51,2.0,0.7,110.3,6.3,0.201,0.023,0.157
201949,James Johnson,1610612748,MIA,2018-19,0.522,0.499,0.177,2.5,1.82,0.6,0.5,107.9,-4.6,0.079,0.018,0.123
203263,James Nunnally,1610612745,HOU,2018-19,0.503,0.471,0.153,0.5,7.0,0.1,0.0,122.0,-11.0,0.035,0.0,0.053
201162,Jared Dudley,1610612751,BKN,2018-19,0.554,0.533,0.104,1.4,1.93,0.6,0.3,108.6,0.8,0.049,0.027,0.096
1629123,Jared Terrell,1610612750,MIN,2018-19,0.372,0.359,0.197,0.9,1.2,0.2,0.1,106.4,-12.3,-0.009,0.008,0.044
1626185,Jarell Martin,1610612753,ORL,2018-19,0.528,0.51,0.153,0.4,1.64,0.1,0.2,101.6,4.4,0.065,0.031,0.185
1628991,Jaren Jackson Jr.,1610612763,MEM,2018-19,0.591,0.549,0.231,1.1,0.65,0.9,1.4,103.6,-2.3,0.1,0.049,0.132
1628417,Jaron Blossomgame,1610612739,CLE,2018-19,0.51,0.491,0.12,0.5,1.18,0.3,0.3,109.6,-6.0,0.078,0.055,0.162
1629020,Jarred Vanderbilt,1610612743,DEN,2018-19,0.513,0.474,0.179,0.2,0.38,0.4,0.1,92.5,4.5,0.085,0.084,0.205
1628386,Jarrett Allen,1610612751,BKN,2018-19,0.632,0.595,0.158,1.4,1.07,0.5,1.5,111.6,-2.4,0.121,0.088,0.208
201160,Jason Smith,1610612740,NOP,2018-19,0.492,0.432,0.169,0.7,1.08,0.2,0.4,108.1,-12.1,0.062,0.077,0.174
1628393,Jawun Evans,1610612760,OKC,2018-19,0.214,0.214,0.142,1.3,1.67,0.4,0.0,115.9,-38.0,0.025,0.015,0.172
1629121,Jaylen Adams,1610612737,ATL,2018-19,0.474,0.459,0.131,1.9,2.32,0.4,0.1,109.1,-6.5,0.055,0.022,0.109
1627759,Jaylen Brown,1610612738,BOS,2018-19,0.547,0.525,0.215,1.4,1.01,0.9,0.4,105.9,2.4,0.084,0.032,0.122
1628537,Jaylen Morris,1610612749,MIL,2018-19,0.46,0.45,0.15,1.0,4.0,0.5,0.0,86.8,22.5,0.109,0.0,0.147
1628369,Jayson Tatum,1610612738,BOS,2018-19,0.547,0.506,0.218,2.1,1.38,1.1,0.7,105.1,6.8,0.106,0.028,0.157
201145,Jeff Green,1610612764,WAS,2018-19,0.608,0.555,0.174,1.8,1.36,0.6,0.5,113.2,-1.9,0.088,0.027,0.117
201952,Jeff Teague,1610612750,MIN,2018-19,0.528,0.465,0.186,8.2,3.54,1.0,0.4,113.1,-0.1,0.103,0.012,0.067
1629203,Jemerrio Jones,1610612747,LAL,2018-19,0.398,0.394,0.108,2.2,2.6,1.2,0.8,98.0,10.7,0.098,0.1,0.198
203924,Jerami Grant,1610612760,OKC,2018-19,0.592,0.567,0.15,1.0,1.18,0.8,1.3,105.6,5.4,0.084,0.032,0.118
203087,Jeremy Lamb,1610612766,CHA,2018-19,0.552,0.499,0.22,2.2,2.15,1.1,0.4,109.6,0.7,0.118,0.027,0.159
202391,Jeremy Lin,1610612761,TOR,2018-19,0.558,0.491,0.213,3.1,1.86,0.6,0.2,106.8,-5.1,0.1,0.014,0.102
1626170,Jerian Grant,1610612753,ORL,2018-19,0.526,0.509,0.13,2.6,3.06,0.7,0.1,107.7,-7.3,0.076,0.019,0.083
1629010,Jerome Robinson,1610612746,LAC,2018-19,0.491,0.482,0.159,0.6,1.46,0.3,0.1,111.2,-3.4,0.043,0.009,0.109
201573,Jerryd Bayless,1610612750,MIN,2018-19,0.431,0.42,0.172,3.5,3.72,0.5,0.1,117.4,-12.4,0.059,0.015,0.08
1628975,Jevon Carter,1610612763,MEM,2018-19,0.432,0.395,0.172,1.8,2.09,0.7,0.3,106.7,-6.8,0.053,0.023,0.09
202690,Jimmer Fredette,1610612756,PHX,2018-19,0.348,0.276,0.242,1.3,1.6,0.5,0.0,117.6,-25.5,0.033,0.013,0.088
202710,Jimmy Butler III,1610612755,PHI,2018-19,0.571,0.499,0.218,4.0,2.77,1.9,0.6,108.3,3.6,0.126,0.054,0.094
201149,Joakim Noah,1610612763,MEM,2018-19,0.571,0.516,0.191,2.1,1.78,0.5,0.7,101.7,1.8,0.142,0.078,0.247
201975,Jodie Meeks,1610612761,TOR,2018-19,0.647,0.641,0.169,1.0,4.0,0.1,0.1,113.0,5.8,0.09,0.01,0.093
1629147,Joe Chealey,1610612766,CHA,2018-19,0.333,0.333,0.176,1.0,0.0,0.0,0.0,113.3,-25.8,0.0,0.0,0.0
203925,Joe Harris,1610612751,BKN,2018-19,0.645,0.622,0.167,2.4,1.5,0.5,0.2,111.2,-1.6,0.089,0.022,0.096
204060,Joe Ingles,1610612762,UTA,2018-19,0.581,0.565,0.17,5.7,2.43,1.2,0.2,101.6,7.7,0.104,0.013,0.108
203954,Joel Embiid,1610612755,PHI,2018-19,0.593,0.517,0.327,3.7,1.04,0.7,1.9,104.8,7.6,0.196,0.075,0.292
1628381,John Collins,1610612737,ATL,2018-19,0.627,0.593,0.23,2.0,1.01,0.4,0.6,113.0,-1.4,0.136,0.112,0.196
203089,John Henson,1610612739,CLE,2018-19,0.553,0.545,0.173,1.0,1.17,0.5,0.8,103.9,1.7,0.127,0.074,0.233
204066,John Holland,1610612739,CLE,2018-19,0.0,0.0,0.0,0.0,0.0,0.0,0.0,0.0,50.0,0.0,0.0,0.0
203098,John Jenkins,1610612752,NYK,2018-19,0.536,0.505,0.16,0.8,2.44,0.0,0.1,106.7,-6.5,0.074,0.018,0.083
202322,John Wall,1610612764,WAS,2018-19,0.527,0.49,0.286,8.7,2.31,1.5,0.9,113.2,-6.1,0.123,0.013,0.087
1628405,Johnathan Motley,1610612746,LAC,2018-19,0.563,0.534,0.266,0.5,0.69,0.2,0.1,106.9,-8.9,0.119,0.104,0.213
1629140,Johnathan Williams,1610612747,LAL,2018-19,0.599,0.591,0.158,0.5,0.81,0.3,0.3,102.4,7.6,0.078,0.116,0.13
202720,Jon Leuer,1610612765,DET,2018-19,0.616,0.588,0.157,0.3,0.61,0.3,0.1,107.2,-13.3,0.091,0.062,0.182
1628413,Jonah Bolden,1610612755,PHI,2018-19,0.595,0.599,0.131,0.9,1.11,0.4,0.9,107.9,-1.8,0.072,0.067,0.173
201973,Jonas Jerebko,1610612744,GSW,2018-19,0.588,0.556,0.144,1.3,2.23,0.4,0.2,108.1,1.5,0.092,0.055,0.168
202685,Jonas Valančiūnas,1610612763,MEM,2018-19,0.616,0.572,0.274,1.4,0.78,0.4,1.1,107.0,2.7,0.169,0.096,0.268
1628371,Jonathan Isaac,1610612753,ORL,2018-19,0.537,0.499,0.16,1.1,1.07,0.8,1.3,107.3,1.0,0.082,0.048,0.152
203613,Jonathon Simmons,1610612755,PHI,2018-19,0.466,0.42,0.182,2.3,1.88,0.5,0.3,107.2,-5.3,0.06,0.024,0.09
1628395,Jordan Bell,1610612744,GSW,2018-19,0.531,0.516,0.133,1.1,1.81,0.3,0.8,111.2,-5.4,0.083,0.068,0.154
203903,Jordan Clarkson,1610612739,CLE,2018-19,0.539,0.509,0.266,2.4,1.45,0.7,0.2,115.0,-8.0,0.105,0.035,0.087
1628070,Jordan Loyd,1610612761,TOR,2018-19,0.635,0.556,0.159,0.5,3.0,0.0,0.0,110.2,-15.7,0.121,0.017,0.133
203895,Jordan McRae,1610612764,WAS,2018-19,0.55,0.508,0.191,1.1,2.0,0.5,0.3,109.7,-3.3,0.089,0.017,0.095
1626296,Jordan Sibert,1610612737,ATL,2018-19,1.5,1.5,0.083,0.0,0.0,0.0,0.0,170.0,-36.7,0.09,0.0,0.0
101181,Jose Calderon,1610612765,DET,2018-19,0.453,0.433,0.104,2.3,3.29,0.3,0.1,107.8,-14.0,0.056,0.015,0.078
1628404,Josh Hart,1610612747,LAL,2018-19,0.526,0.506,0.13,1.4,1.6,1.0,0.6,104.7,0.4,0.063,0.019,0.109
1628367,Josh Jackson,1610612756,PHX,2018-19,0.487,0.456,0.234,2.3,1.06,0.9,0.7,112.4,-9.6,0.073,0.032,0.136
1629006,Josh Okogie,1610612750,MIN,2018-19,0.492,0.445,0.148,1.2,1.44,1.2,0.4,110.6,-1.0,0.051,0.021,0.098
1626196,Josh Richardson,1610612748,MIA,2018-19,0.536,0.492,0.203,4.1,2.64,1.1,0.5,105.6,0.9,0.094,0.02,0.078
201950,Jrue Holiday,1610612740,NOP,2018-19,0.555,0.523,0.25,7.7,2.47,1.6,0.8,109.1,4.4,0.127,0.03,0.099
1627823,Juancho Hernangomez,1610612743,DEN,2018-19,0.58,0.545,0.119,0.8,1.49,0.4,0.3,107.3,1.3,0.076,0.044,0.144
1627395,Julian Washburn,1610612763,MEM,2018-19,0.402,0.385,0.096,0.8,2.0,0.7,0.1,105.0,-2.0,0.053,0.027,0.128
203944,Julius Randle,1610612740,NOP,2018-19,0.6,0.555,0.273,3.1,1.1,0.7,0.6,111.4,-0.2,0.137,0.069,0.198
1626147,Justin Anderson,1610612737,ATL,2018-19,0.516,0.484,0.166,0.5,1.0,0.5,0.3,107.6,-5.7,0.067,0.046,0.119
203200,Justin Holiday,1610612763,MEM,2018-19,0.52,0.49,0.153,1.8,1.4,1.5,0.4,110.1,-7.7,0.068,0.017,0.103
1628382,Justin Jackson,1610612742,DAL,2018-19,0.561,0.537,0.141,1.2,3.31,0.4,0.2,108.3,-0.9,0.076,0.025,0.096
1628383,Justin Patton,1610612755,PHI,2018-19,0.317,0.286,0.14,1.0,0.0,0.7,0.0,102.3,-12.9,0.051,0.065,0.174
1626159,Justise Winslow,1610612748,MIA,2018-19,0.513,0.497,0.206,4.3,1.99,1.1,0.3,104.2,3.4,0.097,0.031,0.141
203994,Jusuf Nurkić,1610612757,POR,2018-19,0.57,0.51,0.241,3.2,1.39,1.0,1.4,106.5,10.5,0.146,0.119,0.241
1628443,Kadeem Allen,1610612752,NYK,2018-19,0.574,0.521,0.195,4.0,2.92,0.8,0.2,111.4,-4.3,0.101,0.019,0.1
203564,Kalin Lucas,1610612765,DET,2018-19,0.532,0.0,0.154,1.0,0.0,0.0,0.0,75.0,-25.0,0.471,0.0,0.5
1626157,Karl-Anthony Towns,1610612750,MIN,2018-19,0.622,0.572,0.28,3.4,1.08,0.9,1.6,111.3,0.9,0.177,0.097,0.257
202695,Kawhi Leonard,1610612761,TOR,2018-19,0.606,0.546,0.3,3.3,1.64,1.8,0.4,107.8,7.9,0.172,0.039,0.165
1628966,Keita Bates-Diop,1610612750,MIN,2018-19,0.489,0.468,0.14,0.6,1.21,0.6,0.5,112.2,-5.1,0.065,0.029,0.129
203482,Kelly Olynyk,1610612748,MIA,2018-19,0.61,0.563,0.175,1.8,1.23,0.7,0.5,106.0,1.9,0.102,0.038,0.16
1626162,Kelly Oubre Jr.,1610612756,PHX,2018-19,0.551,0.51,0.223,1.2,0.82,1.2,0.9,113.3,-6.0,0.094,0.035,0.126
202689,Kemba Walker,1610612766,CHA,2018-19,0.558,0.511,0.308,5.9,2.29,1.2,0.4,111.8,0.4,0.14,0.017,0.106
202702,Kenneth Faried,1610612745,HOU,2018-19,0.622,0.604,0.194,0.5,0.61,0.5,0.6,109.6,4.1,0.124,0.123,0.21
1629026,Kenrich Williams,1610612740,NOP,2018-19,0.485,0.477,0.119,1.8,2.31,1.0,0.4,111.6,-3.8,0.062,0.046,0.145
203145,Kent Bazemore,1610612737,ATL,2018-19,0.507,0.472,0.215,2.3,1.26,1.3,0.6,110.2,-7.7,0.083,0.02,0.126
203484,Kentavious Caldwell-Pope,1610612747,LAL,2018-19,0.568,0.53,0.175,1.3,1.69,0.9,0.2,110.1,-3.7,0.083,0.022,0.088
201142,Kevin Durant,1610612744,GSW,2018-19,0.631,0.571,0.283,5.9,2.03,0.7,1.1,107.3,11.4,0.162,0.013,0.153
1628989,Kevin Huerter,1610612737,ATL,2018-19,0.533,0.522,0.153,2.9,1.96,0.9,0.3,111.6,-2.2,0.065,0.027,0.087
1628995,Kevin Knox II,1610612752,NYK,2018-19,0.475,0.438,0.219,1.1,0.72,0.6,0.3,115.1,-13.7,0.055,0.025,0.12
201567,Kevin Love,1610612739,CLE,2018-19,0.561,0.479,0.259,2.2,1.14,0.3,0.2,114.7,-4.2,0.148,0.051,0.344
1626172,Kevon Looney,1610612744,GSW,2018-19,0.636,0.627,0.122,1.5,2.41,0.6,0.7,106.1,10.3,0.092,0.126,0.133
203920,Khem Birch,1610612753,ORL,2018-19,0.64,0.603,0.136,0.8,1.9,0.4,0.6,102.7,3.2,0.116,0.112,0.166
203114,Khris Middleton,1610612749,MIL,2018-19,0.558,0.519,0.246,4.3,1.9,1.0,0.1,104.2,10.5,0.118,0.021,0.149
1629017,Khyri Thomas,1610612765,DET,2018-19,0.413,0.391,0.158,0.3,2.0,0.3,0.2,102.7,-8.0,0.031,0.017,0.082
202691,Klay Thompson,1610612744,GSW,2018-19,0.571,0.553,0.254,2.4,1.62,1.1,0.6,108.5,6.5,0.103,0.015,0.089
1628424,Kobi Simmons,1610612739,CLE,2018-19,0.0,0.0,0.0,0.0,0.0,0.0,0.0,33.3,66.7,0.0,0.0,0.0
201585,Kosta Koufos,1610612758,SAC,2018-19,0.477,0.477,0.15,0.9,1.33,0.4,0.4,107.4,-1.3,0.088,0.088,0.229
1628961,Kostas Antetokounmpo,1610612742,DAL,2018-19,0.21,0.0,0.24,0.0,0.0,1.0,0.0,87.0,17.6,-0.033,0.0,0.111
1627739,Kris Dunn,1610612741,CHI,2018-19,0.484,0.458,0.198,6.0,2.66,1.5,0.5,113.7,-7.6,0.084,0.013,0.119
203937,Kyle Anderson,1610612763,MEM,2018-19,0.569,0.56,0.127,3.0,2.21,1.3,0.9,104.7,-2.1,0.099,0.038,0.161
2594,Kyle Korver,1610612762,UTA,2018-19,0.582,0.559,0.174,1.2,1.37,0.4,0.2,103.9,3.6,0.078,0.006,0.105
1628398,Kyle Kuzma,1610612747,LAL,2018-19,0.546,0.515,0.233,2.5,1.34,0.6,0.4,109.7,-1.3,0.096,0.025,0.127
200768,Kyle Lowry,1610612761,TOR,2018-19,0.562,0.518,0.191,8.7,3.1,1.4,0.5,105.5,10.7,0.115,0.019,0.114
203124,Kyle O'Quinn,1610612754,IND,2018-19,0.537,0.511,0.196,1.2,1.81,0.2,0.6,107.0,-0.3,0.111,0.078,0.216
202681,Kyrie Irving,1610612738,BOS,2018-19,0.592,0.557,0.286,6.9,2.7,1.5,0.5,107.1,6.2,0.157,0.031,0.113
200746,LaMarcus Aldridge,1610612759,SAS,2018-19,0.576,0.522,0.268,2.4,1.35,0.5,1.3,111.0,1.5,0.143,0.096,0.18
202362,Lance Stephenson,1610612747,LAL,2018-19,0.529,0.51,0.197,2.1,1.63,0.6,0.1,108.4,-4.5,0.088,0.026,0.15
202498,Lance Thomas,1610612752,NYK,2018-19,0.482,0.452,0.127,0.6,1.13,0.4,0.2,107.9,-10.9,0.043,0.023,0.115
1629013,Landry Shamet,1610612746,LAC,2018-19,0.604,0.581,0.145,1.5,2.6,0.5,0.1,109.3,1.7,0.063,0.011,0.06
204038,Langston Galloway,1610612765,DET,2018-19,0.534,0.503,0.153,1.1,3.54,0.5,0.1,107.9,0.1,0.063,0.025,0.07
1626204,Larry Nance Jr.,1610612739,CLE,2018-19,0.583,0.554,0.152,3.2,2.21,1.5,0.6,114.6,-8.8,0.123,0.09,0.224
1628374,Lauri Markkanen,1610612741,CHI,2018-19,0.553,0.506,0.245,1.4,0.88,0.7,0.6,112.3,-5.5,0.125,0.043,0.234
2544,LeBron James,1610612747,LAL,2018-19,0.588,0.56,0.311,8.3,2.3,1.3,0.6,107.6,2.0,0.188,0.029,0.193
1629022,Lonnie Walker IV,1610612759,SAS,2018-19,0.446,0.402,0.196,0.5,2.25,0.4,0.2,111.7,-24.3,0.083,0.0,0.122
1628366,Lonzo Ball,1610612747,LAL,2018-19,0.487,0.488,0.167,5.4,2.48,1.5,0.4,106.1,-0.7,0.087,0.036,0.124
203485,Lorenzo Brown,1610612761,TOR,2018-19,0.38,0.366,0.167,1.1,1.75,0.5,0.2,100.4,-7.0,0.054,0.021,0.11
101150,Lou Williams,1610612746,LAC,2018-19,0.554,0.471,0.308,5.4,2.22,0.8,0.1,109.2,3.9,0.147,0.019,0.081
201601,Luc Mbah a Moute,1610612746,LAC,2018-19,0.495,0.5,0.141,0.5,1.0,0.3,0.3,99.3,7.8,0.028,0.034,0.065
1629029,Luka Dončić,1610612742,DAL,2018-19,0.545,0.497,0.296,6.0,1.74,1.1,0.3,110.6,-3.1,0.149,0.036,0.198
1628379,Luke Kennard,1610612765,DET,2018-19,0.56,0.54,0.179,1.8,2.0,0.4,0.2,108.2,0.3,0.09,0.008,0.121
1628436,Luke Kornet,1610612752,NYK,2018-19,0.531,0.502,0.178,1.2,2.16,0.6,0.9,106.0,-3.5,0.093,0.033,0.123
2736,Luol Deng,1610612750,MIN,2018-19,0.588,0.559,0.155,0.8,1.29,0.7,0.4,105.1,10.0,0.093,0.049,0.125
1627781,Malachi Richardson,1610612761,TOR,2018-19,0.481,0.448,0.142,0.0,0.0,0.0,0.0,96.2,-4.6,0.003,0.016,0.087
1627763,Malcolm Brogdon,1610612749,MIL,2018-19,0.614,0.575,0.202,3.2,2.25,0.7,0.2,102.7,10.7,0.12,0.035,0.107
1626259,Malcolm Miller,1610612761,TOR,2018-19,0.63,0.615,0.18,0.1,1.0,0.1,0.1,110.2,-4.7,0.069,0.015,0.048
1627736,Malik Beasley,1610612743,DEN,2018-19,0.599,0.584,0.181,1.2,1.76,0.7,0.1,107.3,3.9,0.089,0.018,0.085
1628370,Malik Monk,1610612766,CHA,2018-19,0.518,0.48,0.236,1.6,1.36,0.5,0.3,111.1,-2.7,0.073,0.012,0.095
202705,MarShon Brooks,1610612763,MEM,2018-19,0.518,0.494,0.233,0.9,1.19,0.3,0.1,104.1,-2.8,0.084,0.03,0.089
201188,Marc Gasol,1610612761,TOR,2018-19,0.546,0.505,0.21,4.4,2.25,1.1,1.1,104.9,3.5,0.131,0.034,0.227
101162,Marcin Gortat,1610612746,LAC,2018-19,0.562,0.532,0.148,1.4,1.3,0.1,0.5,112.5,-6.5,0.097,0.089,0.253
201158,Marco Belinelli,1610612759,SAS,2018-19,0.557,0.52,0.187,1.7,1.83,0.4,0.1,110.1,0.8,0.075,0.009,0.093
1629094,Marcus Derrickson,1610612744,GSW,2018-19,0.653,0.636,0.233,0.1,0.33,0.0,0.1,104.3,-7.9,0.109,0.104,0.063
202694,Marcus Morris Sr.,1610612738,BOS,2018-19,0.568,0.533,0.203,1.5,1.18,0.6,0.3,108.9,1.4,0.099,0.035,0.176
203935,Marcus Smart,1610612738,BOS,2018-19,0.568,0.533,0.144,4.0,2.61,1.8,0.4,106.7,3.8,0.079,0.025,0.077
1626209,Mario Hezonja,1610612752,NYK,2018-19,0.497,0.457,0.208,1.5,1.0,1.0,0.1,112.0,-10.0,0.082,0.021,0.168
1628365,Markelle Fultz,1610612753,ORL,2018-19,0.452,0.432,0.189,3.1,2.36,0.9,0.3,103.3,-0.4,0.069,0.056,0.088
202693,Markieff Morris,1610612760,OKC,2018-19,0.521,0.492,0.191,1.4,1.46,0.6,0.4,113.0,-5.9,0.075,0.045,0.161
1627737,Marquese Chriss,1610612739,CLE,2018-19,0.455,0.417,0.196,0.5,0.61,0.4,0.3,117.9,-17.2,0.054,0.072,0.216
1628963,Marvin Bagley III,1610612758,SAC,2018-19,0.562,0.525,0.237,1.0,0.63,0.5,1.0,111.0,-3.2,0.124,0.092,0.18
101107,Marvin Williams,1610612766,CHA,2018-19,0.548,0.529,0.147,1.2,1.96,0.9,0.8,110.9,-0.4,0.08,0.033,0.152
203486,Mason Plumlee,1610612743,DEN,2018-19,0.602,0.595,0.159,3.0,1.93,0.8,0.9,106.1,3.2,0.115,0.091,0.198
203521,Matthew Dellavedova,1610612739,CLE,2018-19,0.532,0.496,0.173,3.8,2.66,0.3,0.0,107.0,-3.7,0.082,0.007,0.081
203090,Maurice Harkless,1610612757,POR,2018-19,0.547,0.53,0.135,1.2,1.64,1.1,0.9,106.8,7.9,0.073,0.052,0.128
1628467,Maxi Kleber,1610612742,DAL,2018-19,0.579,0.553,0.132,1.0,1.3,0.5,1.1,105.3,2.7,0.089,0.057,0.149
1628982,Melvin Frazier Jr.,1610612753,ORL,2018-19,0.33,0.333,0.205,0.1,1.0,0.1,0.0,109.5,-13.5,-0.02,0.053,0.045
203086,Meyers Leonard,1610612757,POR,2018-19,0.675,0.649,0.149,1.2,1.74,0.2,0.1,112.2,-3.7,0.108,0.055,0.206
201563,Michael Beasley,1610612747,LAL,2018-19,0.532,0.5,0.288,1.0,0.93,0.3,0.4,108.8,-6.0,0.105,0.044,0.153
203487,Michael Carter-Williams,1610612753,ORL,2018-19,0.458,0.415,0.176,2.5,3.5,0.7,0.5,109.2,0.2,0.085,0.043,0.143
203077,Michael Kidd-Gilchrist,1610612766,CHA,2018-19,0.553,0.5,0.153,1.0,1.42,0.5,0.6,107.4,-0.9,0.075,0.069,0.129
1628969,Mikal Bridges,1610612756,PHX,2018-19,0.556,0.523,0.119,2.1,2.47,1.6,0.5,112.0,-6.8,0.064,0.023,0.085
201144,Mike Conley,1610612763,MEM,2018-19,0.569,0.507,0.262,6.4,3.45,1.3,0.3,105.6,0.7,0.151,0.017,0.088
203488,Mike Muscala,1610612747,LAL,2018-19,0.564,0.525,0.138,1.2,1.58,0.3,0.6,106.5,1.0,0.07,0.041,0.133
203118,Mike Scott,1610612755,PHI,2018-19,0.528,0.52,0.139,0.8,1.5,0.3,0.2,106.4,1.8,0.063,0.029,0.147
1628970,Miles Bridges,1610612766,CHA,2018-19,0.548,0.527,0.147,1.2,1.9,0.7,0.6,111.5,-3.7,0.085,0.037,0.148
203101,Miles Plumlee,1610612737,ATL,2018-19,0.654,0.667,0.166,0.9,1.7,0.3,0.2,111.5,-10.2,0.122,0.085,0.141
1628462,Milos Teodosic,1610612746,LAC,2018-19,0.557,0.55,0.171,2.1,1.52,0.2,0.1,111.2,5.4,0.036,0.021,0.084
1628249,Mitchell Creek,1610612750,MIN,2018-19,0.55,0.5,0.169,1.2,6.0,0.4,0.0,96.1,8.9,0.14,0.109,0.105
1629011,Mitchell Robinson,1610612752,NYK,2018-19,0.692,0.694,0.119,0.6,1.06,0.8,2.4,109.6,-6.2,0.115,0.122,0.166
1628964,Mo Bamba,1610612753,ORL,2018-19,0.539,0.525,0.174,0.8,0.91,0.3,1.4,109.2,-14.9,0.103,0.074,0.213
1628420,Monte Morris,1610612743,DEN,2018-19,0.577,0.56,0.168,3.6,5.71,0.9,0.0,105.1,4.3,0.113,0.017,0.078
1626149,Montrezl Harrell,1610612746,LAC,2018-19,0.636,0.617,0.227,2.0,1.23,0.9,1.3,109.9,1.9,0.14,0.085,0.146
1629021,Moritz Wagner,1610612747,LAL,2018-19,0.533,0.48,0.21,0.6,0.62,0.3,0.3,105.5,-9.8,0.069,0.035,0.142
1626167,Myles Turner,1610612754,IND,2018-19,0.567,0.536,0.199,1.6,1.15,0.8,2.7,104.5,2.8,0.119,0.048,0.195
1628513,Naz Mitrou-Long,1610612762,UTA,2018-19,0.383,0.35,0.139,1.1,1.88,0.1,0.1,124.5,-21.2,0.016,0.011,0.057
202357,Nemanja Bjelica,1610612758,SAC,2018-19,0.585,0.566,0.162,1.9,1.79,0.7,0.7,108.7,2.7,0.096,0.065,0.171
2403,Nene,1610612745,HOU,2018-19,0.552,0.517,0.114,0.6,2.36,0.4,0.4,101.9,9.2,0.069,0.058,0.152
203457,Nerlens Noel,1610612760,OKC,2018-19,0.608,0.587,0.137,0.6,0.94,0.9,1.2,101.7,-2.6,0.122,0.105,0.176
201156,Nick Young,1610612743,DEN,2018-19,0.5,0.5,0.126,0.5,1.0,0.0,0.3,103.8,-5.1,0.003,0.0,0.026
201587,Nicolas Batum,1610612766,CHA,2018-19,0.581,0.553,0.129,3.3,2.11,0.9,0.6,110.3,-0.5,0.084,0.028,0.131
203917,Nik Stauskas,1610612739,CLE,2018-19,0.545,0.506,0.171,1.2,1.59,0.3,0.1,113.7,-12.9,0.078,0.016,0.104
203999,Nikola Jokić,1610612743,DEN,2018-19,0.589,0.545,0.271,7.3,2.34,1.4,0.7,107.5,5.8,0.188,0.089,0.249
202703,Nikola Mirotic,1610612749,MIL,2018-19,0.584,0.546,0.206,1.2,1.15,0.7,0.7,108.3,3.7,0.116,0.045,0.198
202696,Nikola Vučević,1610612753,ORL,2018-19,0.573,0.549,0.276,3.8,1.93,1.0,1.1,106.4,4.0,0.185,0.088,0.286
203943,Noah Vonleh,1610612752,NYK,2018-19,0.561,0.523,0.144,1.9,1.47,0.7,0.8,112.4,-7.7,0.104,0.06,0.234
1626181,Norman Powell,1610612761,TOR,2018-19,0.596,0.568,0.182,1.5,1.4,0.7,0.2,105.5,0.3,0.092,0.013,0.102
1628384,OG Anunoby,1610612761,TOR,2018-19,0.544,0.536,0.148,0.7,0.85,0.7,0.3,106.5,-1.7,0.057,0.04,0.1
1627855,Okaro White,1610612764,WAS,2018-19,0.0,0.0,0.105,0.0,0.0,0.0,0.0,92.9,-26.2,-0.028,0.091,0.143
1629016,Omari Spellman,1610612737,ATL,2018-19,0.516,0.492,0.146,1.0,1.52,0.6,0.5,112.8,-10.3,0.079,0.08,0.144
201956,Omri Casspi,1610612763,MEM,2018-19,0.606,0.581,0.17,0.7,1.13,0.6,0.3,103.2,1.1,0.118,0.033,0.184
203490,Otto Porter Jr.,1610612741,CHI,2018-19,0.569,0.546,0.185,2.1,1.85,1.5,0.6,111.6,-0.4,0.103,0.031,0.153
200782,P.J. Tucker,1610612745,HOU,2018-19,0.547,0.535,0.094,1.2,1.52,1.6,0.5,109.5,4.5,0.056,0.041,0.129
1628408,PJ Dozier,1610612738,BOS,2018-19,0.434,0.429,0.173,0.8,0.0,0.3,0.0,90.1,22.5,0.121,0.102,0.172
1627783,Pascal Siakam,1610612761,TOR,2018-19,0.628,0.591,0.205,3.1,1.61,0.9,0.7,104.2,10.6,0.124,0.05,0.154
1626192,Pat Connaughton,1610612749,MIL,2018-19,0.573,0.56,0.13,2.0,3.7,0.5,0.4,106.1,5.0,0.094,0.046,0.135
201976,Patrick Beverley,1610612746,LAC,2018-19,0.561,0.524,0.12,3.8,3.53,0.9,0.6,108.7,4.0,0.079,0.035,0.135
1627775,Patrick McCaw,1610612761,TOR,2018-19,0.532,0.484,0.093,1.0,1.71,0.8,0.1,109.9,-6.4,0.049,0.017,0.105
202335,Patrick Patterson,1610612760,OKC,2018-19,0.493,0.479,0.118,0.5,1.41,0.3,0.2,107.3,-5.7,0.06,0.043,0.114
201988,Patty Mills,1610612759,SAS,2018-19,0.572,0.545,0.175,3.0,2.63,0.6,0.1,109.1,4.5,0.081,0.012,0.076
2200,Pau Gasol,1610612749,MIL,2018-19,0.529,0.479,0.151,1.7,3.25,0.2,0.5,111.1,-6.2,0.13,0.058,0.304
202331,Paul George,1610612760,OKC,2018-19,0.583,0.529,0.285,4.1,1.55,2.2,0.4,103.9,8.2,0.161,0.033,0.173
200794,Paul Millsap,1610612743,DEN,2018-19,0.57,0.528,0.191,2.0,1.48,1.2,0.8,105.4,8.6,0.113,0.078,0.182
203112,Quincy Acy,1610612756,PHX,2018-19,0.379,0.278,0.088,0.8,2.0,0.1,0.4,96.4,2.8,0.017,0.022,0.153
202347,Quincy Pondexter,1610612759,SAS,2018-19,0.641,0.552,0.129,0.5,1.85,0.2,0.0,101.4,-2.2,0.09,0.028,0.123
1626188,Quinn Cook,1610612744,GSW,2018-19,0.565,0.557,0.2,1.6,2.32,0.3,0.0,112.1,-6.3,0.093,0.021,0.123
1626154,RJ Hunter,1610612738,BOS,2018-19,0.612,0.615,0.226,3.0,0.0,1.0,0.0,79.2,52.8,0.133,0.037,0.05
200765,Rajon Rondo,1610612747,LAL,2018-19,0.473,0.464,0.172,8.0,2.89,1.2,0.2,113.3,-8.6,0.099,0.023,0.142
203526,Raul Neto,1610612762,UTA,2018-19,0.558,0.522,0.184,2.5,2.66,0.4,0.1,98.6,17.5,0.096,0.014,0.105
1628959,Rawle Alkins,1610612741,CHI,2018-19,0.418,0.372,0.173,1.3,1.63,0.1,0.0,111.8,-5.5,0.051,0.077,0.12
1629034,Ray Spalding,1610612756,PHX,2018-19,0.516,0.532,0.164,0.4,0.56,0.6,0.6,105.9,-6.8,0.092,0.091,0.19
101109,Raymond Felton,1610612760,OKC,2018-19,0.505,0.481,0.165,1.6,3.71,0.3,0.2,98.3,2.6,0.089,0.009,0.074
203493,Reggie Bullock Jr.,1610612747,LAL,2018-19,0.563,0.537,0.154,2.0,1.98,0.6,0.2,110.3,-1.3,0.069,0.011,0.082
202704,Reggie Jackson,1610612765,DET,2018-19,0.547,0.504,0.237,4.2,2.32,0.7,0.1,108.4,0.5,0.1,0.019,0.076
1626158,Richaun Holmes,1610612756,PHX,2018-19,0.647,0.608,0.174,0.9,1.15,0.6,1.1,108.9,-5.4,0.125,0.095,0.173
201937,Ricky Rubio,1610612762,UTA,2018-19,0.52,0.458,0.221,6.1,2.31,1.3,0.1,104.1,6.3,0.103,0.017,0.107
203496,Robert Covington,1610612750,MIN,2018-19,0.58,0.548,0.154,1.3,0.98,2.1,1.3,106.2,2.3,0.083,0.022,0.127
1629057,Robert Williams III,1610612738,BOS,2018-19,0.703,0.706,0.101,0.2,0.7,0.3,1.3,104.1,-5.9,0.111,0.086,0.164
201577,Robin Lopez,1610612741,CHI,2018-19,0.598,0.575,0.183,1.2,0.93,0.1,1.1,109.9,-4.4,0.088,0.085,0.085
1629066,Rodions Kurucs,1610612751,BKN,2018-19,0.545,0.514,0.175,0.8,0.68,0.7,0.4,107.4,-0.4,0.069,0.04,0.131
203918,Rodney Hood,1610612757,POR,2018-19,0.545,0.498,0.178,1.8,2.29,0.8,0.2,113.7,-7.4,0.075,0.012,0.071
203585,Rodney McGruder,1610612746,LAC,2018-19,0.51,0.489,0.147,1.7,1.75,0.5,0.2,106.3,-1.4,0.068,0.035,0.106
1627758,Ron Baker,1610612764,WAS,2018-19,0.309,0.225,0.075,1.0,3.0,0.4,0.1,94.9,-5.2,0.013,0.006,0.069
1626178,Rondae Hollis-Jefferson,1610612751,BKN,2018-19,0.464,0.42,0.21,1.6,1.41,0.7,0.5,105.6,0.7,0.088,0.06,0.17
1626220,Royce O'Neale,1610612762,UTA,2018-19,0.589,0.574,0.108,1.5,1.77,0.7,0.3,101.9,4.8,0.073,0.013,0.146
200752,Rudy Gay,1610612759,SAS,2018-19,0.583,0.554,0.216,2.6,1.6,0.8,0.5,106.8,4.1,0.128,0.034,0.209
203497,Rudy Gobert,1610612762,UTA,2018-19,0.682,0.669,0.175,2.0,1.24,0.8,2.3,103.6,6.9,0.17,0.117,0.27
201566,Russell Westbrook,1610612760,OKC,2018-19,0.501,0.468,0.301,10.7,2.41,1.9,0.5,107.4,5.0,0.164,0.036,0.255
201583,Ryan Anderson,1610612748,MIA,2018-19,0.414,0.37,0.12,0.8,1.36,0.2,0.0,108.6,-12.8,0.036,0.055,0.112
1627853,Ryan Arcidiacono,1610612741,CHI,2018-19,0.588,0.544,0.117,3.3,4.27,0.8,0.0,110.2,-5.8,0.078,0.013,0.096
1629151,Ryan Broekhoff,1610612742,DAL,2018-19,0.621,0.603,0.14,0.5,1.38,0.1,0.1,102.8,8.3,0.075,0.017,0.113
1626257,Salah Mejri,1610612742,DAL,2018-19,0.559,0.54,0.153,1.0,1.67,0.3,0.7,108.7,-4.4,0.108,0.081,0.216
1626155,Sam Dekker,1610612764,WAS,2018-19,0.519,0.506,0.157,1.0,1.92,0.8,0.1,112.2,-5.3,0.083,0.064,0.123
203159,Scott Machado,1610612747,LAL,2018-19,0.776,0.75,0.13,0.8,0.0,0.3,0.0,110.3,0.0,0.135,0.0,0.0
1628400,Semi Ojeleye,1610612738,BOS,2018-19,0.531,0.513,0.137,0.4,1.21,0.2,0.1,100.2,6.0,0.057,0.038,0.093
201586,Serge Ibaka,1610612761,TOR,2018-19,0.582,0.557,0.227,1.3,0.87,0.4,1.4,107.4,6.1,0.123,0.078,0.204
203552,Seth Curry,1610612757,POR,2018-19,0.595,0.577,0.164,0.9,1.08,0.5,0.2,105.1,4.3,0.071,0.019,0.062
203894,Shabazz Napier,1610612751,BKN,2018-19,0.534,0.476,0.234,2.6,2.17,0.7,0.3,104.3,1.3,0.106,0.017,0.079
1628983,Shai Gilgeous-Alexander,1610612746,LAC,2018-19,0.554,0.512,0.182,3.3,1.91,1.2,0.5,110.8,-2.0,0.083,0.026,0.078
1629003,Shake Milton,1610612755,PHI,2018-19,0.483,0.471,0.147,0.9,3.0,0.4,0.4,112.1,-1.1,0.049,0.031,0.096
1627885,Shaquille Harrison,1610612741,CHI,2018-19,0.494,0.46,0.16,1.9,2.32,1.2,0.4,110.5,-10.2,0.082,0.022,0.132
2733,Shaun Livingston,1610612744,GSW,2018-19,0.555,0.519,0.118,1.8,3.0,0.5,0.4,107.3,3.2,0.073,0.043,0.071
202714,Shelvin Mack,1610612766,CHA,2018-19,0.489,0.462,0.179,3.2,2.77,0.8,0.1,108.4,-9.1,0.077,0.014,0.069
1628414,Sindarius Thornwell,1610612746,LAC,2018-19,0.485,0.378,0.105,0.3,0.9,0.2,0.1,97.7,-0.8,0.032,0.015,0.108
1627746,Skal Labissiere,1610612757,POR,2018-19,0.593,0.592,0.154,0.5,1.0,0.2,0.3,120.8,-8.3,0.064,0.051,0.185
203524,Solomon Hill,1610612740,NOP,2018-19,0.497,0.472,0.104,1.3,1.77,0.5,0.2,113.0,-6.5,0.042,0.036,0.102
203915,Spencer Dinwiddie,1610612751,BKN,2018-19,0.58,0.517,0.242,4.6,2.05,0.6,0.3,109.8,-2.7,0.11,0.013,0.069
1626169,Stanley Johnson,1610612740,NOP,2018-19,0.485,0.459,0.186,1.3,1.09,0.9,0.2,103.4,-7.9,0.079,0.025,0.142
201939,Stephen Curry,1610612744,GSW,2018-19,0.641,0.604,0.292,5.2,1.88,1.3,0.4,105.8,13.7,0.152,0.02,0.122
1628425,Sterling Brown,1610612749,MIL,2018-19,0.563,0.55,0.149,1.4,1.83,0.4,0.1,106.1,0.2,0.078,0.026,0.13
203500,Steven Adams,1610612760,OKC,2018-19,0.591,0.595,0.16,1.6,0.92,1.5,1.0,105.9,6.7,0.103,0.129,0.133
1629004,Svi Mykhailiuk,1610612765,DET,2018-19,0.447,0.432,0.157,0.9,1.76,0.3,0.0,105.7,-0.5,0.039,0.019,0.055
1628388,T.J. Leaf,1610612754,IND,2018-19,0.572,0.563,0.158,0.4,2.0,0.2,0.3,101.5,3.6,0.111,0.077,0.145
204456,T.J. McConnell,1610612755,PHI,2018-19,0.555,0.542,0.148,3.4,2.84,1.0,0.2,108.8,-0.7,0.097,0.018,0.094
203933,T.J. Warren,1610612756,PHX,2018-19,0.58,0.549,0.221,1.5,1.23,1.2,0.7,114.1,-7.7,0.099,0.022,0.108
1628769,Tahjere McCall,1610612751,BKN,2018-19,0.581,0.667,0.136,0.0,0.0,0.0,0.0,78.9,63.9,0.033,0.0,0.2
201959,Taj Gibson,1610612750,MIN,2018-19,0.612,0.576,0.167,1.2,1.15,0.8,0.6,111.6,-2.1,0.108,0.095,0.161
1627752,Taurean Prince,1610612737,ATL,2018-19,0.575,0.545,0.19,2.1,1.18,1.0,0.3,115.4,-6.9,0.075,0.013,0.11
1628390,Terrance Ferguson,1610612760,OKC,2018-19,0.566,0.552,0.104,1.0,1.53,0.5,0.2,107.1,3.9,0.027,0.015,0.055
203093,Terrence Jones,1610612745,HOU,2018-19,0.225,0.25,0.333,0.0,0.0,0.0,0.0,138.5,-95.6,0.0,0.0,0.571
203082,Terrence Ross,1610612753,ORL,2018-19,0.561,0.534,0.23,1.7,1.5,0.9,0.4,105.9,-0.5,0.11,0.012,0.113
1626179,Terry Rozier,1610612738,BOS,2018-19,0.501,0.477,0.181,2.9,3.4,0.9,0.3,105.9,-1.1,0.103,0.016,0.145
200757,Thabo Sefolosha,1610612762,UTA,2018-19,0.599,0.591,0.129,0.5,1.08,0.9,0.1,99.5,8.8,0.098,0.014,0.181
201152,Thaddeus Young,1610612754,IND,2018-19,0.569,0.557,0.179,2.5,1.66,1.5,0.4,106.5,2.5,0.104,0.078,0.132
1629033,Theo Pinson,1610612751,BKN,2018-19,0.49,0.425,0.191,1.2,1.17,0.3,0.0,94.3,-0.6,0.083,0.015,0.126
1628418,Thomas Bryant,1610612764,WAS,2018-19,0.674,0.648,0.17,1.3,1.53,0.3,0.9,112.6,-3.6,0.135,0.072,0.219
1629118,Thomas Welsh,1610612743,DEN,2018-19,0.648,0.654,0.153,0.5,5.0,0.0,0.0,97.7,2.3,0.106,0.0,0.114
1627748,Thon Maker,1610612765,DET,2018-19,0.53,0.498,0.148,0.7,1.36,0.3,0.8,103.4,0.9,0.074,0.039,0.149
204025,Tim Frazier,1610612749,MIL,2018-19,0.544,0.515,0.132,4.2,3.26,0.5,0.1,110.6,-2.7,0.081,0.035,0.106
203501,Tim Hardaway Jr.,1610612742,DAL,2018-19,0.527,0.474,0.246,2.4,1.51,0.8,0.1,114.5,-9.1,0.085,0.015,0.09
1627789,Timothe Luwawu-Cabarrot,1610612741,CHI,2018-19,0.489,0.459,0.156,0.5,1.24,0.4,0.2,112.9,-14.4,0.049,0.015,0.125
202699,Tobias Harris,1610612755,PHI,2018-19,0.592,0.549,0.225,2.8,1.52,0.6,0.5,110.5,0.4,0.131,0.024,0.188
203107,Tomas Satoransky,1610612764,WAS,2018-19,0.59,0.545,0.139,5.0,3.33,1.0,0.2,110.5,-0.4,0.092,0.036,0.09
1628396,Tony Bradley,1610612762,UTA,2018-19,0.504,0.5,0.2,0.3,0.33,0.7,0.7,126.2,-18.9,0.085,0.196,0.188
2225,Tony Parker,1610612766,CHA,2018-19,0.512,0.474,0.247,3.7,2.76,0.4,0.1,107.5,-0.1,0.109,0.013,0.067
203503,Tony Snell,1610612749,MIL,2018-19,0.585,0.564,0.127,0.9,2.96,0.4,0.2,103.4,6.6,0.069,0.021,0.086
1628470,Torrey Craig,1610612743,DEN,2018-19,0.547,0.526,0.121,1.0,1.64,0.5,0.6,108.7,3.3,0.055,0.057,0.112
1629027,Trae Young,1610612737,ATL,2018-19,0.539,0.48,0.277,8.1,2.12,0.9,0.2,114.8,-6.3,0.119,0.024,0.091
1626203,Treveon Graham,1610612751,BKN,2018-19,0.458,0.435,0.123,1.0,2.0,0.4,0.2,107.1,2.3,0.038,0.028,0.107
1628979,Trevon Duval,1610612745,HOU,2018-19,0.833,0.833,0.231,0.7,0.0,0.0,0.0,100.0,7.7,0.222,0.0,0.2
2772,Trevor Ariza,1610612764,WAS,2018-19,0.534,0.498,0.164,3.7,2.38,1.3,0.3,114.4,-6.8,0.085,0.021,0.139
203504,Trey Burke,1610612742,DAL,2018-19,0.524,0.482,0.242,2.7,3.24,0.6,0.1,108.4,-1.5,0.108,0.023,0.059
1626168,Trey Lyles,1610612743,DEN,2018-19,0.5,0.47,0.229,1.4,1.28,0.5,0.4,105.7,0.0,0.094,0.036,0.172
202684,Tristan Thompson,1610612739,CLE,2018-19,0.551,0.529,0.175,2.0,1.46,0.7,0.4,118.8,-12.3,0.121,0.137,0.237
1628972,Troy Brown Jr.,1610612764,WAS,2018-19,0.487,0.462,0.158,1.5,2.67,0.4,0.1,110.3,-0.3,0.077,0.045,0.149
1628505,Troy Caupain,1610612753,ORL,2018-19,0.625,0.625,0.216,1.0,0.0,0.3,0.0,100.0,25.0,0.218,0.071,0.154
203584,Troy Daniels,1610612756,PHX,2018-19,0.558,0.545,0.171,0.5,0.96,0.5,0.1,110.8,-6.4,0.056,0.016,0.079
1627786,Troy Williams,1610612758,SAC,2018-19,0.531,0.52,0.144,0.5,1.22,0.5,0.4,109.6,-9.5,0.069,0.034,0.144
1628463,Tyler Cavanaugh,1610612762,UTA,2018-19,0.414,0.35,0.118,0.1,1.0,0.0,0.0,124.2,-40.7,0.034,0.065,0.128
1629093,Tyler Davis,1610612760,OKC,2018-19,0.0,0.0,0.333,0.0,0.0,0.0,0.0,0.0,0.0,1.0,0.5,0.0
1628416,Tyler Dorsey,1610612763,MEM,2018-19,0.509,0.489,0.182,1.2,2.07,0.3,0.0,108.4,-2.0,0.072,0.036,0.118
204020,Tyler Johnson,1610612756,PHX,2018-19,0.532,0.498,0.18,2.9,2.16,0.9,0.5,108.5,-4.0,0.085,0.021,0.087
1628399,Tyler Lydon,1610612743,DEN,2018-19,0.595,0.611,0.097,0.2,1.5,0.1,0.0,105.9,-8.3,0.057,0.062,0.133
1627755,Tyler Ulis,1610612741,CHI,2018-19,0.0,0.0,0.0,0.0,0.0,0.0,0.0,0.0,0.0,0.0,0.0,0.0
203092,Tyler Zeller,1610612763,MEM,2018-19,0.607,0.533,0.191,0.7,1.0,0.2,0.5,106.2,6.7,0.081,0.105,0.123
201936,Tyreke Evans,1610612754,IND,2018-19,0.483,0.448,0.255,2.4,1.41,0.8,0.3,103.9,1.9,0.082,0.023,0.114
1627820,Tyrone Wallace,1610612746,LAC,2018-19,0.45,0.433,0.174,0.7,1.17,0.3,0.1,104.2,3.7,0.043,0.03,0.111
2199,Tyson Chandler,1610612747,LAL,2018-19,0.63,0.616,0.084,0.7,0.88,0.4,0.4,104.4,-1.9,0.085,0.094,0.213
1626145,Tyus Jones,1610612750,MIN,2018-19,0.491,0.46,0.139,4.8,6.96,1.2,0.1,108.7,-0.3,0.095,0.014,0.069
2617,Udonis Haslem,1610612748,MIA,2018-19,0.36,0.333,0.196,0.2,0.67,0.0,0.0,103.6,-21.3,0.067,0.031,0.24
203506,Victor Oladipo,1610612754,IND,2018-19,0.519,0.486,0.278,5.2,2.27,1.7,0.3,104.6,5.6,0.13,0.018,0.154
1713,Vince Carter,1610612737,ATL,2018-19,0.565,0.55,0.164,1.1,1.81,0.6,0.4,108.0,-6.3,0.079,0.021,0.114
1629053,Vincent Edwards,1610612745,HOU,2018-19,0.375,0.375,0.111,0.0,0.0,0.0,0.0,115.2,-6.1,0.023,0.059,0.059
1627735,Wade Baldwin IV,1610612757,POR,2018-19,0.396,0.333,0.227,0.8,0.86,0.1,0.1,118.5,-36.8,0.021,0.018,0.123
1627215,Walt Lemon Jr.,1610612741,CHI,2018-19,0.468,0.448,0.253,5.0,3.0,1.8,0.2,111.2,-7.8,0.109,0.021,0.136
201961,Wayne Ellington,1610612765,DET,2018-19,0.569,0.554,0.167,1.4,1.8,1.0,0.1,107.2,-0.5,0.075,0.01,0.073
1627782,Wayne Selden,1610612741,CHI,2018-19,0.491,0.463,0.178,1.5,1.38,0.4,0.2,112.1,-9.6,0.054,0.024,0.098
1628976,Wendell Carter Jr.,1610612741,CHI,2018-19,0.541,0.493,0.192,1.8,1.2,0.6,1.3,109.5,-11.7,0.1,0.075,0.198
1628411,Wes Iwundu,1610612753,ORL,2018-19,0.531,0.465,0.125,1.1,1.66,0.4,0.3,103.1,1.7,0.056,0.027,0.108
202325,Wesley Johnson,1610612764,WAS,2018-19,0.469,0.449,0.115,0.6,1.28,0.4,0.3,111.9,-7.3,0.029,0.02,0.104
202083,Wesley Matthews,1610612754,IND,2018-19,0.546,0.507,0.175,2.3,1.76,0.8,0.2,109.4,-2.0,0.062,0.015,0.063
203115,Will Barton,1610612743,DEN,2018-19,0.501,0.475,0.195,2.9,1.91,0.4,0.5,109.1,0.6,0.08,0.026,0.137
1626161,Willie Cauley-Stein,1610612758,SAC,2018-19,0.566,0.557,0.173,2.4,2.31,1.2,0.6,108.7,1.2,0.118,0.074,0.213
1626195,Willy Hernangomez,1610612766,CHA,2018-19,0.587,0.544,0.206,1.0,1.03,0.3,0.3,115.3,-6.2,0.118,0.13,0.24
201163,Wilson Chandler,1610612746,LAC,2018-19,0.537,0.526,0.115,1.6,1.78,0.5,0.4,108.5,4.2,0.056,0.041,0.132
1628999,Yante Maten,1610612748,MIA,2018-19,0.25,0.25,0.133,0.0,0.0,0.5,0.0,85.2,14.8,0.063,0.071,0.095
1627812,Yogi Ferrell,1610612758,SAC,2018-19,0.55,0.511,0.16,1.9,3.43,0.5,0.1,108.9,-2.6,0.092,0.011,0.085
1629139,Yuta Watanabe,1610612763,MEM,2018-19,0.352,0.314,0.148,0.5,1.33,0.3,0.1,103.0,5.5,0.036,0.022,0.152
1628380,Zach Collins,1610612757,POR,2018-19,0.562,0.523,0.166,0.9,0.92,0.3,0.9,107.8,0.1,0.08,0.078,0.144
203897,Zach LaVine,1610612741,CHI,2018-19,0.574,0.52,0.298,4.5,1.32,1.0,0.4,112.4,-6.5,0.125,0.018,0.113
1629155,Zach Lofton,1610612765,DET,2018-19,0.0,0.0,0.25,0.0,0.0,1.0,0.0,100.0,0.0,-0.056,0.0,0.0
2585,Zaza Pachulia,1610612765,DET,2018-19,0.539,0.44,0.147,1.3,1.6,0.5,0.3,105.3,-4.6,0.088,0.101,0.184
1629015,Zhaire Smith,1610612755,PHI,2018-19,0.533,0.5,0.166,1.7,1.67,0.3,0.3,110.8,7.3,0.054,0.028,0.087
1627753,Zhou Qi,1610612745,HOU,2018-19,1.0,1.0,0.333,0.0,0.0,0.0,0.0,133.3,-66.7,0.333,0.0,0.0
203932,Aaron Gordon,1610612753,ORL,2019-20,0.516,0.484,0.205,3.7,2.28,0.8,0.6,109.7,-1.2,0.104,0.05,0.181
1628988,Aaron Holiday,1610612754,IND,2019-20,0.521,0.491,0.182,3.4,2.56,0.8,0.2,106.9,2.2,0.078,0.013,0.077
1627846,Abdel Nader,1610612760,OKC,2019-20,0.591,0.559,0.164,0.7,0.88,0.4,0.4,105.2,-4.2,0.072,0.016,0.095
1629690,Adam Mokoka,1610612741,CHI,2019-20,0.538,0.536,0.11,0.4,2.0,0.4,0.0,104.4,17.1,0.023,0.057,0.029
1629678,Admiral Schofield,1610612764,WAS,2019-20,0.502,0.484,0.118,0.5,2.14,0.2,0.1,110.0,-7.1,0.035,0.017,0.106
201143,Al Horford,1610612755,PHI,2019-20,0.536,0.52,0.173,4.0,3.38,0.8,0.9,106.8,3.3,0.112,0.051,0.171
202329,Al-Farouq Aminu,1610612753,ORL,2019-20,0.395,0.343,0.127,1.2,1.24,1.0,0.4,100.1,-5.4,0.063,0.053,0.158
202692,Alec Burks,1610612755,PHI,2019-20,0.561,0.493,0.23,2.9,2.08,0.9,0.3,109.8,-6.3,0.119,0.025,0.131
1629346,Alen Smailagic,1610612744,GSW,2019-20,0.61,0.538,0.175,0.9,1.18,0.2,0.3,109.2,-3.0,0.089,0.077,0.11
1627936,Alex Caruso,1610612747,LAL,2019-20,0.525,0.481,0.136,1.9,2.34,1.1,0.3,101.0,9.8,0.072,0.014,0.085
203458,Alex Len,1610612758,SAC,2019-20,0.6,0.58,0.176,0.9,0.91,0.4,0.9,107.8,-5.4,0.118,0.094,0.202
1628035,Alfonzo McKinnie,1610612739,CLE,2019-20,0.493,0.468,0.147,0.4,0.54,0.6,0.2,113.0,-7.4,0.047,0.061,0.131
1628993,Alize Johnson,1610612754,IND,2019-20,0.509,0.466,0.133,0.4,1.0,0.2,0.1,98.4,8.9,0.098,0.122,0.241
203459,Allen Crabbe,1610612750,MIN,2019-20,0.47,0.458,0.122,0.9,1.94,0.4,0.1,112.5,-15.0,0.043,0.014,0.098
1629019,Allonzo Trier,1610612752,NYK,2019-20,0.62,0.571,0.208,1.2,1.27,0.1,0.2,111.1,-11.1,0.092,0.018,0.078
1628518,Amile Jefferson,1610612753,ORL,2019-20,0.372,0.357,0.129,0.2,1.33,0.1,0.2,88.4,8.5,0.051,0.112,0.163
1629599,Amir Coffey,1610612746,LAC,2019-20,0.493,0.481,0.174,0.8,1.75,0.3,0.1,104.6,-0.5,0.047,0.025,0.066
203083,Andre Drummond,1610612739,CLE,2019-20,0.553,0.536,0.253,2.7,0.75,1.9,1.6,112.0,-5.0,0.153,0.129,0.336
2738,Andre Iguodala,1610612748,MIA,2019-20,0.507,0.511,0.121,2.4,1.96,0.7,1.0,108.8,-1.9,0.074,0.04,0.132
203460,Andre Roberson,1610612760,OKC,2019-20,0.335,0.328,0.145,0.6,2.0,0.1,0.4,91.1,-1.1,0.053,0.065,0.204
203952,Andrew Wiggins,1610612744,GSW,2019-20,0.536,0.504,0.269,3.7,1.5,0.8,1.0,112.8,-5.1,0.104,0.033,0.11
1629014,Anfernee Simons,1610612757,POR,2019-20,0.502,0.469,0.18,1.4,1.59,0.4,0.1,113.4,-7.6,0.055,0.015,0.08
1627790,Ante Zizic,1610612739,CLE,2019-20,0.597,0.569,0.168,0.3,0.6,0.3,0.2,112.9,1.3,0.101,0.084,0.211
203076,Anthony Davis,1610612747,LAL,2019-20,0.61,0.536,0.284,3.2,1.3,1.5,2.3,106.4,5.0,0.179,0.065,0.197
201229,Anthony Tolliver,1610612763,MEM,2019-20,0.513,0.492,0.108,0.8,1.24,0.3,0.2,111.6,-6.0,0.049,0.035,0.13
1628499,Antonius Cleveland,1610612742,DAL,2019-20,0.34,0.286,0.159,0.1,0.5,0.1,0.3,115.2,-7.8,-0.008,0.037,0.122
1628394,Anžejs Pasečņiks,1610612764,WAS,2019-20,0.551,0.526,0.151,0.7,0.75,0.3,0.4,109.4,0.2,0.057,0.086,0.153
203382,Aron Baynes,1610612756,PHX,2019-20,0.581,0.558,0.205,1.6,1.34,0.2,0.5,111.7,-1.5,0.094,0.075,0.178
203085,Austin Rivers,1610612745,HOU,2019-20,0.542,0.517,0.153,1.7,2.26,0.7,0.1,110.4,2.6,0.063,0.016,0.089
202340,Avery Bradley,1610612747,LAL,2019-20,0.537,0.526,0.153,1.3,1.34,0.9,0.1,104.0,7.4,0.055,0.015,0.077
1629168,BJ Johnson,1610612753,ORL,2019-20,0.412,0.328,0.201,0.3,0.5,0.3,0.0,104.9,-8.1,0.057,0.033,0.136
1628389,Bam Adebayo,1610612748,MIA,2019-20,0.598,0.558,0.212,5.1,1.8,1.1,1.3,107.7,5.0,0.147,0.077,0.224
203463,Ben McLemore,1610612745,HOU,2019-20,0.622,0.61,0.157,0.8,1.16,0.6,0.2,109.2,5.0,0.066,0.012,0.079
1627732,Ben Simmons,1610612755,PHI,2019-20,0.602,0.581,0.206,8.0,2.28,2.1,0.6,107.3,1.7,0.142,0.054,0.159
202687,Bismack Biyombo,1610612766,CHA,2019-20,0.57,0.543,0.168,0.9,1.04,0.2,0.9,110.8,-6.6,0.097,0.112,0.178
201933,Blake Griffin,1610612765,DET,2019-20,0.476,0.406,0.277,3.3,1.48,0.4,0.4,111.9,-2.6,0.084,0.032,0.128
1626246,Boban Marjanovic,1610612742,DAL,2019-20,0.612,0.583,0.258,0.5,0.67,0.2,0.2,110.5,5.5,0.159,0.158,0.298
1626171,Bobby Portis,1610612752,NYK,2019-20,0.53,0.507,0.207,1.5,1.34,0.5,0.3,110.2,-7.9,0.108,0.053,0.18
203992,Bogdan Bogdanović,1610612758,SAC,2019-20,0.565,0.547,0.221,3.4,2.03,1.0,0.2,110.8,-1.7,0.102,0.014,0.105
202711,Bojan Bogdanovic,1610612762,UTA,2019-20,0.603,0.548,0.252,2.1,0.82,0.5,0.1,108.0,5.5,0.105,0.02,0.1
1629626,Bol Bol,1610612743,DEN,2019-20,0.617,0.571,0.206,0.9,0.6,0.3,0.9,123.3,-9.8,0.082,0.057,0.171
202954,Brad Wanamaker,1610612738,BOS,2019-20,0.577,0.499,0.152,2.5,2.36,0.9,0.2,105.2,5.0,0.086,0.016,0.082
203078,Bradley Beal,1610612764,WAS,2019-20,0.579,0.52,0.338,6.1,1.79,1.2,0.4,117.6,-4.5,0.143,0.024,0.095
1629634,Brandon Clarke,1610612763,MEM,2019-20,0.663,0.642,0.18,1.4,1.47,0.6,0.8,107.8,-0.1,0.139,0.067,0.177
1629164,Brandon Goodwin,1610612737,ATL,2019-20,0.507,0.468,0.22,1.5,1.76,0.4,0.1,108.2,-13.8,0.094,0.023,0.132
1627742,Brandon Ingram,1610612740,NOP,2019-20,0.587,0.531,0.275,4.2,1.37,1.0,0.6,111.3,-1.3,0.13,0.023,0.144
202688,Brandon Knight,1610612765,DET,2019-20,0.503,0.488,0.207,2.8,1.82,0.4,0.1,116.4,-7.6,0.052,0.009,0.093
1628968,Brian Bowen II,1610612754,IND,2019-20,0.3,0.3,0.143,0.0,0.0,0.0,0.2,93.5,15.7,0.018,0.032,0.162
201572,Brook Lopez,1610612749,MIL,2019-20,0.551,0.511,0.181,1.5,1.41,0.7,2.4,100.1,12.0,0.088,0.031,0.118
1628971,Bruce Brown,1610612765,DET,2019-20,0.518,0.48,0.159,4.0,2.3,1.1,0.5,110.4,-4.3,0.083,0.038,0.131
203998,Bruno Caboclo,1610612745,HOU,2019-20,0.484,0.461,0.17,0.4,0.92,0.5,0.6,104.3,-5.1,0.081,0.081,0.145
1628981,Bruno Fernando,1610612737,ATL,2019-20,0.542,0.53,0.147,0.9,1.17,0.3,0.3,107.6,-5.6,0.079,0.085,0.179
1627854,Bryn Forbes,1610612759,SAS,2019-20,0.57,0.544,0.185,1.7,1.89,0.5,0.0,114.8,-6.8,0.064,0.007,0.071
1627741,Buddy Hield,1610612758,SAC,2019-20,0.566,0.545,0.263,3.0,1.27,0.9,0.2,111.9,-3.1,0.104,0.025,0.124
203468,CJ McCollum,1610612757,POR,2019-20,0.541,0.522,0.257,4.4,2.44,0.8,0.6,113.6,0.5,0.103,0.017,0.09
101139,CJ Miles,1610612764,WAS,2019-20,0.472,0.415,0.169,1.2,3.0,1.0,0.4,113.6,-1.3,0.048,0.021,0.05
1628997,Caleb Martin,1610612766,CHA,2019-20,0.595,0.56,0.152,1.3,1.53,0.7,0.4,102.4,0.8,0.077,0.03,0.086
1628403,Caleb Swanigan,1610612757,POR,2019-20,0.597,0.596,0.132,1.1,0.84,0.1,0.3,114.5,-6.5,0.054,0.099,0.248
1629629,Cam Reddish,1610612737,ATL,2019-20,0.5,0.459,0.185,1.5,0.91,1.1,0.5,113.2,-6.3,0.059,0.021,0.11
1629661,Cameron Johnson,1610612756,PHX,2019-20,0.586,0.565,0.151,1.2,2.16,0.6,0.4,108.3,1.0,0.082,0.037,0.109
1626166,Cameron Payne,1610612756,PHX,2019-20,0.612,0.596,0.182,3.0,2.18,1.0,0.3,96.5,23.1,0.109,0.023,0.131
1627747,Caris LeVert,1610612751,BKN,2019-20,0.514,0.48,0.284,4.4,1.69,1.2,0.2,109.5,0.2,0.111,0.034,0.096
2546,Carmelo Anthony,1610612757,POR,2019-20,0.525,0.485,0.214,1.5,0.85,0.8,0.5,113.0,0.6,0.078,0.036,0.145
1629035,Carsen Edwards,1610612738,BOS,2019-20,0.444,0.422,0.171,0.6,1.6,0.3,0.1,100.4,-5.5,0.052,0.014,0.107
1626224,Cedi Osman,1610612739,CLE,2019-20,0.552,0.538,0.162,2.4,1.69,0.8,0.2,115.2,-9.0,0.065,0.02,0.103
1628990,Chandler Hutchison,1610612741,CHI,2019-20,0.521,0.491,0.183,0.9,0.96,1.0,0.3,108.9,-11.9,0.086,0.032,0.18
202718,Chandler Parsons,1610612737,ATL,2019-20,0.389,0.389,0.15,0.6,1.0,0.8,0.2,114.7,-29.0,0.038,0.015,0.12
1629718,Charlie Brown Jr.,1610612737,ATL,2019-20,0.472,0.395,0.231,0.2,0.67,0.2,0.2,73.0,33.9,0.078,0.04,0.048
1626184,Chasson Randle,1610612744,GSW,2019-20,0.377,0.0,0.08,1.7,0.0,0.7,0.0,112.4,-2.0,0.034,0.0,0.053
1627767,Cheick Diallo,1610612756,PHX,2019-20,0.688,0.651,0.169,0.5,0.69,0.2,0.3,107.7,-3.8,0.123,0.063,0.208
1629002,Chimezie Metu,1610612759,SAS,2019-20,0.608,0.571,0.218,0.6,1.0,0.2,0.3,107.2,-6.7,0.157,0.103,0.186
1628449,Chris Boucher,1610612761,TOR,2019-20,0.587,0.535,0.185,0.4,0.93,0.4,1.0,103.8,5.7,0.128,0.121,0.185
1629185,Chris Chiozza,1610612751,BKN,2019-20,0.499,0.489,0.175,3.0,2.59,0.8,0.1,98.5,9.3,0.095,0.02,0.102
1629598,Chris Clemons,1610612745,HOU,2019-20,0.548,0.532,0.235,0.8,1.42,0.3,0.2,107.7,-8.8,0.085,0.012,0.08
101108,Chris Paul,1610612760,OKC,2019-20,0.61,0.552,0.228,6.7,2.93,1.6,0.2,107.1,6.9,0.153,0.012,0.143
1629735,Chris Silva,1610612748,MIA,2019-20,0.651,0.615,0.155,0.5,0.72,0.2,0.5,109.8,-6.0,0.084,0.162,0.184
1626174,Christian Wood,1610612765,DET,2019-20,0.659,0.62,0.223,1.0,0.71,0.5,0.9,108.8,2.0,0.153,0.079,0.214
203991,Clint Capela,1610612737,ATL,2019-20,0.626,0.629,0.156,1.2,0.76,0.8,1.8,107.4,2.5,0.143,0.118,0.265
1629632,Coby White,1610612741,CHI,2019-20,0.506,0.478,0.235,2.7,1.61,0.8,0.1,108.8,-4.4,0.087,0.015,0.128
1628998,Cody Martin,1610612766,CHA,2019-20,0.505,0.473,0.131,2.0,2.16,0.8,0.2,107.7,-3.2,0.076,0.039,0.14
203469,Cody Zeller,1610612766,CHA,2019-20,0.576,0.543,0.201,1.5,1.17,0.7,0.4,113.6,-8.3,0.114,0.11,0.197
1629012,Collin Sexton,1610612739,CLE,2019-20,0.56,0.517,0.264,3.0,1.22,1.0,0.1,117.0,-9.2,0.095,0.028,0.069
201147,Corey Brewer,1610612758,SAC,2019-20,0.47,0.5,0.085,0.4,1.0,0.8,0.0,110.4,11.2,0.033,0.061,0.2
202709,Cory Joseph,1610612758,SAC,2019-20,0.517,0.483,0.127,3.5,3.14,0.7,0.3,107.6,-0.3,0.07,0.024,0.082
201584,Courtney Lee,1610612742,DAL,2019-20,0.629,0.616,0.116,0.5,1.09,0.8,0.3,110.1,6.7,0.052,0.019,0.07
1626245,Cristiano Felicio,1610612741,CHI,2019-20,0.671,0.63,0.088,0.7,0.89,0.5,0.1,118.8,-7.7,0.067,0.144,0.139
1626156,D'Angelo Russell,1610612750,MIN,2019-20,0.556,0.519,0.305,6.3,1.94,1.1,0.3,114.3,-8.1,0.125,0.011,0.107
201571,D.J. Augustin,1610612753,ORL,2019-20,0.554,0.475,0.184,4.6,3.05,0.6,0.0,104.6,1.5,0.102,0.015,0.067
1628391,D.J. Wilson,1610612749,MIL,2019-20,0.475,0.462,0.175,0.7,1.32,0.1,0.1,104.7,-6.3,0.076,0.031,0.181
1629610,DaQuan Jeffries,1610612758,SAC,2019-20,0.586,0.563,0.129,0.5,3.5,0.3,0.1,109.8,3.0,0.056,0.021,0.105
1627745,Damian Jones,1610612737,ATL,2019-20,0.712,0.685,0.113,0.6,1.25,0.5,0.7,117.3,-12.6,0.08,0.08,0.153
203081,Damian Lillard,1610612757,POR,2019-20,0.627,0.563,0.294,8.0,2.73,1.1,0.3,114.3,1.4,0.168,0.013,0.092
1627814,Damion Lee,1610612744,GSW,2019-20,0.548,0.5,0.184,2.7,1.99,1.0,0.1,109.7,-4.1,0.089,0.021,0.144
1628422,Damyean Dotson,1610612752,NYK,2019-20,0.527,0.516,0.158,1.2,2.71,0.5,0.1,107.8,-5.3,0.079,0.011,0.091
1629655,Daniel Gafford,1610612741,CHI,2019-20,0.686,0.701,0.131,0.5,0.72,0.3,1.3,104.5,-1.9,0.076,0.081,0.092
1628464,Daniel Theis,1610612738,BOS,2019-20,0.631,0.603,0.144,1.7,2.06,0.6,1.3,104.0,7.0,0.108,0.086,0.172
201568,Danilo Gallinari,1610612760,OKC,2019-20,0.612,0.547,0.242,1.9,1.57,0.7,0.1,111.2,5.7,0.13,0.02,0.157
201980,Danny Green,1610612747,LAL,2019-20,0.552,0.542,0.135,1.3,1.44,1.3,0.5,106.0,6.4,0.065,0.03,0.1
203957,Danté Exum,1610612739,CLE,2019-20,0.576,0.534,0.145,1.1,1.29,0.4,0.2,107.1,-8.8,0.075,0.024,0.109
1627863,Danuel House Jr.,1610612745,HOU,2019-20,0.572,0.546,0.135,1.3,1.57,1.1,0.5,108.7,3.3,0.07,0.027,0.101
203967,Dario Šarić,1610612756,PHX,2019-20,0.592,0.554,0.174,1.9,1.4,0.6,0.2,112.0,-1.2,0.099,0.06,0.186
1629647,Darius Bazley,1610612760,OKC,2019-20,0.497,0.472,0.146,0.7,0.91,0.4,0.7,102.1,-3.2,0.087,0.025,0.172
1629636,Darius Garland,1610612739,CLE,2019-20,0.498,0.476,0.201,3.9,1.52,0.7,0.1,113.8,-8.7,0.057,0.014,0.046
1629133,Daryl Macon,1610612748,MIA,2019-20,0.5,0.5,0.167,0.3,0.5,0.0,0.0,71.0,7.6,-0.028,0.0,0.0
1628021,David Nwaba,1610612745,HOU,2019-20,0.627,0.606,0.139,0.4,1.0,0.6,0.6,94.9,7.2,0.098,0.027,0.109
202722,Davis Bertans,1610612764,WAS,2019-20,0.628,0.598,0.183,1.7,1.56,0.7,0.6,113.9,-0.3,0.094,0.021,0.13
1628368,De'Aaron Fox,1610612758,SAC,2019-20,0.558,0.513,0.29,6.8,2.2,1.5,0.5,114.6,-4.0,0.124,0.021,0.099
1629631,De'Andre Hunter,1610612737,ATL,2019-20,0.521,0.489,0.173,1.8,1.09,0.7,0.3,113.6,-5.5,0.058,0.021,0.116
1629001,De'Anthony Melton,1610612763,MEM,2019-20,0.501,0.451,0.185,2.9,2.08,1.3,0.3,105.0,5.1,0.093,0.035,0.137
201599,DeAndre Jordan,1610612751,BKN,2019-20,0.682,0.666,0.136,1.9,1.42,0.3,0.9,105.8,-1.8,0.168,0.105,0.293
1627761,DeAndre' Bembry,1610612737,ATL,2019-20,0.5,0.489,0.137,1.9,1.35,1.3,0.4,110.6,-11.8,0.069,0.034,0.123
201942,DeMar DeRozan,1610612759,SAS,2019-20,0.603,0.535,0.262,5.6,2.32,1.0,0.3,113.7,-1.8,0.14,0.019,0.139
201960,DeMarre Carroll,1610612745,HOU,2019-20,0.515,0.439,0.148,1.0,1.47,0.3,0.2,105.5,0.0,0.059,0.042,0.138
1629731,Dean Wade,1610612739,CLE,2019-20,0.744,0.769,0.091,0.2,0.67,0.2,0.3,113.5,-6.5,0.089,0.038,0.213
1629028,Deandre Ayton,1610612756,PHX,2019-20,0.568,0.548,0.231,1.9,0.9,0.7,1.5,108.5,4.0,0.137,0.12,0.225
1627749,Dejounte Murray,1610612759,SAS,2019-20,0.524,0.494,0.207,4.1,2.17,1.7,0.3,113.5,-4.2,0.111,0.04,0.184
1626153,Delon Wright,1610612742,DAL,2019-20,0.554,0.519,0.14,3.3,3.34,1.2,0.3,109.5,1.7,0.106,0.04,0.124
203471,Dennis Schröder,1610612760,OKC,2019-20,0.575,0.534,0.262,4.0,1.58,0.7,0.2,103.0,5.5,0.122,0.01,0.099
1628372,Dennis Smith Jr.,1610612752,NYK,2019-20,0.399,0.379,0.223,2.9,1.69,0.8,0.2,112.8,-17.1,0.049,0.034,0.102
1627756,Denzel Valentine,1610612741,CHI,2019-20,0.511,0.506,0.229,1.2,1.65,0.7,0.2,104.7,-5.0,0.094,0.016,0.138
1629126,Deonte Burton,1610612760,OKC,2019-20,0.396,0.384,0.173,0.4,0.89,0.2,0.3,104.1,-12.7,0.035,0.017,0.119
202324,Derrick Favors,1610612740,NOP,2019-20,0.62,0.618,0.135,1.6,1.47,0.6,0.9,107.9,4.2,0.129,0.121,0.249
1627884,Derrick Jones Jr.,1610612748,MIA,2019-20,0.62,0.58,0.135,1.1,2.07,1.0,0.6,110.4,-0.5,0.087,0.049,0.115
201565,Derrick Rose,1610612765,DET,2019-20,0.555,0.52,0.303,5.6,2.21,0.8,0.3,112.2,-3.4,0.14,0.021,0.071
1628476,Derrick Walton Jr.,1610612765,DET,2019-20,0.617,0.59,0.079,1.0,5.4,0.3,0.0,104.6,-0.9,0.058,0.007,0.054
1628401,Derrick White,1610612759,SAS,2019-20,0.593,0.53,0.183,3.5,2.71,0.6,0.9,109.2,1.0,0.102,0.02,0.105
1626164,Devin Booker,1610612756,PHX,2019-20,0.618,0.544,0.294,6.5,1.73,0.7,0.3,112.2,2.7,0.138,0.012,0.106
1628985,Devon Hall,1610612760,OKC,2019-20,0.298,0.267,0.182,1.2,2.6,0.4,0.1,94.6,3.8,0.015,0.019,0.06
1629719,Devontae Cacok,1610612747,LAL,2019-20,0.5,0.5,0.222,1.0,0.0,0.0,0.0,109.1,22.7,0.147,0.167,0.333
1628984,Devonte' Graham,1610612766,CHA,2019-20,0.537,0.495,0.243,7.5,2.6,1.0,0.2,111.8,-4.5,0.109,0.018,0.078
1629608,Dewan Hernandez,1610612761,TOR,2019-20,0.432,0.393,0.257,0.5,1.0,0.2,0.0,103.1,17.2,0.073,0.172,0.265
203473,Dewayne Dedmon,1610612737,ATL,2019-20,0.473,0.443,0.179,0.5,0.39,0.6,0.9,108.1,-0.7,0.065,0.075,0.241
1628415,Dillon Brooks,1610612763,MEM,2019-20,0.51,0.476,0.247,2.1,1.21,0.9,0.4,108.9,-0.3,0.062,0.03,0.076
203079,Dion Waiters,1610612747,LAL,2019-20,0.521,0.49,0.243,2.0,1.25,0.4,0.6,104.5,7.8,0.079,0.009,0.102
1627734,Domantas Sabonis,1610612754,IND,2019-20,0.586,0.55,0.229,5.0,1.82,0.8,0.5,106.8,3.1,0.156,0.089,0.262
1628378,Donovan Mitchell,1610612762,UTA,2019-20,0.558,0.513,0.303,4.3,1.6,1.0,0.2,108.6,2.6,0.125,0.023,0.101
1629743,Donta Hall,1610612751,BKN,2019-20,0.652,0.682,0.109,0.4,0.8,0.3,0.7,114.5,-12.0,0.071,0.093,0.197
1628978,Donte DiVincenzo,1610612749,MIL,2019-20,0.557,0.536,0.168,2.3,1.71,1.3,0.3,99.6,12.2,0.102,0.041,0.14
1627827,Dorian Finney-Smith,1610612742,DAL,2019-20,0.595,0.575,0.128,1.6,1.65,0.6,0.5,109.5,6.5,0.072,0.066,0.113
203926,Doug McDermott,1610612754,IND,2019-20,0.62,0.605,0.186,1.1,1.86,0.2,0.1,105.5,3.2,0.093,0.018,0.098
1627733,Dragan Bender,1610612744,GSW,2019-20,0.545,0.527,0.18,1.8,1.33,0.3,0.6,104.8,1.1,0.079,0.06,0.183
203110,Draymond Green,1610612744,GSW,2019-20,0.489,0.446,0.156,6.2,2.71,1.4,0.8,110.4,-7.2,0.1,0.018,0.192
1629234,Drew Eubanks,1610612759,SAS,2019-20,0.682,0.649,0.15,0.7,0.71,0.2,0.8,112.5,-11.0,0.104,0.099,0.203
1629130,Duncan Robinson,1610612748,MIA,2019-20,0.684,0.667,0.157,1.4,1.46,0.5,0.3,106.2,7.5,0.082,0.005,0.099
1628605,Dusty Hannahs,1610612763,MEM,2019-20,0.607,0.556,0.286,0.0,0.0,0.0,0.0,127.6,17.2,0.08,0.0,0.063
1628407,Dwayne Bacon,1610612766,CHA,2019-20,0.419,0.387,0.189,1.3,1.41,0.6,0.1,109.1,-8.2,0.049,0.02,0.124
2730,Dwight Howard,1610612747,LAL,2019-20,0.696,0.735,0.146,0.7,0.54,0.4,1.1,106.4,5.9,0.114,0.128,0.257
203939,Dwight Powell,1610612742,DAL,2019-20,0.677,0.659,0.126,1.5,1.64,0.9,0.6,107.4,8.9,0.094,0.071,0.132
1629058,Dzanan Musa,1610612751,BKN,2019-20,0.484,0.427,0.193,1.1,1.19,0.4,0.0,105.1,-2.5,0.074,0.039,0.117
202734,E'Twaun Moore,1610612740,NOP,2019-20,0.51,0.498,0.196,1.4,1.95,0.6,0.2,110.3,-2.2,0.074,0.027,0.095
202334,Ed Davis,1610612762,UTA,2019-20,0.489,0.478,0.092,0.4,0.92,0.4,0.3,110.4,-15.2,0.059,0.107,0.234
1628410,Edmond Sumner,1610612754,IND,2019-20,0.491,0.479,0.167,1.8,2.5,0.5,0.3,107.3,-2.6,0.058,0.024,0.073
203901,Elfrid Payton,1610612752,NYK,2019-20,0.47,0.455,0.19,7.2,3.36,1.6,0.4,112.3,-3.0,0.111,0.039,0.126
1629059,Elie Okobo,1610612756,PHX,2019-20,0.516,0.467,0.147,2.1,3.03,0.4,0.1,109.0,-3.2,0.079,0.022,0.102
1626144,Emmanuel Mudiay,1610612762,UTA,2019-20,0.543,0.508,0.218,2.1,1.53,0.4,0.2,107.4,-2.0,0.095,0.021,0.117
202683,Enes Freedom,1610612738,BOS,2019-20,0.599,0.573,0.186,1.0,1.0,0.4,0.7,103.9,9.9,0.153,0.158,0.257
202339,Eric Bledsoe,1610612749,MIL,2019-20,0.571,0.528,0.233,5.4,2.22,0.9,0.4,100.8,11.8,0.125,0.025,0.121
201569,Eric Gordon,1610612745,HOU,2019-20,0.51,0.473,0.215,1.5,1.26,0.6,0.4,110.4,0.4,0.056,0.008,0.056
1628450,Eric Mika,1610612758,SAC,2019-20,0.773,0.667,0.089,0.0,0.0,0.0,0.0,102.4,19.5,0.077,0.111,0.263
1629672,Eric Paschall,1610612744,GSW,2019-20,0.571,0.526,0.207,2.1,1.35,0.5,0.2,114.2,-10.6,0.096,0.047,0.116
101141,Ersan Ilyasova,1610612749,MIL,2019-20,0.589,0.546,0.158,0.8,1.44,0.4,0.3,105.3,4.2,0.105,0.059,0.212
203095,Evan Fournier,1610612753,ORL,2019-20,0.595,0.56,0.237,3.2,1.67,1.1,0.2,109.5,-1.8,0.097,0.008,0.074
202323,Evan Turner,1610612750,MIN,2019-20,0.424,0.373,0.154,2.0,1.46,0.5,0.4,103.6,-11.4,0.062,0.028,0.107
1628402,Frank Jackson,1610612740,NOP,2019-20,0.51,0.476,0.203,1.0,1.24,0.3,0.1,113.3,-3.4,0.055,0.025,0.07
1626163,Frank Kaminsky,1610612756,PHX,2019-20,0.545,0.516,0.204,1.9,2.03,0.4,0.3,109.0,-1.0,0.099,0.043,0.179
1628412,Frank Mason III,1610612749,MIL,2019-20,0.53,0.51,0.228,3.2,2.64,0.6,0.1,98.9,-1.8,0.123,0.034,0.097
1628373,Frank Ntilikina,1610612752,NYK,2019-20,0.497,0.459,0.152,3.0,2.42,0.9,0.3,108.7,-3.9,0.063,0.018,0.082
1627832,Fred VanVleet,1610612761,TOR,2019-20,0.553,0.507,0.218,6.6,2.95,1.9,0.3,104.3,4.8,0.116,0.009,0.088
1627788,Furkan Korkmaz,1610612755,PHI,2019-20,0.579,0.557,0.177,1.1,1.34,0.6,0.2,106.6,2.7,0.078,0.011,0.093
1629216,Gabe Vincent,1610612748,MIA,2019-20,0.297,0.297,0.196,0.7,6.0,0.6,0.0,105.1,-15.9,0.007,0.0,0.053
202066,Garrett Temple,1610612751,BKN,2019-20,0.513,0.486,0.162,2.5,2.52,0.8,0.5,106.9,-1.4,0.078,0.015,0.096
1629726,Garrison Mathews,1610612764,WAS,2019-20,0.691,0.598,0.137,0.6,1.25,0.4,0.1,104.7,7.1,0.078,0.025,0.075
1629109,Gary Clark,1610612753,ORL,2019-20,0.568,0.553,0.105,0.4,1.7,0.1,0.5,109.3,-5.1,0.065,0.058,0.116
203914,Gary Harris,1610612743,DEN,2019-20,0.519,0.487,0.15,2.1,1.97,1.4,0.3,107.1,3.4,0.062,0.015,0.077
1627780,Gary Payton II,1610612764,WAS,2019-20,0.473,0.47,0.129,1.7,2.4,1.1,0.2,116.1,-14.3,0.069,0.053,0.127
1629018,Gary Trent Jr.,1610612757,POR,2019-20,0.587,0.571,0.15,1.0,2.9,0.8,0.3,113.6,-1.4,0.069,0.017,0.052
201588,George Hill,1610612749,MIL,2019-20,0.659,0.624,0.152,3.1,3.16,0.8,0.1,102.1,10.6,0.117,0.038,0.086
1627777,Georges Niang,1610612762,UTA,2019-20,0.589,0.578,0.163,0.7,1.47,0.3,0.1,108.1,-1.1,0.08,0.015,0.117
203507,Giannis Antetokounmpo,1610612749,MIL,2019-20,0.613,0.589,0.363,5.6,1.54,1.0,1.0,97.4,15.4,0.239,0.068,0.307
203922,Glenn Robinson III,1610612755,PHI,2019-20,0.577,0.552,0.16,1.5,1.75,0.9,0.3,114.3,-7.8,0.084,0.043,0.106
1629048,Goga Bitadze,1610612754,IND,2019-20,0.523,0.493,0.17,0.4,0.82,0.2,0.7,103.7,-1.4,0.072,0.052,0.146
201609,Goran Dragic,1610612748,MIA,2019-20,0.573,0.526,0.248,5.1,2.09,0.7,0.2,108.2,3.5,0.114,0.017,0.09
202330,Gordon Hayward,1610612738,BOS,2019-20,0.595,0.561,0.206,4.1,2.21,0.7,0.4,105.4,8.5,0.132,0.031,0.159
203476,Gorgui Dieng,1610612763,MEM,2019-20,0.568,0.53,0.175,1.2,1.22,0.8,0.9,103.2,-3.6,0.131,0.074,0.221
1629684,Grant Williams,1610612738,BOS,2019-20,0.505,0.469,0.112,1.0,1.36,0.4,0.5,103.5,6.3,0.038,0.053,0.106
1628960,Grayson Allen,1610612763,MEM,2019-20,0.609,0.58,0.171,1.4,1.58,0.3,0.1,111.1,-6.0,0.083,0.01,0.103
1628977,Hamidou Diallo,1610612760,OKC,2019-20,0.491,0.473,0.173,0.8,0.71,0.8,0.2,101.9,0.9,0.061,0.046,0.124
203084,Harrison Barnes,1610612758,SAC,2019-20,0.574,0.525,0.172,2.2,1.81,0.6,0.2,111.4,-2.5,0.09,0.03,0.111
1628385,Harry Giles III,1610612758,SAC,2019-20,0.58,0.554,0.206,1.3,1.36,0.5,0.4,115.0,-8.2,0.103,0.065,0.241
202355,Hassan Whiteside,1610612757,POR,2019-20,0.644,0.624,0.192,1.2,0.65,0.4,2.9,112.0,2.7,0.159,0.123,0.294
1627740,Henry Ellenson,1610612751,BKN,2019-20,0.143,0.143,0.159,0.2,0.0,0.0,0.0,54.3,27.3,0.041,0.111,0.19
101133,Ian Mahinmi,1610612764,WAS,2019-20,0.545,0.507,0.154,1.3,1.09,0.8,1.2,114.0,-4.5,0.078,0.089,0.176
1629649,Ignas Brazdeikis,1610612752,NYK,2019-20,0.351,0.295,0.218,0.4,2.0,0.0,0.1,116.8,-7.1,0.018,0.036,0.068
202697,Iman Shumpert,1610612751,BKN,2019-20,0.403,0.391,0.134,0.9,1.2,0.9,0.2,106.2,-9.0,0.039,0.035,0.092
1629067,Isaac Bonga,1610612764,WAS,2019-20,0.608,0.558,0.106,1.2,1.31,0.7,0.3,106.9,-0.4,0.062,0.052,0.121
1628392,Isaiah Hartenstein,1610612745,HOU,2019-20,0.674,0.657,0.144,0.8,1.13,0.4,0.5,104.6,8.7,0.118,0.107,0.2
1629676,Isaiah Roby,1610612760,OKC,2019-20,0.0,0.0,0.071,0.0,0.0,0.0,0.0,100.0,-11.5,-0.02,0.0,0.167
202738,Isaiah Thomas,1610612764,WAS,2019-20,0.531,0.5,0.236,3.7,1.9,0.3,0.2,120.2,-10.4,0.07,0.011,0.063
202397,Ish Smith,1610612764,WAS,2019-20,0.509,0.492,0.186,4.9,3.52,0.9,0.4,113.1,-3.9,0.1,0.015,0.103
1627826,Ivica Zubac,1610612746,LAC,2019-20,0.651,0.613,0.163,1.1,1.34,0.2,0.9,104.1,8.9,0.143,0.14,0.24
200826,J.J. Barea,1610612742,DAL,2019-20,0.512,0.488,0.245,3.9,2.95,0.2,0.1,109.7,2.9,0.105,0.022,0.097
1629122,J.P. Macura,1610612739,CLE,2019-20,0.0,0.0,0.0,0.0,0.0,0.0,0.0,0.0,150.0,0.0,0.0,0.0
200755,JJ Redick,1610612740,NOP,2019-20,0.644,0.596,0.197,2.0,1.59,0.3,0.2,112.7,-1.0,0.098,0.006,0.083
2747,JR Smith,1610612747,LAL,2019-20,0.372,0.341,0.144,0.5,0.75,0.2,0.0,117.9,-16.7,0.006,0.0,0.06
1629630,Ja Morant,1610612763,MEM,2019-20,0.556,0.509,0.256,7.3,2.22,0.9,0.3,108.1,-0.6,0.13,0.024,0.09
203960,JaKarr Sampson,1610612754,IND,2019-20,0.615,0.6,0.126,0.6,1.4,0.5,0.4,103.8,1.9,0.075,0.042,0.141
203210,JaMychal Green,1610612746,LAC,2019-20,0.576,0.56,0.132,0.8,0.91,0.5,0.4,105.7,5.0,0.083,0.055,0.209
201580,JaVale McGee,1610612747,LAL,2019-20,0.652,0.642,0.145,0.5,0.67,0.5,1.4,105.7,5.8,0.113,0.111,0.218
203953,Jabari Parker,1610612758,SAC,2019-20,0.571,0.548,0.233,1.8,1.06,1.2,0.4,115.3,-4.9,0.113,0.065,0.17
1628980,Jacob Evans,1610612750,MIN,2019-20,0.436,0.384,0.167,1.1,1.24,0.4,0.4,110.0,-11.0,0.033,0.019,0.077
203109,Jae Crowder,1610612748,MIA,2019-20,0.553,0.521,0.152,2.5,2.33,1.1,0.4,111.9,-2.9,0.089,0.026,0.169
1626143,Jahlil Okafor,1610612740,NOP,2019-20,0.642,0.627,0.195,1.2,0.97,0.2,0.7,115.7,-10.1,0.109,0.094,0.164
1627774,Jake Layman,1610612750,MIN,2019-20,0.544,0.52,0.165,0.7,0.63,0.7,0.4,104.6,2.0,0.059,0.03,0.075
1627751,Jakob Poeltl,1610612759,SAS,2019-20,0.612,0.624,0.125,1.8,2.15,0.6,1.4,108.9,5.7,0.107,0.108,0.194
1628973,Jalen Brunson,1610612742,DAL,2019-20,0.553,0.522,0.199,3.3,2.85,0.4,0.1,105.6,7.6,0.107,0.021,0.1
1629665,Jalen Lecque,1610612756,PHX,2019-20,0.46,0.4,0.186,0.4,1.0,0.0,0.0,104.1,-20.2,0.027,0.0,0.057
1629667,Jalen McDaniels,1610612766,CHA,2019-20,0.574,0.536,0.131,0.8,1.18,0.5,0.2,108.8,-3.6,0.075,0.05,0.172
2037,Jamal Crawford,1610612751,BKN,2019-20,0.625,0.625,0.235,3.0,0.0,0.0,0.0,106.7,26.7,0.122,0.0,0.0
1627750,Jamal Murray,1610612743,DEN,2019-20,0.559,0.519,0.248,4.8,2.24,1.1,0.3,107.7,5.3,0.121,0.024,0.101
203516,James Ennis III,1610612753,ORL,2019-20,0.565,0.522,0.151,0.9,1.09,0.5,0.3,110.2,0.1,0.068,0.055,0.137
201935,James Harden,1610612745,HOU,2019-20,0.626,0.543,0.356,7.5,1.66,1.8,0.9,108.2,5.8,0.19,0.026,0.139
201949,James Johnson,1610612750,MIN,2019-20,0.572,0.556,0.186,2.3,1.54,0.8,1.0,113.8,-4.6,0.086,0.038,0.145
201162,Jared Dudley,1610612747,LAL,2019-20,0.558,0.55,0.081,0.6,3.5,0.3,0.1,98.4,3.3,0.06,0.017,0.119
1629607,Jared Harper,1610612752,NYK,2019-20,0.25,0.25,0.222,0.0,0.0,0.0,0.0,144.4,-61.1,-0.026,0.0,0.0
1628991,Jaren Jackson Jr.,1610612763,MEM,2019-20,0.593,0.565,0.238,1.4,0.79,0.7,1.6,110.9,-2.6,0.089,0.033,0.12
1629020,Jarred Vanderbilt,1610612750,MIN,2019-20,0.676,0.625,0.133,0.2,0.29,0.3,0.1,113.9,-23.4,0.049,0.065,0.143
1629714,Jarrell Brantley,1610612762,UTA,2019-20,0.416,0.411,0.155,1.2,1.57,0.3,0.6,107.7,-17.0,0.074,0.019,0.189
1628386,Jarrett Allen,1610612751,BKN,2019-20,0.664,0.649,0.148,1.6,1.43,0.6,1.3,109.6,0.9,0.139,0.108,0.226
1629633,Jarrett Culver,1610612750,MIN,2019-20,0.467,0.462,0.187,1.7,1.36,0.9,0.6,109.3,-3.3,0.055,0.041,0.092
1627784,Jarrod Uthoff,1610612764,WAS,2019-20,0.503,0.472,0.141,0.0,0.0,0.1,0.0,98.2,8.1,0.06,0.032,0.074
1629750,Javonte Green,1610612738,BOS,2019-20,0.564,0.536,0.149,0.5,1.13,0.5,0.2,106.2,-2.6,0.086,0.051,0.134
1629637,Jaxson Hayes,1610612740,NOP,2019-20,0.689,0.674,0.146,0.9,1.06,0.4,0.9,109.7,-1.8,0.096,0.085,0.14
1627759,Jaylen Brown,1610612738,BOS,2019-20,0.583,0.554,0.245,2.1,0.94,1.1,0.4,106.8,6.9,0.113,0.031,0.149
1629658,Jaylen Hoard,1610612757,POR,2019-20,0.504,0.469,0.153,0.3,1.0,0.4,0.0,109.1,3.0,0.088,0.111,0.158
1629669,Jaylen Nowell,1610612750,MIN,2019-20,0.471,0.387,0.165,1.3,6.33,0.2,0.1,98.5,1.2,0.08,0.016,0.065
1628369,Jayson Tatum,1610612738,BOS,2019-20,0.567,0.527,0.28,3.0,1.29,1.4,0.9,103.5,10.6,0.143,0.027,0.165
201145,Jeff Green,1610612745,HOU,2019-20,0.59,0.552,0.188,1.0,1.19,0.5,0.4,109.4,-3.8,0.086,0.024,0.108
201952,Jeff Teague,1610612737,ATL,2019-20,0.557,0.48,0.192,5.2,2.66,0.7,0.3,113.7,-5.7,0.1,0.017,0.074
203924,Jerami Grant,1610612743,DEN,2019-20,0.591,0.555,0.177,1.2,1.4,0.7,0.8,112.3,-2.1,0.083,0.031,0.099
1629725,Jeremiah Martin,1610612751,BKN,2019-20,0.541,0.5,0.268,2.0,4.5,0.8,0.2,115.8,-8.4,0.133,0.01,0.089
203087,Jeremy Lamb,1610612754,IND,2019-20,0.547,0.506,0.195,2.1,1.92,1.2,0.5,109.8,-0.9,0.095,0.019,0.135
202951,Jeremy Pargo,1610612744,GSW,2019-20,0.557,0.568,0.268,2.7,2.0,0.3,0.0,109.7,2.4,0.07,0.024,0.048
1626170,Jerian Grant,1610612764,WAS,2019-20,0.449,0.407,0.166,1.5,3.0,0.2,0.2,107.0,-3.6,0.032,0.022,0.056
1629010,Jerome Robinson,1610612764,WAS,2019-20,0.476,0.45,0.155,1.4,1.78,0.4,0.3,106.0,-1.0,0.05,0.012,0.11
1628975,Jevon Carter,1610612756,PHX,2019-20,0.563,0.543,0.127,1.4,2.63,0.8,0.3,105.6,0.7,0.073,0.031,0.09
202710,Jimmy Butler III,1610612748,MIA,2019-20,0.585,0.474,0.246,6.0,2.76,1.8,0.6,108.0,5.2,0.159,0.055,0.139
201149,Joakim Noah,1610612746,LAC,2019-20,0.608,0.5,0.14,1.4,1.17,0.2,0.2,103.4,-14.6,0.099,0.091,0.169
1629147,Joe Chealey,1610612766,CHA,2019-20,0.127,0.0,0.128,0.3,0.5,1.0,0.0,93.0,-23.4,-0.04,0.0,0.0
203925,Joe Harris,1610612751,BKN,2019-20,0.606,0.596,0.179,2.1,1.38,0.6,0.2,109.9,0.9,0.088,0.028,0.102
204060,Joe Ingles,1610612762,UTA,2019-20,0.595,0.572,0.148,5.2,2.63,0.9,0.2,105.6,5.1,0.096,0.013,0.112
203954,Joel Embiid,1610612755,PHI,2019-20,0.59,0.512,0.315,3.0,0.96,0.9,1.3,102.0,5.2,0.194,0.091,0.279
1628381,John Collins,1610612737,ATL,2019-20,0.659,0.632,0.224,1.5,0.8,0.8,1.6,112.1,-5.1,0.152,0.08,0.208
203089,John Henson,1610612765,DET,2019-20,0.578,0.579,0.16,1.4,1.5,0.6,1.1,104.7,-0.7,0.108,0.077,0.191
1629723,John Konchar,1610612763,MEM,2019-20,0.713,0.716,0.097,1.2,3.14,0.4,0.2,104.8,4.9,0.131,0.093,0.152
1628405,Johnathan Motley,1610612746,LAC,2019-20,0.774,0.767,0.235,0.6,1.6,0.2,0.0,105.4,5.7,0.172,0.077,0.189
1629140,Johnathan Williams,1610612764,WAS,2019-20,0.566,0.559,0.1,0.5,1.6,0.1,0.5,112.9,-11.6,0.103,0.119,0.215
1628413,Jonah Bolden,1610612756,PHX,2019-20,0.392,0.364,0.13,0.0,0.0,0.4,0.3,108.9,-3.2,0.003,0.064,0.14
202685,Jonas Valančiūnas,1610612763,MEM,2019-20,0.631,0.606,0.211,1.9,1.03,0.4,1.1,107.3,0.3,0.163,0.11,0.279
1628371,Jonathan Isaac,1610612753,ORL,2019-20,0.552,0.518,0.181,1.4,0.98,1.6,2.3,105.7,0.7,0.108,0.056,0.177
1628395,Jordan Bell,1610612739,CLE,2019-20,0.577,0.552,0.159,0.6,0.76,0.1,0.3,109.7,-1.6,0.096,0.11,0.187
1629648,Jordan Bone,1610612765,DET,2019-20,0.3,0.3,0.171,0.8,4.0,0.1,0.0,104.7,-2.9,0.011,0.0,0.091
203903,Jordan Clarkson,1610612762,UTA,2019-20,0.574,0.542,0.254,1.9,1.4,0.6,0.2,111.0,-0.5,0.105,0.028,0.078
1629162,Jordan McLaughlin,1610612750,MIN,2019-20,0.587,0.57,0.151,4.2,4.03,1.1,0.1,111.1,-5.8,0.11,0.01,0.079
203895,Jordan McRae,1610612765,DET,2019-20,0.515,0.469,0.239,2.5,2.16,0.6,0.4,113.7,-4.1,0.093,0.022,0.139
1629673,Jordan Poole,1610612744,GSW,2019-20,0.454,0.406,0.2,2.4,1.81,0.6,0.2,110.0,-8.2,0.051,0.007,0.087
1627982,Josh Gray,1610612740,NOP,2019-20,0.5,0.5,0.137,1.0,0.4,0.0,0.0,91.5,-14.9,-0.024,0.053,0.04
1628404,Josh Hart,1610612740,NOP,2019-20,0.563,0.537,0.15,1.7,1.44,1.0,0.4,111.2,-3.1,0.091,0.032,0.195
1628367,Josh Jackson,1610612763,MEM,2019-20,0.547,0.513,0.214,1.6,1.25,0.8,0.4,106.2,2.5,0.092,0.027,0.128
203705,Josh Magette,1610612753,ORL,2019-20,0.378,0.367,0.226,0.6,1.0,0.4,0.1,87.3,2.4,0.057,0.022,0.128
1629006,Josh Okogie,1610612750,MIN,2019-20,0.553,0.479,0.148,1.6,1.14,1.1,0.4,111.0,-4.7,0.07,0.05,0.114
1629729,Josh Reaves,1610612742,DAL,2019-20,0.405,0.333,0.161,0.8,0.0,0.0,0.0,91.7,15.5,0.024,0.03,0.063
1626196,Josh Richardson,1610612755,PHI,2019-20,0.533,0.496,0.2,2.9,1.56,0.9,0.7,106.0,3.3,0.078,0.023,0.075
201950,Jrue Holiday,1610612740,NOP,2019-20,0.537,0.516,0.241,6.7,2.22,1.6,0.8,109.5,0.5,0.115,0.034,0.095
1629308,Juan Toscano-Anderson,1610612744,GSW,2019-20,0.529,0.524,0.125,2.0,1.63,1.0,0.4,111.5,-12.0,0.074,0.031,0.163
1627823,Juancho Hernangomez,1610612750,MIN,2019-20,0.518,0.494,0.149,0.8,1.25,0.4,0.2,110.9,-2.3,0.072,0.046,0.184
203944,Julius Randle,1610612752,NYK,2019-20,0.538,0.492,0.271,3.1,1.03,0.8,0.3,111.6,-5.9,0.131,0.067,0.223
1626147,Justin Anderson,1610612751,BKN,2019-20,0.352,0.342,0.162,0.8,2.0,0.0,0.6,106.8,-0.1,0.028,0.008,0.167
203200,Justin Holiday,1610612754,IND,2019-20,0.585,0.566,0.13,1.3,2.11,1.2,0.6,106.4,1.3,0.076,0.017,0.104
1628382,Justin Jackson,1610612742,DAL,2019-20,0.496,0.466,0.15,0.8,3.71,0.2,0.2,111.9,0.5,0.061,0.024,0.119
1629713,Justin James,1610612758,SAC,2019-20,0.477,0.47,0.181,0.5,2.25,0.2,0.3,100.2,-2.4,0.075,0.024,0.111
1628383,Justin Patton,1610612765,DET,2019-20,0.45,0.45,0.194,0.4,1.0,0.0,0.0,126.8,-32.0,0.029,0.042,0.174
1629620,Justin Robinson,1610612764,WAS,2019-20,0.542,0.542,0.133,0.8,2.33,0.0,0.1,81.0,29.9,0.077,0.022,0.098
1629625,Justin Wright-Foreman,1610612762,UTA,2019-20,0.437,0.4,0.225,1.8,2.33,0.5,0.0,121.1,-32.5,0.065,0.0,0.125
1626159,Justise Winslow,1610612763,MEM,2019-20,0.44,0.411,0.19,4.0,1.83,0.6,0.5,99.9,6.4,0.074,0.043,0.154
203994,Jusuf Nurkić,1610612757,POR,2019-20,0.567,0.505,0.232,4.0,1.68,1.4,2.0,122.0,-0.5,0.124,0.087,0.243
1629752,Juwan Morgan,1610612762,UTA,2019-20,0.648,0.635,0.101,0.3,1.0,0.0,0.1,100.3,12.0,0.061,0.07,0.128
1629644,KZ Okpala,1610612748,MIA,2019-20,0.595,0.6,0.102,0.2,1.0,0.4,0.2,118.0,-31.7,0.103,0.038,0.16
1628443,Kadeem Allen,1610612752,NYK,2019-20,0.512,0.489,0.191,2.1,2.63,0.5,0.2,116.4,-10.1,0.087,0.016,0.065
1626157,Karl-Anthony Towns,1610612750,MIN,2019-20,0.642,0.6,0.278,4.4,1.39,0.9,1.2,115.4,-1.5,0.168,0.075,0.24
202695,Kawhi Leonard,1610612746,LAC,2019-20,0.589,0.524,0.327,4.9,1.88,1.8,0.6,104.7,12.2,0.191,0.028,0.175
1628966,Keita Bates-Diop,1610612743,DEN,2019-20,0.539,0.5,0.156,0.7,1.76,0.4,0.5,110.9,-10.6,0.086,0.03,0.131
1629103,Kelan Martin,1610612750,MIN,2019-20,0.506,0.461,0.171,0.7,1.15,0.2,0.3,103.1,-1.7,0.077,0.021,0.154
1629640,Keldon Johnson,1610612759,SAS,2019-20,0.711,0.669,0.164,0.9,1.15,0.8,0.1,103.4,11.3,0.112,0.033,0.146
203482,Kelly Olynyk,1610612748,MIA,2019-20,0.621,0.582,0.165,1.7,1.63,0.7,0.3,109.0,1.5,0.102,0.034,0.191
1626162,Kelly Oubre Jr.,1610612756,PHX,2019-20,0.56,0.517,0.219,1.5,1.02,1.3,0.7,110.4,0.2,0.097,0.034,0.151
202689,Kemba Walker,1610612738,BOS,2019-20,0.575,0.526,0.268,4.8,2.29,0.9,0.5,108.1,7.1,0.13,0.02,0.1
1629134,Kendrick Nunn,1610612748,MIA,2019-20,0.534,0.514,0.236,3.3,1.93,0.8,0.2,109.1,1.2,0.086,0.011,0.079
1629026,Kenrich Williams,1610612740,NOP,2019-20,0.429,0.432,0.087,1.5,2.59,0.7,0.5,108.5,-1.0,0.052,0.055,0.157
203145,Kent Bazemore,1610612758,SAC,2019-20,0.499,0.453,0.171,1.4,1.02,1.1,0.6,106.6,0.8,0.064,0.015,0.144
203484,Kentavious Caldwell-Pope,1610612747,LAL,2019-20,0.584,0.558,0.142,1.6,1.79,0.8,0.2,107.2,3.5,0.065,0.021,0.056
1628987,Kevin Hervey,1610612760,OKC,2019-20,0.315,0.315,0.189,0.5,0.0,0.1,0.1,101.7,-28.9,0.062,0.012,0.216
1628989,Kevin Huerter,1610612737,ATL,2019-20,0.536,0.517,0.169,3.8,2.45,0.9,0.5,113.6,-6.1,0.078,0.019,0.106
1628995,Kevin Knox II,1610612752,NYK,2019-20,0.47,0.44,0.172,0.9,1.36,0.4,0.4,108.6,-7.3,0.056,0.021,0.128
201567,Kevin Love,1610612739,CLE,2019-20,0.599,0.55,0.225,3.2,1.27,0.6,0.3,115.4,-8.0,0.14,0.03,0.286
1629645,Kevin Porter Jr.,1610612739,CLE,2019-20,0.535,0.505,0.202,2.2,1.17,0.9,0.3,113.2,-11.2,0.069,0.018,0.121
1626172,Kevon Looney,1610612744,GSW,2019-20,0.403,0.373,0.147,1.0,1.67,0.6,0.3,110.9,-18.3,0.056,0.098,0.151
203920,Khem Birch,1610612753,ORL,2019-20,0.566,0.51,0.101,1.0,1.61,0.4,0.5,109.5,-7.1,0.069,0.089,0.144
203114,Khris Middleton,1610612749,MIL,2019-20,0.619,0.575,0.26,4.3,1.93,0.9,0.1,100.9,12.4,0.154,0.023,0.157
1629017,Khyri Thomas,1610612765,DET,2019-20,0.453,0.441,0.149,0.4,1.0,0.4,0.0,122.1,-28.7,-0.013,0.012,0.0
1628961,Kostas Antetokounmpo,1610612747,LAL,2019-20,0.902,1.0,0.096,0.4,2.0,0.0,0.0,100.0,19.6,0.069,0.095,0.05
1627739,Kris Dunn,1610612741,CHI,2019-20,0.51,0.487,0.145,3.4,2.54,2.0,0.3,103.6,-0.1,0.082,0.017,0.132
204001,Kristaps Porziņģis,1610612742,DAL,2019-20,0.551,0.503,0.263,1.8,1.11,0.7,2.0,109.3,6.9,0.128,0.052,0.221
1629065,Ky Bowman,1610612744,GSW,2019-20,0.494,0.469,0.168,2.9,1.87,1.0,0.2,108.2,-8.4,0.067,0.022,0.093
1629734,Kyle Alexander,1610612748,MIA,2019-20,0.5,0.5,0.079,0.0,0.0,0.0,0.0,93.8,-6.7,0.021,0.111,0.067
203937,Kyle Anderson,1610612763,MEM,2019-20,0.534,0.511,0.134,2.4,2.45,0.8,0.6,105.8,-3.0,0.094,0.042,0.151
1629657,Kyle Guy,1610612758,SAC,2019-20,0.4,0.4,0.2,0.3,0.0,0.0,0.0,137.5,-45.8,0.038,0.0,0.091
2594,Kyle Korver,1610612749,MIL,2019-20,0.62,0.599,0.145,1.2,1.42,0.4,0.2,103.7,5.4,0.076,0.014,0.091
1628398,Kyle Kuzma,1610612747,LAL,2019-20,0.531,0.5,0.221,1.3,0.88,0.5,0.4,105.2,4.9,0.085,0.033,0.135
200768,Kyle Lowry,1610612761,TOR,2019-20,0.59,0.518,0.225,7.5,2.43,1.4,0.4,104.0,6.0,0.125,0.015,0.115
203124,Kyle O'Quinn,1610612755,PHI,2019-20,0.544,0.535,0.148,1.8,2.55,0.2,0.8,111.5,-4.9,0.129,0.099,0.265
202681,Kyrie Irving,1610612751,BKN,2019-20,0.595,0.546,0.318,6.4,2.46,1.4,0.5,113.1,-0.4,0.164,0.032,0.12
200746,LaMarcus Aldridge,1610612759,SAS,2019-20,0.571,0.532,0.236,2.4,1.74,0.7,1.6,113.4,-3.2,0.12,0.058,0.162
202498,Lance Thomas,1610612751,BKN,2019-20,0.485,0.435,0.13,0.9,1.0,0.0,0.0,133.5,-24.2,0.02,0.019,0.141
1629013,Landry Shamet,1610612746,LAC,2019-20,0.58,0.546,0.132,1.9,2.36,0.4,0.2,108.2,4.3,0.048,0.004,0.058
204038,Langston Galloway,1610612765,DET,2019-20,0.584,0.557,0.149,1.5,2.53,0.7,0.2,112.1,-4.4,0.075,0.019,0.068
1626204,Larry Nance Jr.,1610612739,CLE,2019-20,0.608,0.596,0.15,2.2,2.05,1.0,0.4,110.7,-5.1,0.125,0.068,0.209
1628374,Lauri Markkanen,1610612741,CHI,2019-20,0.56,0.517,0.209,1.5,0.91,0.8,0.5,107.3,-2.0,0.103,0.038,0.174
2544,LeBron James,1610612747,LAL,2019-20,0.577,0.55,0.308,10.2,2.62,1.2,0.5,103.6,8.5,0.198,0.028,0.191
1629022,Lonnie Walker IV,1610612759,SAS,2019-20,0.507,0.483,0.183,1.1,1.55,0.5,0.2,109.4,-0.4,0.068,0.023,0.11
1628366,Lonzo Ball,1610612740,NOP,2019-20,0.517,0.511,0.181,7.0,2.27,1.4,0.6,110.3,-0.7,0.101,0.032,0.142
101150,Lou Williams,1610612746,LAC,2019-20,0.546,0.477,0.271,5.6,2.01,0.7,0.2,107.4,4.0,0.124,0.016,0.081
1629663,Louis King,1610612765,DET,2019-20,0.448,0.476,0.163,0.5,2.5,0.2,0.0,98.4,11.0,0.043,0.015,0.141
201601,Luc Mbah a Moute,1610612745,HOU,2019-20,0.425,0.4,0.108,0.0,0.0,0.7,0.0,100.0,-11.3,0.034,0.033,0.037
1629652,Luguentz Dort,1610612760,OKC,2019-20,0.506,0.463,0.139,0.8,1.23,0.9,0.1,108.3,4.4,0.034,0.03,0.066
1629029,Luka Dončić,1610612742,DAL,2019-20,0.585,0.531,0.355,8.8,2.07,1.0,0.2,111.4,5.3,0.194,0.036,0.224
1629677,Luka Samanic,1610612759,SAS,2019-20,0.45,0.406,0.179,2.0,3.0,0.0,0.7,96.2,8.8,0.068,0.02,0.167
1628379,Luke Kennard,1610612765,DET,2019-20,0.589,0.548,0.193,4.1,2.67,0.4,0.2,111.3,-2.1,0.098,0.01,0.095
1628436,Luke Kornet,1610612741,CHI,2019-20,0.539,0.521,0.163,0.9,2.29,0.3,0.7,107.0,-3.6,0.073,0.037,0.118
1627763,Malcolm Brogdon,1610612754,IND,2019-20,0.541,0.489,0.249,7.1,2.91,0.6,0.2,105.7,2.3,0.136,0.028,0.124
1626259,Malcolm Miller,1610612761,TOR,2019-20,0.538,0.552,0.09,0.4,2.75,0.2,0.1,103.2,15.9,0.035,0.013,0.077
1627736,Malik Beasley,1610612750,MIN,2019-20,0.546,0.525,0.208,1.4,1.32,0.7,0.1,111.6,-1.9,0.083,0.014,0.107
1628370,Malik Monk,1610612766,CHA,2019-20,0.53,0.494,0.22,2.1,1.48,0.5,0.3,112.3,-10.5,0.091,0.021,0.108
1629005,Malik Newman,1610612739,CLE,2019-20,0.347,0.0,0.571,0.0,0.0,0.0,0.0,87.5,-30.4,-0.154,0.0,0.0
201188,Marc Gasol,1610612761,TOR,2019-20,0.551,0.529,0.133,3.3,2.49,0.8,0.9,98.9,10.1,0.096,0.027,0.187
201158,Marco Belinelli,1610612759,SAS,2019-20,0.532,0.498,0.166,1.2,3.63,0.2,0.0,109.3,1.5,0.071,0.008,0.097
202694,Marcus Morris Sr.,1610612746,LAC,2019-20,0.57,0.526,0.216,1.4,0.89,0.8,0.5,109.9,1.5,0.092,0.029,0.128
203935,Marcus Smart,1610612738,BOS,2019-20,0.518,0.476,0.183,4.9,2.83,1.7,0.5,104.6,7.3,0.09,0.02,0.089
1629621,Marial Shayok,1610612755,PHI,2019-20,0.4,0.333,0.243,0.3,0.33,0.0,0.3,117.2,-23.2,0.015,0.033,0.194
1626209,Mario Hezonja,1610612757,POR,2019-20,0.525,0.477,0.135,0.9,1.19,0.7,0.2,114.2,-9.5,0.067,0.032,0.158
1628365,Markelle Fultz,1610612753,ORL,2019-20,0.517,0.488,0.21,5.1,2.51,1.3,0.2,110.5,-1.7,0.095,0.02,0.1
202693,Markieff Morris,1610612747,LAL,2019-20,0.565,0.539,0.202,1.3,1.01,0.5,0.3,109.9,-5.8,0.084,0.033,0.144
1629741,Marko Guduric,1610612763,MEM,2019-20,0.514,0.475,0.168,1.0,1.25,0.3,0.2,107.1,-2.6,0.066,0.028,0.115
1629716,Marques Bolden,1610612739,CLE,2019-20,0.0,0.0,0.0,0.0,0.0,1.0,0.0,57.1,57.1,0.308,0.0,0.5
1627737,Marquese Chriss,1610612744,GSW,2019-20,0.604,0.556,0.184,1.9,1.46,0.7,1.1,113.2,-9.5,0.127,0.089,0.212
1628963,Marvin Bagley III,1610612758,SAC,2019-20,0.512,0.479,0.248,0.8,0.56,0.5,0.9,114.6,-12.6,0.097,0.082,0.201
101107,Marvin Williams,1610612749,MIL,2019-20,0.587,0.551,0.12,1.0,1.82,0.6,0.5,109.9,-2.8,0.074,0.025,0.132
203486,Mason Plumlee,1610612743,DEN,2019-20,0.613,0.615,0.173,2.5,1.88,0.5,0.6,108.6,-1.0,0.12,0.087,0.195
1629680,Matisse Thybulle,1610612755,PHI,2019-20,0.539,0.528,0.108,1.2,1.55,1.4,0.7,105.3,2.4,0.044,0.033,0.049
1629760,Matt Mooney,1610612739,CLE,2019-20,0.25,0.25,0.08,0.3,0.0,0.5,0.3,75.0,17.5,0.075,0.0,0.158
1629744,Matt Thomas,1610612761,TOR,2019-20,0.65,0.643,0.152,0.5,1.38,0.2,0.0,101.8,4.2,0.093,0.018,0.1
203521,Matthew Dellavedova,1610612739,CLE,2019-20,0.463,0.414,0.128,3.2,3.05,0.4,0.0,105.0,-1.2,0.059,0.022,0.067
203090,Maurice Harkless,1610612752,NYK,2019-20,0.572,0.562,0.105,1.1,1.28,0.9,0.5,108.5,1.2,0.059,0.038,0.117
1629622,Max Strus,1610612741,CHI,2019-20,0.727,0.667,0.158,0.0,0.0,0.0,0.0,87.5,105.8,0.123,0.167,0.0
1628467,Maxi Kleber,1610612742,DAL,2019-20,0.605,0.577,0.134,1.2,1.52,0.3,1.1,109.2,3.4,0.082,0.054,0.136
1628982,Melvin Frazier Jr.,1610612753,ORL,2019-20,0.559,0.559,0.129,0.2,0.6,0.5,0.1,111.7,-15.0,0.054,0.014,0.067
203086,Meyers Leonard,1610612748,MIA,2019-20,0.627,0.622,0.121,1.1,1.41,0.3,0.3,105.9,4.5,0.085,0.03,0.214
1629662,Mfiondu Kabengele,1610612746,LAC,2019-20,0.614,0.578,0.242,0.2,1.0,0.2,0.2,103.6,0.8,0.112,0.017,0.159
203487,Michael Carter-Williams,1610612753,ORL,2019-20,0.535,0.469,0.175,2.4,2.1,1.1,0.5,108.1,1.4,0.096,0.05,0.121
1626187,Michael Frazier II,1610612745,HOU,2019-20,0.384,0.31,0.115,0.2,0.4,0.2,0.0,110.2,-16.0,-0.024,0.006,0.067
203077,Michael Kidd-Gilchrist,1610612742,DAL,2019-20,0.416,0.371,0.134,0.6,0.88,0.1,0.2,99.3,4.2,0.04,0.045,0.169
1629008,Michael Porter Jr.,1610612743,DEN,2019-20,0.617,0.59,0.211,0.8,0.94,0.5,0.5,112.4,0.7,0.123,0.07,0.214
1628969,Mikal Bridges,1610612756,PHX,2019-20,0.62,0.583,0.125,1.8,1.77,1.4,0.6,108.1,2.9,0.082,0.032,0.107
201144,Mike Conley,1610612762,UTA,2019-20,0.537,0.494,0.223,4.4,2.26,0.8,0.1,107.6,2.1,0.096,0.024,0.083
203488,Mike Muscala,1610612760,OKC,2019-20,0.569,0.55,0.16,0.9,2.35,0.2,0.3,105.7,-2.3,0.083,0.027,0.156
203118,Mike Scott,1610612755,PHI,2019-20,0.557,0.54,0.132,0.8,2.15,0.3,0.1,104.6,5.7,0.079,0.051,0.148
1628970,Miles Bridges,1610612766,CHA,2019-20,0.52,0.489,0.196,1.8,1.2,0.6,0.7,114.0,-9.7,0.082,0.042,0.138
1629011,Mitchell Robinson,1610612752,NYK,2019-20,0.726,0.742,0.129,0.6,0.97,0.9,2.0,109.1,-2.9,0.129,0.122,0.16
1629671,Miye Oni,1610612762,UTA,2019-20,0.512,0.484,0.146,0.4,1.0,0.4,0.2,119.9,-8.6,0.053,0.044,0.121
1628964,Mo Bamba,1610612753,ORL,2019-20,0.542,0.526,0.163,0.7,1.0,0.4,1.4,103.4,0.5,0.115,0.099,0.216
1628420,Monte Morris,1610612743,DEN,2019-20,0.545,0.517,0.168,3.5,4.81,0.8,0.2,109.3,0.8,0.099,0.014,0.067
1626149,Montrezl Harrell,1610612746,LAC,2019-20,0.607,0.58,0.245,1.7,0.99,0.6,1.1,105.8,6.5,0.145,0.089,0.141
1629021,Moritz Wagner,1610612764,WAS,2019-20,0.638,0.592,0.179,1.2,0.85,0.6,0.4,111.4,-4.2,0.093,0.063,0.202
1629650,Moses Brown,1610612757,POR,2019-20,0.407,0.4,0.2,0.1,0.33,0.1,0.1,141.7,-50.9,0.032,0.073,0.324
1628539,Mychal Mulder,1610612744,GSW,2019-20,0.533,0.507,0.165,1.1,1.6,0.3,0.1,107.1,6.2,0.05,0.016,0.093
1626167,Myles Turner,1610612754,IND,2019-20,0.566,0.53,0.18,1.2,0.85,0.7,2.1,106.7,0.4,0.096,0.047,0.168
1629642,Nassir Little,1610612757,POR,2019-20,0.505,0.477,0.131,0.5,1.47,0.3,0.3,112.7,-3.2,0.05,0.048,0.12
1628513,Naz Mitrou-Long,1610612754,IND,2019-20,0.412,0.412,0.177,1.6,2.67,0.2,0.2,78.8,20.2,0.108,0.0,0.119
1629675,Naz Reid,1610612750,MIN,2019-20,0.505,0.477,0.234,1.2,1.59,0.6,0.7,107.6,0.7,0.085,0.06,0.176
202357,Nemanja Bjelica,1610612758,SAC,2019-20,0.602,0.583,0.167,2.8,2.05,0.9,0.6,111.1,-1.0,0.103,0.054,0.177
203457,Nerlens Noel,1610612760,OKC,2019-20,0.711,0.686,0.148,0.9,0.86,1.0,1.5,105.3,1.3,0.125,0.082,0.174
1629651,Nic Claxton,1610612751,BKN,2019-20,0.577,0.573,0.144,1.1,1.78,0.1,0.5,109.7,-15.6,0.092,0.09,0.112
1629638,Nickeil Alexander-Walker,1610612740,NOP,2019-20,0.473,0.455,0.233,1.9,1.65,0.4,0.2,113.5,-3.6,0.069,0.015,0.122
201587,Nicolas Batum,1610612766,CHA,2019-20,0.463,0.432,0.093,3.0,3.0,0.8,0.4,111.9,-3.3,0.068,0.049,0.146
1629740,Nicolo Melli,1610612740,NOP,2019-20,0.556,0.528,0.158,1.4,1.78,0.6,0.4,110.3,-4.3,0.072,0.034,0.132
1628430,Nigel Williams-Goss,1610612762,UTA,2019-20,0.415,0.375,0.161,0.6,2.0,0.3,0.1,94.5,4.5,0.049,0.037,0.07
203999,Nikola Jokić,1610612743,DEN,2019-20,0.605,0.565,0.266,7.0,2.27,1.2,0.6,108.9,4.5,0.179,0.073,0.237
202696,Nikola Vučević,1610612753,ORL,2019-20,0.549,0.525,0.258,3.6,2.52,0.9,0.8,109.2,0.9,0.153,0.068,0.27
203943,Noah Vonleh,1610612743,DEN,2019-20,0.622,0.582,0.135,0.8,1.33,0.3,0.2,103.9,-5.0,0.123,0.084,0.205
1626181,Norman Powell,1610612761,TOR,2019-20,0.624,0.586,0.21,1.8,1.18,1.2,0.4,104.6,4.6,0.109,0.017,0.098
203658,Norvel Pelle,1610612755,PHI,2019-20,0.526,0.521,0.131,0.3,0.44,0.1,1.3,116.9,-15.7,0.047,0.081,0.22
1628384,OG Anunoby,1610612761,TOR,2019-20,0.6,0.584,0.142,1.6,1.37,1.4,0.7,104.2,6.2,0.086,0.038,0.129
1629016,Omari Spellman,1610612750,MIN,2019-20,0.551,0.503,0.177,1.0,0.87,0.7,0.5,109.7,-8.5,0.098,0.076,0.155
1629052,Oshae Brissett,1610612761,TOR,2019-20,0.458,0.403,0.145,0.4,1.0,0.2,0.1,96.5,11.6,0.042,0.063,0.109
203490,Otto Porter Jr.,1610612741,CHI,2019-20,0.55,0.529,0.201,1.8,2.27,1.1,0.4,107.0,3.2,0.095,0.036,0.108
200782,P.J. Tucker,1610612745,HOU,2019-20,0.559,0.541,0.087,1.6,1.6,1.1,0.5,108.9,3.0,0.057,0.042,0.137
1629023,P.J. Washington,1610612766,CHA,2019-20,0.547,0.528,0.184,2.1,1.32,0.9,0.8,110.1,-6.3,0.083,0.032,0.145
1628408,PJ Dozier,1610612743,DEN,2019-20,0.495,0.468,0.199,2.2,2.33,0.5,0.2,115.2,-5.7,0.071,0.024,0.108
1627783,Pascal Siakam,1610612761,TOR,2019-20,0.554,0.512,0.278,3.5,1.4,1.0,0.9,103.0,8.8,0.129,0.03,0.162
1626192,Pat Connaughton,1610612749,MIL,2019-20,0.565,0.547,0.118,1.6,2.06,0.4,0.5,103.8,3.5,0.09,0.044,0.151
201976,Patrick Beverley,1610612746,LAC,2019-20,0.56,0.548,0.131,3.6,2.77,1.1,0.5,104.0,10.2,0.088,0.04,0.145
1627775,Patrick McCaw,1610612761,TOR,2019-20,0.5,0.485,0.093,2.1,2.72,1.1,0.1,105.5,0.6,0.05,0.02,0.068
202335,Patrick Patterson,1610612746,LAC,2019-20,0.58,0.552,0.143,0.7,1.95,0.1,0.1,104.9,2.5,0.085,0.042,0.136
201988,Patty Mills,1610612759,SAS,2019-20,0.592,0.56,0.193,1.8,2.19,0.8,0.1,109.0,4.1,0.082,0.014,0.054
202331,Paul George,1610612746,LAC,2019-20,0.589,0.539,0.292,3.9,1.48,1.4,0.4,106.3,8.7,0.147,0.017,0.161
200794,Paul Millsap,1610612743,DEN,2019-20,0.591,0.543,0.197,1.6,1.19,0.9,0.6,104.5,9.3,0.102,0.079,0.157
1628778,Paul Watson,1610612761,TOR,2019-20,0.517,0.462,0.142,0.8,2.67,0.4,0.1,99.5,16.3,0.095,0.02,0.163
1626188,Quinn Cook,1610612747,LAL,2019-20,0.509,0.498,0.201,1.1,1.48,0.3,0.0,102.5,4.5,0.072,0.02,0.071
1629683,Quinndary Weatherspoon,1610612759,SAS,2019-20,0.336,0.324,0.107,1.0,2.2,0.3,0.1,112.1,-13.7,0.021,0.011,0.074
1629628,RJ Barrett,1610612752,NYK,2019-20,0.479,0.445,0.234,2.6,1.15,1.0,0.3,114.5,-9.1,0.072,0.027,0.134
200765,Rajon Rondo,1610612747,LAL,2019-20,0.494,0.48,0.184,5.0,2.64,0.8,0.0,107.3,1.4,0.104,0.022,0.119
203526,Raul Neto,1610612755,PHI,2019-20,0.567,0.532,0.181,1.8,2.02,0.4,0.1,101.1,2.8,0.094,0.016,0.072
1629730,Rayjon Tucker,1610612762,UTA,2019-20,0.584,0.5,0.152,0.3,0.63,0.1,0.1,113.3,-6.9,0.068,0.017,0.113
203493,Reggie Bullock Jr.,1610612752,NYK,2019-20,0.502,0.484,0.153,1.4,2.21,0.9,0.1,109.6,-5.8,0.058,0.018,0.082
202704,Reggie Jackson,1610612746,LAC,2019-20,0.529,0.498,0.229,4.1,2.47,0.4,0.2,105.9,6.7,0.098,0.023,0.094
1626158,Richaun Holmes,1610612758,SAC,2019-20,0.681,0.648,0.156,1.0,0.81,0.9,1.3,109.6,1.2,0.115,0.101,0.191
201937,Ricky Rubio,1610612756,PHX,2019-20,0.535,0.471,0.199,8.8,3.29,1.4,0.2,108.4,4.0,0.12,0.023,0.128
203496,Robert Covington,1610612745,HOU,2019-20,0.559,0.533,0.169,1.3,0.85,1.6,1.3,108.8,0.9,0.09,0.027,0.18
1629057,Robert Williams III,1610612738,BOS,2019-20,0.728,0.727,0.135,0.9,1.29,0.8,1.2,109.0,6.1,0.138,0.103,0.209
201577,Robin Lopez,1610612749,MIL,2019-20,0.554,0.55,0.161,0.7,0.71,0.2,0.7,103.1,0.6,0.06,0.054,0.092
1629066,Rodions Kurucs,1610612751,BKN,2019-20,0.555,0.54,0.142,1.1,1.11,0.5,0.1,104.2,-1.4,0.067,0.033,0.141
203918,Rodney Hood,1610612757,POR,2019-20,0.625,0.608,0.137,1.5,1.68,0.8,0.2,111.6,0.6,0.074,0.015,0.092
203585,Rodney McGruder,1610612746,LAC,2019-20,0.477,0.464,0.101,0.6,1.5,0.5,0.1,106.8,0.8,0.049,0.032,0.123
1629641,Romeo Langford,1610612738,BOS,2019-20,0.434,0.381,0.113,0.4,1.18,0.3,0.3,102.2,8.9,0.024,0.038,0.065
1626178,Rondae Hollis-Jefferson,1610612761,TOR,2019-20,0.533,0.476,0.164,1.8,1.8,0.8,0.4,104.3,4.2,0.101,0.089,0.143
1626220,Royce O'Neale,1610612762,UTA,2019-20,0.578,0.559,0.095,2.5,2.95,0.8,0.5,107.3,5.2,0.074,0.014,0.165
200752,Rudy Gay,1610612759,SAS,2019-20,0.553,0.508,0.211,1.7,1.3,0.5,0.5,108.1,0.2,0.112,0.04,0.194
203497,Rudy Gobert,1610612762,UTA,2019-20,0.699,0.693,0.162,1.5,0.78,0.8,2.0,106.6,6.2,0.151,0.104,0.276
1629060,Rui Hachimura,1610612764,WAS,2019-20,0.535,0.489,0.189,1.8,1.64,0.8,0.2,116.7,-8.2,0.091,0.051,0.155
201566,Russell Westbrook,1610612745,HOU,2019-20,0.536,0.493,0.33,7.0,1.57,1.6,0.4,107.1,3.1,0.145,0.044,0.157
201583,Ryan Anderson,1610612745,HOU,2019-20,0.357,0.357,0.242,1.0,2.0,0.5,0.0,103.0,21.2,0.115,0.0,0.467
1627853,Ryan Arcidiacono,1610612741,CHI,2019-20,0.551,0.532,0.121,1.7,2.59,0.5,0.1,105.4,-4.0,0.061,0.019,0.098
1629151,Ryan Broekhoff,1610612755,PHI,2019-20,0.568,0.542,0.155,0.6,1.83,0.3,0.2,113.4,2.1,0.084,0.025,0.202
1629635,Sekou Doumbouya,1610612765,DET,2019-20,0.474,0.449,0.164,0.5,0.54,0.5,0.2,114.8,-10.8,0.039,0.026,0.137
1628400,Semi Ojeleye,1610612738,BOS,2019-20,0.562,0.531,0.094,0.5,1.95,0.3,0.1,106.1,-1.5,0.057,0.024,0.109
201586,Serge Ibaka,1610612761,TOR,2019-20,0.583,0.564,0.236,1.4,0.71,0.5,0.8,105.5,3.1,0.124,0.075,0.205
203552,Seth Curry,1610612742,DAL,2019-20,0.643,0.621,0.176,1.9,2.0,0.6,0.1,110.6,3.4,0.093,0.016,0.07
203894,Shabazz Napier,1610612764,WAS,2019-20,0.552,0.496,0.197,4.7,2.05,1.2,0.2,109.0,-3.6,0.102,0.018,0.1
1628983,Shai Gilgeous-Alexander,1610612760,OKC,2019-20,0.568,0.514,0.235,3.3,1.73,1.1,0.7,109.2,3.5,0.123,0.02,0.146
1629003,Shake Milton,1610612755,PHI,2019-20,0.617,0.588,0.186,2.6,2.21,0.5,0.2,113.8,0.1,0.084,0.018,0.093
1629044,Shamorie Ponds,1610612761,TOR,2019-20,0.765,0.7,0.222,0.5,0.0,0.0,0.3,127.3,-5.5,0.191,0.0,0.167
1627885,Shaquille Harrison,1610612741,CHI,2019-20,0.559,0.515,0.176,1.1,2.58,0.8,0.4,99.7,6.8,0.114,0.042,0.139
1628414,Sindarius Thornwell,1610612740,NOP,2019-20,0.627,0.636,0.176,2.0,2.0,0.5,0.5,128.8,-7.4,0.094,0.0,0.133
1627746,Skal Labissiere,1610612737,ATL,2019-20,0.588,0.561,0.139,1.3,1.4,0.2,0.9,106.5,1.3,0.093,0.105,0.155
203524,Solomon Hill,1610612748,MIA,2019-20,0.535,0.509,0.135,1.8,2.04,0.7,0.2,110.9,-2.1,0.067,0.026,0.118
203915,Spencer Dinwiddie,1610612751,BKN,2019-20,0.541,0.476,0.287,6.8,2.48,0.6,0.3,109.4,1.1,0.121,0.015,0.085
1626169,Stanley Johnson,1610612761,TOR,2019-20,0.454,0.432,0.214,0.8,1.33,0.2,0.2,96.7,4.8,0.085,0.041,0.165
1629742,Stanton Kidd,1610612762,UTA,2019-20,0.0,0.0,0.139,0.3,0.5,0.0,0.0,88.9,2.3,-0.077,0.0,0.158
201939,Stephen Curry,1610612744,GSW,2019-20,0.557,0.476,0.286,6.6,2.06,1.0,0.4,123.7,-15.3,0.133,0.023,0.162
1628425,Sterling Brown,1610612749,MIL,2019-20,0.486,0.457,0.162,1.0,1.21,0.6,0.1,101.7,2.4,0.082,0.037,0.168
203500,Steven Adams,1610612760,OKC,2019-20,0.604,0.593,0.168,2.3,1.55,0.8,1.1,106.7,4.4,0.136,0.128,0.214
1629004,Svi Mykhailiuk,1610612765,DET,2019-20,0.578,0.552,0.165,1.9,1.74,0.7,0.1,109.2,-0.6,0.069,0.013,0.071
1628388,T.J. Leaf,1610612754,IND,2019-20,0.451,0.448,0.18,0.3,1.13,0.4,0.1,97.5,0.2,0.092,0.094,0.174
204456,T.J. McConnell,1610612754,IND,2019-20,0.54,0.522,0.167,5.0,3.55,0.8,0.2,107.1,1.1,0.122,0.028,0.107
203933,T.J. Warren,1610612754,IND,2019-20,0.61,0.581,0.229,1.5,1.18,1.2,0.5,106.9,2.7,0.113,0.031,0.092
1629605,Tacko Fall,1610612738,BOS,2019-20,0.751,0.786,0.25,0.1,0.33,0.1,0.6,88.7,12.7,0.241,0.036,0.326
201959,Taj Gibson,1610612752,NYK,2019-20,0.61,0.591,0.145,0.8,1.11,0.4,0.5,113.7,-12.5,0.097,0.098,0.158
1629659,Talen Horton-Tucker,1610612747,LAL,2019-20,0.535,0.533,0.18,1.0,1.0,1.3,0.2,111.2,-9.5,0.061,0.022,0.056
1629745,Tariq Owens,1610612756,PHX,2019-20,0.34,0.2,0.171,0.0,0.0,0.3,0.0,127.3,-43.4,0.031,0.105,0.067
1627752,Taurean Prince,1610612751,BKN,2019-20,0.497,0.475,0.2,1.8,0.91,0.9,0.4,108.4,1.3,0.074,0.024,0.162
1629611,Terance Mann,1610612746,LAC,2019-20,0.545,0.513,0.123,1.3,2.94,0.3,0.1,103.0,0.1,0.074,0.026,0.112
1629056,Terence Davis,1610612761,TOR,2019-20,0.588,0.564,0.181,1.6,1.51,0.5,0.2,103.9,7.9,0.101,0.039,0.137
1628390,Terrance Ferguson,1610612760,OKC,2019-20,0.481,0.466,0.092,0.9,1.65,0.5,0.3,110.7,-4.0,0.007,0.019,0.039
203082,Terrence Ross,1610612753,ORL,2019-20,0.548,0.508,0.216,1.2,1.17,1.1,0.3,108.0,-2.5,0.095,0.006,0.108
1626179,Terry Rozier,1610612766,CHA,2019-20,0.553,0.514,0.232,4.1,1.84,1.0,0.2,113.4,-9.0,0.103,0.022,0.107
200757,Thabo Sefolosha,1610612745,HOU,2019-20,0.487,0.489,0.1,0.6,1.67,0.6,0.3,106.7,3.9,0.064,0.043,0.152
201152,Thaddeus Young,1610612741,CHI,2019-20,0.521,0.513,0.192,1.8,1.15,1.4,0.4,108.1,-6.2,0.089,0.054,0.145
203648,Thanasis Antetokounmpo,1610612749,MIL,2019-20,0.496,0.5,0.202,0.8,1.25,0.4,0.1,103.8,-6.8,0.062,0.085,0.081
1629033,Theo Pinson,1610612752,NYK,2019-20,0.37,0.339,0.218,1.7,1.7,0.5,0.1,99.7,-4.6,0.051,0.024,0.101
1628418,Thomas Bryant,1610612764,WAS,2019-20,0.649,0.626,0.185,1.8,1.57,0.5,1.1,116.0,-6.6,0.13,0.081,0.198
1627748,Thon Maker,1610612765,DET,2019-20,0.582,0.539,0.16,0.7,0.96,0.4,0.7,111.9,-8.0,0.076,0.069,0.152
204025,Tim Frazier,1610612765,DET,2019-20,0.464,0.415,0.171,3.4,2.58,0.5,0.1,107.4,-6.9,0.068,0.024,0.071
203501,Tim Hardaway Jr.,1610612742,DAL,2019-20,0.581,0.55,0.204,1.9,1.99,0.6,0.1,110.1,5.9,0.089,0.011,0.09
1627789,Timothe Luwawu-Cabarrot,1610612751,BKN,2019-20,0.599,0.55,0.162,0.6,0.78,0.4,0.1,104.8,-1.3,0.069,0.03,0.099
202699,Tobias Harris,1610612755,PHI,2019-20,0.556,0.527,0.236,3.2,2.18,0.7,0.6,107.2,3.1,0.126,0.027,0.172
203107,Tomas Satoransky,1610612741,CHI,2019-20,0.533,0.488,0.165,5.4,2.72,1.2,0.1,108.8,-1.5,0.094,0.04,0.101
1628396,Tony Bradley,1610612762,UTA,2019-20,0.681,0.675,0.147,0.4,0.77,0.2,0.6,109.4,0.1,0.122,0.158,0.226
203503,Tony Snell,1610612765,DET,2019-20,0.598,0.579,0.11,2.2,4.1,0.5,0.3,111.4,-5.5,0.062,0.005,0.064
1628470,Torrey Craig,1610612743,DEN,2019-20,0.553,0.545,0.123,0.8,1.88,0.4,0.6,113.3,-5.7,0.056,0.058,0.118
1629027,Trae Young,1610612737,ATL,2019-20,0.595,0.519,0.339,9.3,1.94,1.1,0.1,116.1,-4.9,0.16,0.014,0.1
1629682,Tremont Waters,1610612738,BOS,2019-20,0.381,0.327,0.232,1.5,1.07,0.9,0.2,99.2,8.4,0.037,0.0,0.089
1626203,Treveon Graham,1610612737,ATL,2019-20,0.456,0.428,0.13,0.8,1.55,0.4,0.1,110.1,-6.2,0.037,0.05,0.099
2772,Trevor Ariza,1610612757,POR,2019-20,0.593,0.557,0.117,1.7,1.63,1.3,0.3,109.3,-0.3,0.077,0.022,0.137
203504,Trey Burke,1610612742,DAL,2019-20,0.548,0.526,0.196,2.5,3.95,0.5,0.1,111.7,2.0,0.102,0.03,0.066
1626168,Trey Lyles,1610612759,SAS,2019-20,0.557,0.541,0.136,1.1,1.77,0.4,0.4,113.7,-2.4,0.088,0.056,0.228
202684,Tristan Thompson,1610612739,CLE,2019-20,0.54,0.52,0.181,2.1,1.17,0.6,0.9,115.2,-10.1,0.108,0.126,0.207
1628972,Troy Brown Jr.,1610612764,WAS,2019-20,0.524,0.488,0.174,2.6,2.25,1.2,0.1,113.7,-5.5,0.1,0.04,0.171
203584,Troy Daniels,1610612743,DEN,2019-20,0.518,0.511,0.155,0.4,1.42,0.2,0.1,103.3,0.4,0.055,0.02,0.068
1629660,Ty Jerome,1610612756,PHX,2019-20,0.425,0.398,0.17,1.4,2.44,0.5,0.1,110.9,-13.5,0.066,0.019,0.12
1629076,Tyler Cook,1610612743,DEN,2019-20,0.741,0.667,0.15,0.1,0.33,0.2,0.0,117.6,-9.8,0.101,0.103,0.148
1629639,Tyler Herro,1610612748,MIA,2019-20,0.55,0.52,0.213,2.2,1.39,0.6,0.2,109.6,-1.7,0.099,0.011,0.131
204020,Tyler Johnson,1610612751,BKN,2019-20,0.504,0.464,0.177,1.9,2.55,0.4,0.2,109.4,-5.7,0.066,0.023,0.076
203092,Tyler Zeller,1610612759,SAS,2019-20,0.25,0.25,0.267,0.0,0.0,0.0,0.0,77.8,33.3,0.25,0.3,0.333
1627820,Tyrone Wallace,1610612737,ATL,2019-20,0.389,0.33,0.154,0.9,1.3,0.5,0.1,102.3,-8.3,0.032,0.016,0.123
2199,Tyson Chandler,1610612745,HOU,2019-20,0.717,0.778,0.057,0.2,0.75,0.2,0.3,104.1,5.7,0.061,0.097,0.172
1626145,Tyus Jones,1610612763,MEM,2019-20,0.532,0.514,0.165,4.4,5.18,0.9,0.1,109.2,-2.3,0.108,0.007,0.071
2617,Udonis Haslem,1610612748,MIA,2019-20,0.47,0.409,0.147,0.3,1.0,0.0,0.0,104.4,-20.2,0.105,0.02,0.349
1629724,Vic Law,1610612753,ORL,2019-20,0.363,0.361,0.15,0.4,1.5,0.3,0.0,102.3,-9.7,0.031,0.029,0.145
203506,Victor Oladipo,1610612754,IND,2019-20,0.506,0.461,0.259,2.9,1.19,0.9,0.2,106.1,-1.1,0.086,0.017,0.116
1713,Vince Carter,1610612737,ATL,2019-20,0.47,0.452,0.163,0.8,1.45,0.4,0.4,110.1,-8.1,0.05,0.019,0.114
1629738,Vincent Poirier,1610612738,BOS,2019-20,0.525,0.486,0.141,0.4,1.0,0.1,0.4,106.1,-6.5,0.077,0.09,0.195
1628427,Vlatko Čančar,1610612743,DEN,2019-20,0.507,0.433,0.177,0.2,1.0,0.1,0.1,110.1,-6.0,0.052,0.109,0.119
201961,Wayne Ellington,1610612752,NYK,2019-20,0.509,0.494,0.146,1.2,2.44,0.4,0.1,105.5,-3.1,0.068,0.007,0.104
1628976,Wendell Carter Jr.,1610612741,CHI,2019-20,0.59,0.542,0.162,1.2,0.71,0.8,0.8,105.3,-0.5,0.103,0.102,0.216
1629117,Wenyen Gabriel,1610612757,POR,2019-20,0.546,0.5,0.124,0.3,0.5,0.4,0.2,111.9,-7.2,0.043,0.08,0.148
1628411,Wes Iwundu,1610612753,ORL,2019-20,0.544,0.476,0.134,1.2,2.31,0.5,0.3,104.6,-0.5,0.067,0.023,0.109
202083,Wesley Matthews,1610612749,MIL,2019-20,0.547,0.524,0.123,1.4,2.14,0.6,0.1,98.3,12.2,0.054,0.013,0.073
203115,Will Barton,1610612743,DEN,2019-20,0.549,0.523,0.197,3.7,2.41,1.1,0.5,106.9,5.8,0.109,0.04,0.147
1629739,William Howard,1610612745,HOU,2019-20,0.0,0.0,0.152,0.5,1.0,0.0,0.0,113.3,-51.3,-0.086,0.0,0.25
1626161,Willie Cauley-Stein,1610612742,DAL,2019-20,0.589,0.579,0.144,1.3,1.75,0.9,1.1,107.7,-5.5,0.113,0.072,0.202
1626195,Willy Hernangomez,1610612766,CHA,2019-20,0.576,0.55,0.222,0.9,0.97,0.3,0.2,104.8,-2.6,0.144,0.105,0.243
201163,Wilson Chandler,1610612751,BKN,2019-20,0.531,0.505,0.128,1.1,1.15,0.5,0.3,108.2,-6.4,0.065,0.014,0.164
1627812,Yogi Ferrell,1610612758,SAC,2019-20,0.528,0.484,0.185,1.4,2.46,0.4,0.1,104.9,-1.8,0.091,0.011,0.085
1629139,Yuta Watanabe,1610612763,MEM,2019-20,0.48,0.485,0.149,0.3,2.5,0.3,0.1,99.1,4.0,0.07,0.059,0.118
1628380,Zach Collins,1610612757,POR,2019-20,0.538,0.522,0.126,1.5,1.14,0.5,0.5,116.5,6.5,0.054,0.095,0.149
203897,Zach LaVine,1610612741,CHI,2019-20,0.568,0.526,0.312,4.2,1.23,1.5,0.5,111.2,-4.4,0.13,0.019,0.125
1629668,Zach Norvell Jr.,1610612744,GSW,2019-20,0.402,0.375,0.147,0.6,1.0,0.4,0.0,135.6,-32.3,0.026,0.0,0.207
1629015,Zhaire Smith,1610612755,PHI,2019-20,0.313,0.273,0.165,0.3,1.0,0.4,0.0,115.1,-12.3,-0.008,0.0,0.08
1629627,Zion Williamson,1610612740,NOP,2019-20,0.616,0.592,0.291,2.1,0.85,0.7,0.4,106.9,5.1,0.141,0.092,0.114
1629597,Zylan Cheatham,1610612740,NOP,2019-20,0.667,0.667,0.103,0.8,0.75,0.3,0.3,121.2,-23.9,0.034,0.063,0.128
203932,Aaron Gordon,1610612743,DEN,2020-21,0.547,0.522,0.204,3.2,1.66,0.7,0.7,110.4,2.1,0.095,0.055,0.15
1628988,Aaron Holiday,1610612754,IND,2020-21,0.503,0.467,0.189,1.9,1.86,0.7,0.2,110.3,-0.2,0.057,0.012,0.06
1630174,Aaron Nesmith,1610612738,BOS,2020-21,0.573,0.551,0.133,0.5,1.0,0.3,0.2,109.1,-0.5,0.06,0.041,0.146
1627846,Abdel Nader,1610612756,PHX,2020-21,0.605,0.569,0.183,0.8,1.0,0.4,0.4,101.7,5.0,0.092,0.02,0.151
1629690,Adam Mokoka,1610612741,CHI,2020-21,0.386,0.395,0.171,0.4,1.0,0.1,0.1,90.3,-7.1,0.025,0.017,0.077
201143,Al Horford,1610612738,BOS,2020-21,0.538,0.528,0.221,3.4,3.24,0.9,0.9,109.1,-6.9,0.131,0.034,0.195
202329,Al-Farouq Aminu,1610612741,CHI,2020-21,0.469,0.424,0.138,1.3,1.11,0.8,0.4,109.0,-6.2,0.075,0.05,0.2
202692,Alec Burks,1610612752,NYK,2020-21,0.564,0.522,0.208,2.2,2.18,0.6,0.3,104.6,5.0,0.115,0.016,0.156
1630197,Aleksej Pokusevski,1610612760,OKC,2020-21,0.43,0.412,0.197,2.2,0.98,0.4,0.9,114.9,-16.7,0.058,0.025,0.155
1629346,Alen Smailagic,1610612744,GSW,2020-21,0.472,0.481,0.165,0.3,0.8,0.2,0.3,112.8,-17.6,0.043,0.065,0.111
1627936,Alex Caruso,1610612747,LAL,2020-21,0.547,0.526,0.144,2.8,2.11,1.1,0.3,101.7,5.5,0.084,0.025,0.114
203458,Alex Len,1610612764,WAS,2020-21,0.643,0.629,0.161,0.8,0.89,0.3,1.0,111.0,-4.0,0.097,0.077,0.174
1628035,Alfonzo McKinnie,1610612747,LAL,2020-21,0.604,0.602,0.164,0.2,1.2,0.2,0.0,101.3,0.7,0.1,0.076,0.113
1628993,Alize Johnson,1610612751,BKN,2020-21,0.638,0.596,0.175,0.8,1.56,0.3,0.3,112.1,-4.5,0.174,0.127,0.32
1628578,Amida Brimah,1610612754,IND,2020-21,0.697,0.625,0.176,0.2,0.25,0.0,1.0,82.1,32.8,0.111,0.077,0.15
1629599,Amir Coffey,1610612746,LAC,2020-21,0.585,0.549,0.145,0.5,1.47,0.2,0.0,101.1,-1.2,0.07,0.023,0.081
2760,Anderson Varejao,1610612739,CLE,2020-21,0.326,0.25,0.228,0.6,3.0,0.0,0.4,123.5,-37.6,0.09,0.146,0.342
203083,Andre Drummond,1610612747,LAL,2020-21,0.519,0.493,0.269,2.0,0.76,1.4,1.1,111.4,-3.9,0.139,0.132,0.336
2738,Andre Iguodala,1610612748,MIA,2020-21,0.519,0.504,0.109,2.3,2.12,0.9,0.6,108.1,-2.5,0.072,0.03,0.134
203460,Andre Roberson,1610612751,BKN,2020-21,0.202,0.179,0.117,0.8,2.0,0.6,0.2,118.4,-18.4,0.023,0.103,0.136
203952,Andrew Wiggins,1610612744,GSW,2020-21,0.568,0.543,0.229,2.4,1.33,0.9,1.0,109.1,-0.2,0.099,0.034,0.106
1629014,Anfernee Simons,1610612757,POR,2020-21,0.589,0.569,0.18,1.4,2.07,0.3,0.1,114.4,0.8,0.079,0.012,0.109
203076,Anthony Davis,1610612747,LAL,2020-21,0.556,0.512,0.287,3.1,1.49,1.3,1.6,107.4,5.2,0.153,0.054,0.198
1630162,Anthony Edwards,1610612750,MIN,2020-21,0.523,0.488,0.264,2.9,1.32,1.1,0.5,115.6,-5.0,0.094,0.023,0.121
1630264,Anthony Gill,1610612764,WAS,2020-21,0.597,0.558,0.143,0.4,1.38,0.4,0.2,105.6,-1.6,0.089,0.074,0.151
1630237,Anthony Lamb,1610612745,HOU,2020-21,0.523,0.487,0.144,1.0,1.21,0.3,0.2,114.3,-9.2,0.05,0.055,0.109
201229,Anthony Tolliver,1610612755,PHI,2020-21,0.433,0.353,0.09,0.2,0.67,0.3,0.2,93.2,16.6,0.022,0.028,0.071
1628394,Anžejs Pasečņiks,1610612764,WAS,2020-21,0.0,0.0,0.375,1.0,0.2,0.0,0.0,161.5,-104.4,-0.26,0.143,0.0
1629717,Armoni Brooks,1610612745,HOU,2020-21,0.565,0.563,0.175,1.5,1.36,0.6,0.3,115.6,-11.7,0.068,0.017,0.112
203382,Aron Baynes,1610612761,TOR,2020-21,0.503,0.485,0.157,0.9,1.02,0.3,0.4,111.0,-4.4,0.07,0.082,0.192
1630204,Ashton Hagans,1610612750,MIN,2020-21,0.0,0.0,0.083,0.0,0.0,0.0,0.0,81.8,-21.8,-0.25,0.0,0.0
203085,Austin Rivers,1610612743,DEN,2020-21,0.551,0.537,0.15,2.3,2.25,0.8,0.1,110.3,0.0,0.067,0.009,0.088
202340,Avery Bradley,1610612745,HOU,2020-21,0.487,0.471,0.146,1.7,1.64,0.8,0.1,115.5,-10.2,0.039,0.013,0.078
1626253,Axel Toupane,1610612749,MIL,2020-21,0.497,0.409,0.092,0.5,0.0,0.3,0.4,96.3,-2.2,0.06,0.0,0.082
1628389,Bam Adebayo,1610612748,MIA,2020-21,0.626,0.571,0.233,5.4,2.05,1.2,1.0,109.6,0.6,0.161,0.07,0.204
203463,Ben McLemore,1610612747,LAL,2020-21,0.523,0.503,0.192,0.7,0.93,0.4,0.2,109.2,-4.2,0.053,0.015,0.091
1627732,Ben Simmons,1610612755,PHI,2020-21,0.584,0.56,0.2,6.9,2.32,1.6,0.6,106.0,8.0,0.128,0.051,0.166
202687,Bismack Biyombo,1610612766,CHA,2020-21,0.574,0.587,0.113,1.2,1.14,0.3,1.1,111.7,-8.9,0.068,0.094,0.15
201933,Blake Griffin,1610612751,BKN,2020-21,0.546,0.509,0.191,3.0,2.26,0.7,0.3,111.0,2.1,0.092,0.029,0.159
1626246,Boban Marjanovic,1610612742,DAL,2020-21,0.562,0.512,0.231,0.3,0.83,0.1,0.2,101.1,5.9,0.162,0.159,0.291
1626171,Bobby Portis,1610612749,MIL,2020-21,0.598,0.585,0.202,1.1,1.27,0.8,0.4,108.3,5.1,0.133,0.085,0.229
203992,Bogdan Bogdanović,1610612737,ATL,2020-21,0.616,0.602,0.21,3.3,2.72,1.1,0.3,111.0,3.9,0.11,0.016,0.104
202711,Bojan Bogdanovic,1610612762,UTA,2020-21,0.588,0.536,0.225,1.9,1.06,0.6,0.1,107.3,9.5,0.094,0.018,0.099
1629626,Bol Bol,1610612743,DEN,2020-21,0.534,0.509,0.191,0.2,0.54,0.1,0.3,119.3,-24.9,0.057,0.0,0.154
202954,Brad Wanamaker,1610612766,CHA,2020-21,0.489,0.411,0.166,2.9,2.45,0.7,0.2,107.1,-5.7,0.075,0.016,0.08
203078,Bradley Beal,1610612764,WAS,2020-21,0.593,0.532,0.331,4.4,1.42,1.2,0.4,114.8,-0.4,0.145,0.033,0.094
1629634,Brandon Clarke,1610612763,MEM,2020-21,0.56,0.537,0.167,1.6,2.88,1.0,0.9,109.3,0.2,0.11,0.064,0.16
1629164,Brandon Goodwin,1610612737,ATL,2020-21,0.471,0.448,0.19,2.0,2.64,0.4,0.0,109.1,-4.4,0.072,0.012,0.097
1627742,Brandon Ingram,1610612740,NOP,2020-21,0.584,0.531,0.279,4.9,1.92,0.7,0.6,114.2,1.0,0.128,0.016,0.126
1628968,Brian Bowen II,1610612754,IND,2020-21,0.338,0.25,0.098,0.0,0.0,0.0,0.0,84.4,9.4,0.045,0.0,0.158
1630271,Brodric Thomas,1610612739,CLE,2020-21,0.487,0.435,0.158,0.9,1.36,0.5,0.3,108.1,-4.5,0.052,0.019,0.107
201572,Brook Lopez,1610612749,MIL,2020-21,0.611,0.577,0.166,0.7,0.78,0.6,1.5,110.2,6.8,0.085,0.054,0.115
1628971,Bruce Brown,1610612751,BKN,2020-21,0.604,0.576,0.157,1.6,1.93,0.9,0.4,112.4,3.5,0.098,0.081,0.154
203998,Bruno Caboclo,1610612745,HOU,2020-21,0.475,0.471,0.232,0.2,0.25,0.0,0.3,94.0,2.3,0.113,0.064,0.268
1628981,Bruno Fernando,1610612737,ATL,2020-21,0.475,0.409,0.133,0.3,0.48,0.1,0.1,104.7,-6.0,0.069,0.066,0.256
1627854,Bryn Forbes,1610612749,MIL,2020-21,0.631,0.618,0.18,0.6,1.02,0.3,0.0,110.8,2.7,0.076,0.008,0.069
1627741,Buddy Hield,1610612758,SAC,2020-21,0.567,0.548,0.201,3.6,1.98,0.9,0.4,116.3,-1.8,0.084,0.012,0.126
1629604,CJ Elleby,1610612757,POR,2020-21,0.468,0.432,0.16,0.3,2.0,0.2,0.1,107.6,-5.3,0.047,0.049,0.089
203468,CJ McCollum,1610612757,POR,2020-21,0.577,0.554,0.265,4.7,3.43,0.9,0.4,112.8,6.2,0.123,0.018,0.099
1628997,Caleb Martin,1610612766,CHA,2020-21,0.465,0.436,0.164,1.3,2.03,0.7,0.2,109.5,-4.9,0.067,0.036,0.125
1629629,Cam Reddish,1610612737,ATL,2020-21,0.488,0.428,0.183,1.3,1.03,1.3,0.3,114.9,-4.0,0.053,0.028,0.109
1629244,Cam Reynolds,1610612745,HOU,2020-21,0.417,0.417,0.182,0.4,0.0,0.0,0.0,110.1,-28.3,0.042,0.037,0.079
1629661,Cameron Johnson,1610612756,PHX,2020-21,0.563,0.541,0.164,1.4,2.15,0.6,0.3,106.5,5.7,0.081,0.023,0.118
1628419,Cameron Oliver,1610612745,HOU,2020-21,0.619,0.636,0.174,1.3,1.67,0.5,1.0,116.4,-5.2,0.095,0.05,0.188
1626166,Cameron Payne,1610612756,PHX,2020-21,0.602,0.576,0.193,3.6,3.62,0.6,0.3,108.6,7.8,0.117,0.016,0.119
1627747,Caris LeVert,1610612754,IND,2020-21,0.531,0.493,0.279,5.2,2.4,1.4,0.6,112.1,-0.2,0.116,0.022,0.111
2546,Carmelo Anthony,1610612757,POR,2020-21,0.547,0.506,0.228,1.5,1.7,0.7,0.6,115.8,-0.6,0.088,0.017,0.107
1629035,Carsen Edwards,1610612738,BOS,2020-21,0.527,0.505,0.187,0.5,2.0,0.2,0.0,109.2,-4.1,0.064,0.01,0.084
1630199,Cassius Stanley,1610612754,IND,2020-21,0.383,0.337,0.198,0.0,1.0,0.0,0.1,88.1,9.4,0.027,0.067,0.11
1630216,Cassius Winston,1610612764,WAS,2020-21,0.575,0.545,0.182,0.5,2.4,0.1,0.0,114.2,-21.4,0.079,0.0,0.087
1626224,Cedi Osman,1610612739,CLE,2020-21,0.488,0.458,0.198,2.9,2.18,0.9,0.2,114.2,-11.0,0.073,0.024,0.113
1628990,Chandler Hutchison,1610612764,WAS,2020-21,0.469,0.417,0.155,0.7,0.85,0.5,0.2,112.0,-5.2,0.061,0.016,0.195
1629718,Charlie Brown Jr.,1610612760,OKC,2020-21,0.422,0.36,0.14,1.0,1.5,0.4,0.2,113.0,-12.7,0.021,0.017,0.091
1626184,Chasson Randle,1610612753,ORL,2020-21,0.515,0.481,0.154,1.8,1.61,0.5,0.1,112.7,-15.0,0.054,0.008,0.084
1629002,Chimezie Metu,1610612758,SAC,2020-21,0.571,0.545,0.194,0.8,0.97,0.4,0.5,116.4,-7.8,0.083,0.064,0.175
1628449,Chris Boucher,1610612761,TOR,2020-21,0.634,0.595,0.202,1.1,1.37,0.6,1.9,110.7,3.8,0.132,0.078,0.192
1629185,Chris Chiozza,1610612751,BKN,2020-21,0.461,0.426,0.2,3.0,4.06,0.3,0.3,102.9,3.0,0.093,0.012,0.088
101108,Chris Paul,1610612756,PHX,2020-21,0.599,0.557,0.221,8.9,3.99,1.4,0.3,108.8,6.5,0.15,0.012,0.131
1629735,Chris Silva,1610612758,SAC,2020-21,0.708,0.656,0.151,0.4,0.6,0.1,0.4,100.5,-0.5,0.064,0.082,0.217
1626174,Christian Wood,1610612745,HOU,2020-21,0.591,0.574,0.255,1.7,0.89,0.8,1.2,112.6,-3.8,0.139,0.055,0.228
1629643,Chuma Okeke,1610612753,ORL,2020-21,0.511,0.492,0.142,2.2,2.66,1.1,0.5,109.8,-7.2,0.084,0.033,0.117
203991,Clint Capela,1610612737,ATL,2020-21,0.601,0.594,0.193,0.8,0.67,0.7,2.0,108.2,6.6,0.158,0.155,0.301
1629632,Coby White,1610612741,CHI,2020-21,0.54,0.506,0.219,4.8,2.1,0.6,0.2,111.3,-2.7,0.088,0.013,0.116
1628998,Cody Martin,1610612766,CHA,2020-21,0.5,0.484,0.123,1.7,2.15,0.7,0.2,108.1,1.0,0.073,0.059,0.126
203469,Cody Zeller,1610612766,CHA,2020-21,0.599,0.565,0.177,1.8,1.69,0.6,0.4,110.3,2.0,0.114,0.115,0.21
1630175,Cole Anthony,1610612753,ORL,2020-21,0.496,0.449,0.235,4.1,1.81,0.6,0.4,116.3,-12.8,0.091,0.027,0.142
1629012,Collin Sexton,1610612739,CLE,2020-21,0.573,0.519,0.286,4.4,1.57,1.0,0.2,114.0,-9.2,0.115,0.027,0.063
202709,Cory Joseph,1610612765,DET,2020-21,0.556,0.522,0.159,3.4,2.7,1.0,0.3,115.3,-5.5,0.079,0.024,0.085
1626245,Cristiano Felicio,1610612741,CHI,2020-21,0.574,0.538,0.117,0.5,2.25,0.2,0.0,89.7,7.1,0.112,0.112,0.205
1626156,D'Angelo Russell,1610612750,MIN,2020-21,0.555,0.523,0.283,5.8,2.18,1.1,0.4,116.8,-7.0,0.114,0.012,0.077
201571,D.J. Augustin,1610612745,HOU,2020-21,0.57,0.515,0.164,3.3,2.89,0.5,0.0,114.5,-1.8,0.079,0.017,0.063
1628391,D.J. Wilson,1610612745,HOU,2020-21,0.511,0.494,0.195,0.7,1.05,0.3,0.5,111.0,-11.3,0.087,0.042,0.199
1629610,DaQuan Jeffries,1610612759,SAS,2020-21,0.514,0.5,0.114,0.7,1.57,0.5,0.3,113.4,-4.5,0.045,0.036,0.103
1629751,Dakota Mathias,1610612755,PHI,2020-21,0.474,0.479,0.166,1.6,13.0,0.1,0.4,107.9,-10.6,0.062,0.007,0.041
1627745,Damian Jones,1610612758,SAC,2020-21,0.712,0.684,0.12,0.7,1.12,0.3,0.7,110.0,-5.1,0.083,0.064,0.156
203081,Damian Lillard,1610612757,POR,2020-21,0.623,0.554,0.306,7.5,2.49,0.9,0.3,115.6,4.0,0.158,0.012,0.104
1627814,Damion Lee,1610612744,GSW,2020-21,0.636,0.608,0.127,1.3,2.43,0.7,0.1,108.2,1.6,0.088,0.02,0.142
1628422,Damyean Dotson,1610612739,CLE,2020-21,0.499,0.485,0.162,2.0,2.17,0.3,0.1,109.4,-12.5,0.069,0.005,0.095
1629655,Daniel Gafford,1610612764,WAS,2020-21,0.697,0.684,0.161,0.5,0.71,0.5,1.4,108.4,4.1,0.122,0.118,0.16
1630187,Daniel Oturu,1610612746,LAC,2020-21,0.471,0.433,0.174,0.3,1.11,0.1,0.2,102.5,1.8,0.073,0.119,0.157
1628464,Daniel Theis,1610612741,CHI,2020-21,0.609,0.593,0.154,1.7,1.64,0.6,0.9,110.8,-1.3,0.095,0.057,0.164
201568,Danilo Gallinari,1610612737,ATL,2020-21,0.613,0.542,0.211,1.5,1.77,0.6,0.2,110.3,2.7,0.112,0.015,0.155
201980,Danny Green,1610612755,PHI,2020-21,0.582,0.573,0.138,1.7,1.76,1.3,0.8,107.4,7.1,0.073,0.029,0.1
203957,Danté Exum,1610612745,HOU,2020-21,0.428,0.423,0.119,2.2,1.86,0.7,0.3,96.0,3.6,0.058,0.015,0.129
1627863,Danuel House Jr.,1610612745,HOU,2020-21,0.525,0.504,0.153,1.9,1.92,0.6,0.4,114.5,-11.2,0.065,0.018,0.121
203967,Dario Šarić,1610612756,PHX,2020-21,0.567,0.516,0.218,1.3,1.14,0.6,0.1,104.4,11.5,0.094,0.055,0.168
1629647,Darius Bazley,1610612760,OKC,2020-21,0.491,0.456,0.218,1.8,0.81,0.5,0.5,113.8,-13.1,0.086,0.027,0.193
1629636,Darius Garland,1610612739,CLE,2020-21,0.547,0.517,0.245,6.1,2.01,1.2,0.1,112.3,-6.6,0.101,0.013,0.062
203121,Darius Miller,1610612760,OKC,2020-21,0.685,0.635,0.127,1.2,2.63,0.7,0.3,98.1,7.2,0.115,0.011,0.103
1628021,David Nwaba,1610612745,HOU,2020-21,0.557,0.525,0.163,1.0,1.82,1.0,0.7,108.0,-1.3,0.089,0.055,0.108
202722,Davis Bertans,1610612764,WAS,2020-21,0.62,0.581,0.148,0.9,1.48,0.6,0.2,110.8,2.1,0.069,0.011,0.095
1628368,De'Aaron Fox,1610612758,SAC,2020-21,0.565,0.523,0.304,7.2,2.4,1.5,0.5,118.0,-4.5,0.124,0.016,0.085
1629631,De'Andre Hunter,1610612737,ATL,2020-21,0.603,0.546,0.194,1.9,1.52,0.8,0.5,105.9,5.5,0.104,0.024,0.125
1629001,De'Anthony Melton,1610612763,MEM,2020-21,0.568,0.548,0.189,2.5,2.0,1.2,0.6,105.4,6.0,0.1,0.026,0.118
201599,DeAndre Jordan,1610612751,BKN,2020-21,0.736,0.763,0.128,1.6,1.09,0.3,1.1,114.8,-1.9,0.112,0.097,0.231
1627761,DeAndre' Bembry,1610612761,TOR,2020-21,0.57,0.544,0.142,2.1,1.51,1.0,0.4,107.7,0.4,0.079,0.033,0.112
201942,DeMar DeRozan,1610612759,SAS,2020-21,0.591,0.505,0.255,6.9,3.55,0.9,0.2,115.5,-2.5,0.139,0.019,0.106
202326,DeMarcus Cousins,1610612746,LAC,2020-21,0.537,0.503,0.239,1.9,1.19,0.8,0.6,106.6,-3.2,0.13,0.07,0.293
1629731,Dean Wade,1610612739,CLE,2020-21,0.573,0.556,0.128,1.2,2.47,0.6,0.3,111.9,-9.0,0.082,0.031,0.154
1629028,Deandre Ayton,1610612756,PHX,2020-21,0.653,0.629,0.179,1.4,0.96,0.6,1.2,110.8,6.3,0.13,0.117,0.236
1629686,Deividas Sirvydis,1610612765,DET,2020-21,0.481,0.475,0.15,0.3,1.0,0.1,0.0,106.9,-9.7,0.07,0.0,0.225
1627749,Dejounte Murray,1610612759,SAS,2020-21,0.509,0.485,0.231,5.4,3.1,1.5,0.1,109.5,2.3,0.124,0.026,0.19
1626153,Delon Wright,1610612758,SAC,2020-21,0.562,0.525,0.163,4.4,3.35,1.6,0.5,111.8,-3.5,0.115,0.036,0.122
1630166,Deni Avdija,1610612764,WAS,2020-21,0.515,0.502,0.118,1.2,1.91,0.6,0.3,109.9,-2.1,0.06,0.017,0.181
203471,Dennis Schröder,1610612747,LAL,2020-21,0.543,0.484,0.227,5.8,2.15,1.1,0.2,108.6,2.2,0.097,0.016,0.093
1628372,Dennis Smith Jr.,1610612765,DET,2020-21,0.492,0.466,0.191,3.3,2.96,1.0,0.6,108.1,-2.2,0.093,0.029,0.099
1627756,Denzel Valentine,1610612741,CHI,2020-21,0.479,0.469,0.19,1.7,2.5,0.5,0.1,106.7,1.0,0.085,0.022,0.168
202324,Derrick Favors,1610612762,UTA,2020-21,0.663,0.638,0.125,0.6,1.22,0.5,1.0,111.6,2.6,0.111,0.13,0.227
1627884,Derrick Jones Jr.,1610612757,POR,2020-21,0.576,0.554,0.122,0.8,1.47,0.6,0.9,114.0,-0.8,0.058,0.055,0.094
201565,Derrick Rose,1610612752,NYK,2020-21,0.55,0.511,0.252,4.2,2.68,1.0,0.4,105.0,4.9,0.133,0.015,0.081
1628401,Derrick White,1610612759,SAS,2020-21,0.55,0.503,0.223,3.5,2.82,0.7,1.0,108.8,5.1,0.09,0.012,0.086
1630217,Desmond Bane,1610612763,MEM,2020-21,0.6,0.586,0.155,1.7,2.0,0.6,0.2,109.7,0.4,0.08,0.019,0.116
1626164,Devin Booker,1610612756,PHX,2020-21,0.587,0.533,0.319,4.3,1.4,0.8,0.2,111.4,7.2,0.125,0.016,0.108
1629962,Devin Cannady,1610612753,ORL,2020-21,0.547,0.5,0.181,0.1,0.5,0.6,0.1,114.4,-13.7,0.061,0.0,0.065
1630170,Devin Vassell,1610612759,SAS,2020-21,0.524,0.492,0.138,0.9,2.55,0.7,0.3,108.9,-2.4,0.071,0.021,0.138
1629653,Devon Dotson,1610612741,CHI,2020-21,0.548,0.548,0.16,0.6,0.0,0.4,0.0,83.7,21.7,0.166,0.039,0.061
1629719,Devontae Cacok,1610612747,LAL,2020-21,0.576,0.586,0.154,0.1,0.2,0.3,0.2,98.6,18.1,0.114,0.117,0.183
1628984,Devonte' Graham,1610612766,CHA,2020-21,0.552,0.51,0.211,5.4,3.51,0.9,0.1,107.1,2.1,0.103,0.013,0.075
203473,Dewayne Dedmon,1610612748,MIA,2020-21,0.735,0.715,0.183,0.8,0.92,0.6,0.4,104.2,17.1,0.149,0.137,0.282
1629712,Didi Louzada,1610612740,NOP,2020-21,0.308,0.308,0.114,1.0,1.0,0.7,0.0,109.8,-7.3,-0.012,0.015,0.032
1628415,Dillon Brooks,1610612763,MEM,2020-21,0.515,0.481,0.256,2.3,1.32,1.2,0.4,109.4,4.5,0.066,0.026,0.069
1627734,Domantas Sabonis,1610612754,IND,2020-21,0.601,0.564,0.239,6.7,1.95,1.2,0.5,111.5,-1.9,0.154,0.066,0.259
1628378,Donovan Mitchell,1610612762,UTA,2020-21,0.569,0.52,0.327,5.2,1.88,1.0,0.3,109.2,7.9,0.138,0.028,0.095
1629743,Donta Hall,1610612753,ORL,2020-21,0.731,0.714,0.135,0.8,1.38,0.4,0.8,104.5,-6.5,0.145,0.126,0.193
1628978,Donte DiVincenzo,1610612749,MIL,2020-21,0.542,0.528,0.163,3.1,2.23,1.1,0.2,109.1,8.1,0.087,0.043,0.155
1627827,Dorian Finney-Smith,1610612742,DAL,2020-21,0.609,0.6,0.12,1.7,2.13,0.9,0.4,112.1,5.1,0.074,0.052,0.116
203926,Doug McDermott,1610612754,IND,2020-21,0.635,0.616,0.194,1.3,1.6,0.3,0.1,112.3,-1.8,0.096,0.036,0.096
203110,Draymond Green,1610612744,GSW,2020-21,0.53,0.492,0.128,8.9,2.97,1.7,0.8,109.3,5.4,0.107,0.028,0.184
1629234,Drew Eubanks,1610612759,SAS,2020-21,0.618,0.571,0.166,0.8,0.93,0.3,0.9,108.2,-4.6,0.115,0.09,0.207
1629130,Duncan Robinson,1610612748,MIA,2020-21,0.628,0.614,0.162,1.8,1.57,0.6,0.3,108.3,2.3,0.075,0.003,0.109
1628407,Dwayne Bacon,1610612753,ORL,2020-21,0.49,0.443,0.193,1.3,2.02,0.6,0.1,112.8,-11.4,0.069,0.015,0.102
2730,Dwight Howard,1610612755,PHI,2020-21,0.61,0.596,0.173,0.9,0.54,0.4,0.9,106.3,-2.4,0.13,0.148,0.309
203939,Dwight Powell,1610612742,DAL,2020-21,0.688,0.631,0.129,1.1,1.58,0.6,0.5,108.8,4.0,0.099,0.086,0.158
1629685,Dylan Windler,1610612739,CLE,2020-21,0.567,0.538,0.14,1.1,1.03,0.6,0.4,111.1,-6.5,0.082,0.039,0.171
202734,E'Twaun Moore,1610612756,PHX,2020-21,0.523,0.5,0.164,1.5,1.74,0.6,0.2,107.9,0.5,0.064,0.035,0.08
202334,Ed Davis,1610612750,MIN,2020-21,0.487,0.432,0.078,0.9,3.0,0.6,0.6,109.0,-7.6,0.079,0.127,0.235
1628410,Edmond Sumner,1610612754,IND,2020-21,0.626,0.587,0.176,0.9,0.96,0.6,0.2,112.2,-0.4,0.072,0.02,0.083
203901,Elfrid Payton,1610612752,NYK,2020-21,0.478,0.455,0.224,3.2,1.97,0.7,0.1,110.8,-3.0,0.079,0.041,0.098
1629091,Elijah Bryant,1610612749,MIL,2020-21,0.559,0.5,0.231,3.0,0.75,0.0,1.0,105.7,14.0,0.072,0.065,0.133
1630190,Elijah Hughes,1610612762,UTA,2020-21,0.488,0.467,0.242,0.3,1.0,0.1,0.1,120.3,-28.8,0.071,0.014,0.119
202683,Enes Freedom,1610612757,POR,2020-21,0.636,0.605,0.169,1.2,1.08,0.5,0.7,114.8,4.9,0.141,0.148,0.281
202339,Eric Bledsoe,1610612740,NOP,2020-21,0.533,0.503,0.181,3.8,2.35,0.8,0.3,114.8,-1.8,0.077,0.013,0.1
201569,Eric Gordon,1610612745,HOU,2020-21,0.577,0.527,0.246,2.6,1.39,0.5,0.5,110.1,-3.3,0.097,0.009,0.062
1629672,Eric Paschall,1610612744,GSW,2020-21,0.561,0.527,0.234,1.3,1.19,0.3,0.2,110.5,-6.8,0.098,0.038,0.138
101141,Ersan Ilyasova,1610612762,UTA,2020-21,0.578,0.556,0.19,0.2,0.5,0.6,0.2,103.0,6.7,0.062,0.047,0.143
203095,Evan Fournier,1610612738,BOS,2020-21,0.598,0.565,0.222,3.4,1.97,1.1,0.5,113.0,-1.4,0.098,0.007,0.094
1630267,Facundo Campazzo,1610612743,DEN,2020-21,0.558,0.502,0.128,3.6,3.18,1.2,0.2,108.8,2.8,0.074,0.015,0.081
1628402,Frank Jackson,1610612765,DET,2020-21,0.598,0.561,0.207,0.9,1.06,0.4,0.0,107.0,-1.0,0.093,0.021,0.092
1626163,Frank Kaminsky,1610612756,PHX,2020-21,0.547,0.531,0.185,1.7,3.59,0.3,0.4,108.9,4.6,0.106,0.051,0.208
1628412,Frank Mason III,1610612753,ORL,2020-21,0.462,0.417,0.17,3.0,2.4,0.0,0.0,108.0,-11.1,0.059,0.033,0.103
1628373,Frank Ntilikina,1610612752,NYK,2020-21,0.512,0.513,0.134,0.6,1.73,0.5,0.1,103.3,-3.6,0.036,0.019,0.077
1627832,Fred VanVleet,1610612761,TOR,2020-21,0.534,0.489,0.237,6.3,3.45,1.7,0.7,110.2,3.3,0.115,0.016,0.101
1630273,Freddie Gillespie,1610612761,TOR,2020-21,0.563,0.524,0.12,0.5,0.75,0.7,1.0,110.9,-9.6,0.075,0.1,0.142
1627788,Furkan Korkmaz,1610612755,PHI,2020-21,0.544,0.52,0.195,1.5,1.78,0.9,0.2,104.3,6.0,0.089,0.015,0.09
1629216,Gabe Vincent,1610612748,MIA,2020-21,0.498,0.476,0.184,1.3,1.97,0.4,0.0,110.3,-5.9,0.049,0.016,0.068
1630466,Gabriel Deck,1610612760,OKC,2020-21,0.548,0.493,0.159,2.4,4.0,0.8,0.0,116.8,-12.7,0.1,0.067,0.118
202066,Garrett Temple,1610612741,CHI,2020-21,0.525,0.503,0.126,2.2,2.14,0.8,0.5,109.3,1.5,0.051,0.019,0.082
1629726,Garrison Mathews,1610612764,WAS,2020-21,0.635,0.57,0.111,0.4,2.6,0.5,0.1,113.4,-5.6,0.052,0.015,0.065
1629109,Gary Clark,1610612755,PHI,2020-21,0.436,0.42,0.097,0.8,1.82,0.3,0.2,111.7,-7.7,0.044,0.044,0.125
203914,Gary Harris,1610612753,ORL,2020-21,0.511,0.47,0.164,2.0,2.11,0.7,0.3,114.2,-4.2,0.053,0.019,0.054
1627780,Gary Payton II,1610612744,GSW,2020-21,0.847,0.846,0.153,0.1,1.0,0.6,0.1,101.1,2.2,0.164,0.051,0.176
1629018,Gary Trent Jr.,1610612761,TOR,2020-21,0.534,0.513,0.204,1.4,1.86,1.0,0.2,115.7,-1.8,0.071,0.014,0.069
201588,George Hill,1610612755,PHI,2020-21,0.596,0.561,0.161,2.4,2.35,0.8,0.2,110.2,-0.4,0.088,0.023,0.063
1627777,Georges Niang,1610612762,UTA,2020-21,0.602,0.59,0.169,0.8,1.16,0.3,0.1,100.3,14.6,0.076,0.024,0.117
203507,Giannis Antetokounmpo,1610612749,MIL,2020-21,0.633,0.6,0.32,5.9,1.72,1.2,1.2,107.3,9.8,0.196,0.048,0.264
203922,Glenn Robinson III,1610612758,SAC,2020-21,0.554,0.505,0.135,0.9,1.82,0.2,0.1,122.5,-17.3,0.057,0.028,0.094
1629048,Goga Bitadze,1610612754,IND,2020-21,0.523,0.479,0.169,0.8,2.18,0.2,1.3,109.3,-0.8,0.078,0.095,0.148
201609,Goran Dragic,1610612748,MIA,2020-21,0.552,0.514,0.239,4.4,1.86,0.7,0.2,108.6,1.5,0.097,0.019,0.107
202330,Gordon Hayward,1610612766,CHA,2020-21,0.584,0.537,0.235,4.1,1.99,1.2,0.3,110.3,0.7,0.124,0.024,0.143
203476,Gorgui Dieng,1610612759,SAS,2020-21,0.67,0.613,0.169,1.3,1.5,0.7,0.4,113.2,-6.7,0.12,0.068,0.181
1630203,Grant Riller,1610612766,CHA,2020-21,0.75,0.75,0.22,0.4,3.0,0.1,0.0,101.8,-5.4,0.211,0.0,0.04
1629684,Grant Williams,1610612738,BOS,2020-21,0.546,0.534,0.12,1.0,1.14,0.5,0.4,109.3,-1.9,0.04,0.04,0.113
1628960,Grayson Allen,1610612763,MEM,2020-21,0.586,0.547,0.164,2.2,2.25,0.9,0.2,111.0,0.5,0.084,0.014,0.106
204222,Greg Whittington,1610612743,DEN,2020-21,0.0,0.0,0.103,0.0,0.0,0.0,0.0,70.4,33.3,-0.071,0.0,0.0
1628977,Hamidou Diallo,1610612765,DET,2020-21,0.541,0.506,0.218,1.9,1.33,0.8,0.5,110.6,-8.6,0.099,0.046,0.161
203084,Harrison Barnes,1610612758,SAC,2020-21,0.626,0.575,0.169,3.5,2.16,0.7,0.2,116.2,-1.8,0.107,0.031,0.152
1628385,Harry Giles III,1610612757,POR,2020-21,0.496,0.474,0.154,0.8,1.45,0.2,0.3,111.5,-10.4,0.095,0.079,0.254
202355,Hassan Whiteside,1610612758,SAC,2020-21,0.566,0.563,0.227,0.6,0.5,0.3,1.3,114.5,-8.1,0.123,0.109,0.269
1627740,Henry Ellenson,1610612761,TOR,2020-21,0.476,0.429,0.167,2.5,0.0,0.0,0.0,88.2,10.6,0.106,0.061,0.205
1629649,Ignas Brazdeikis,1610612753,ORL,2020-21,0.51,0.488,0.171,1.3,1.42,0.3,0.2,114.6,-4.3,0.063,0.041,0.129
202697,Iman Shumpert,1610612751,BKN,2020-21,0.25,0.25,0.185,0.0,0.0,0.5,0.0,95.7,-4.3,-0.011,0.077,0.0
1630193,Immanuel Quickley,1610612752,NYK,2020-21,0.557,0.497,0.246,2.0,2.19,0.5,0.2,104.5,7.1,0.103,0.02,0.086
1629067,Isaac Bonga,1610612764,WAS,2020-21,0.461,0.451,0.101,0.6,1.05,0.3,0.2,102.4,-3.3,0.022,0.042,0.1
1630171,Isaac Okoro,1610612739,CLE,2020-21,0.514,0.476,0.142,1.9,1.49,0.9,0.4,113.4,-8.7,0.044,0.031,0.066
1628392,Isaiah Hartenstein,1610612739,CLE,2020-21,0.583,0.556,0.187,1.2,1.25,0.4,0.8,105.7,2.1,0.108,0.114,0.207
1630198,Isaiah Joe,1610612755,PHI,2020-21,0.533,0.508,0.163,0.5,1.82,0.3,0.1,105.1,1.8,0.058,0.014,0.083
1629676,Isaiah Roby,1610612760,OKC,2020-21,0.555,0.52,0.171,1.8,0.95,0.9,0.6,113.6,-14.1,0.084,0.057,0.169
1630191,Isaiah Stewart,1610612765,DET,2020-21,0.597,0.578,0.15,0.9,0.88,0.6,1.3,107.4,-2.0,0.108,0.105,0.193
202738,Isaiah Thomas,1610612740,NOP,2020-21,0.412,0.389,0.274,1.7,0.83,0.3,0.0,100.0,6.7,0.033,0.019,0.052
202397,Ish Smith,1610612764,WAS,2020-21,0.473,0.465,0.155,3.9,4.2,0.7,0.3,108.7,2.3,0.093,0.022,0.131
1627826,Ivica Zubac,1610612746,LAC,2020-21,0.693,0.654,0.147,1.3,1.11,0.3,0.9,109.3,5.0,0.117,0.121,0.2
200755,JJ Redick,1610612742,DAL,2020-21,0.564,0.521,0.184,1.2,1.42,0.3,0.1,110.6,-1.3,0.067,0.006,0.082
1629630,Ja Morant,1610612763,MEM,2020-21,0.537,0.487,0.267,7.4,2.29,0.9,0.2,112.1,2.6,0.113,0.027,0.091
203960,JaKarr Sampson,1610612754,IND,2020-21,0.533,0.509,0.177,0.1,0.27,0.1,0.5,108.9,1.1,0.059,0.08,0.145
203210,JaMychal Green,1610612743,DEN,2020-21,0.59,0.568,0.172,0.9,1.0,0.4,0.4,107.6,4.1,0.088,0.072,0.177
201580,JaVale McGee,1610612743,DEN,2020-21,0.541,0.52,0.228,0.8,0.65,0.4,1.2,106.9,-6.1,0.115,0.105,0.231
203953,Jabari Parker,1610612738,BOS,2020-21,0.593,0.564,0.175,0.8,1.1,0.1,0.4,106.1,-5.5,0.117,0.056,0.18
1630183,Jaden McDaniels,1610612750,MIN,2020-21,0.552,0.545,0.118,1.1,1.51,0.6,1.0,113.1,-3.4,0.05,0.032,0.118
203109,Jae Crowder,1610612756,PHX,2020-21,0.574,0.555,0.152,2.1,2.31,0.8,0.5,107.9,6.3,0.081,0.02,0.146
1630256,Jae'Sean Tate,1610612745,HOU,2020-21,0.576,0.554,0.161,2.5,1.82,1.2,0.5,111.8,-3.8,0.083,0.06,0.118
1626143,Jahlil Okafor,1610612765,DET,2020-21,0.644,0.627,0.17,0.5,0.62,0.2,0.2,108.7,-10.2,0.089,0.07,0.119
1630186,Jahmi'us Ramsey,1610612758,SAC,2020-21,0.498,0.461,0.183,0.5,2.0,0.3,0.1,104.2,2.4,0.063,0.019,0.08
1627774,Jake Layman,1610612750,MIN,2020-21,0.577,0.557,0.147,0.6,1.08,0.6,0.4,107.3,-5.8,0.074,0.019,0.083
1627751,Jakob Poeltl,1610612759,SAS,2020-21,0.612,0.616,0.13,1.9,1.61,0.7,1.8,109.0,3.2,0.1,0.114,0.173
1628973,Jalen Brunson,1610612742,DAL,2020-21,0.618,0.588,0.196,3.5,2.99,0.5,0.0,108.7,4.9,0.123,0.016,0.117
1630223,Jalen Harris,1610612761,TOR,2020-21,0.632,0.618,0.219,1.3,1.21,0.6,0.0,107.8,0.3,0.097,0.017,0.091
1629665,Jalen Lecque,1610612754,IND,2020-21,0.242,0.111,0.263,0.5,0.0,0.0,0.0,92.6,-14.8,0.12,0.083,0.2
1629667,Jalen McDaniels,1610612766,CHA,2020-21,0.554,0.53,0.169,1.1,1.18,0.6,0.4,113.9,-9.4,0.073,0.047,0.138
1630188,Jalen Smith,1610612756,PHX,2020-21,0.499,0.48,0.161,0.1,0.57,0.0,0.1,110.7,-4.4,0.059,0.044,0.174
1627750,Jamal Murray,1610612743,DEN,2020-21,0.592,0.559,0.244,4.8,2.14,1.3,0.3,110.6,8.0,0.117,0.023,0.095
203516,James Ennis III,1610612753,ORL,2020-21,0.613,0.566,0.137,1.5,1.72,0.8,0.2,111.7,-3.8,0.077,0.042,0.123
201935,James Harden,1610612751,BKN,2020-21,0.618,0.548,0.283,10.8,2.68,1.2,0.8,114.3,2.9,0.174,0.023,0.191
201949,James Johnson,1610612740,NOP,2020-21,0.51,0.494,0.166,1.9,1.78,0.8,0.8,111.4,-5.0,0.071,0.029,0.131
203263,James Nunnally,1610612740,NOP,2020-21,0.54,0.538,0.129,0.3,1.5,0.0,0.0,103.9,-4.8,0.075,0.033,0.149
1630164,James Wiseman,1610612744,GSW,2020-21,0.552,0.535,0.231,0.7,0.43,0.3,0.9,110.6,-8.8,0.088,0.063,0.19
201162,Jared Dudley,1610612747,LAL,2020-21,0.333,0.333,0.056,0.4,2.5,0.1,0.1,99.4,-1.7,0.055,0.047,0.213
1629607,Jared Harper,1610612752,NYK,2020-21,0.26,0.0,0.2,0.1,0.33,0.0,0.0,95.0,-16.4,-0.052,0.0,0.091
1628991,Jaren Jackson Jr.,1610612763,MEM,2020-21,0.551,0.492,0.252,1.1,0.8,1.1,1.6,118.0,-10.5,0.097,0.06,0.164
1629020,Jarred Vanderbilt,1610612750,MIN,2020-21,0.612,0.608,0.118,1.2,1.43,1.0,0.7,109.2,-1.1,0.107,0.096,0.211
1629714,Jarrell Brantley,1610612762,UTA,2020-21,0.605,0.596,0.182,0.5,1.88,0.3,0.1,112.1,-9.1,0.096,0.059,0.125
1628386,Jarrett Allen,1610612739,CLE,2020-21,0.661,0.624,0.163,1.7,1.06,0.5,1.4,113.9,-5.6,0.138,0.106,0.232
1629633,Jarrett Culver,1610612750,MIN,2020-21,0.476,0.449,0.179,0.7,0.86,0.5,0.3,109.7,-10.7,0.057,0.059,0.132
1629750,Javonte Green,1610612741,CHI,2020-21,0.61,0.569,0.122,0.4,0.89,0.7,0.1,107.2,1.8,0.069,0.056,0.1
1629637,Jaxson Hayes,1610612740,NOP,2020-21,0.675,0.636,0.156,0.6,0.9,0.4,0.6,105.5,-0.9,0.123,0.087,0.161
1630206,Jay Scrubb,1610612746,LAC,2020-21,0.458,0.417,0.217,0.3,0.14,1.0,0.0,115.6,-2.8,0.051,0.022,0.14
1629121,Jaylen Adams,1610612749,MIL,2020-21,0.125,0.125,0.178,0.3,0.0,0.0,0.0,100.0,-31.0,-0.017,0.0,0.143
1627759,Jaylen Brown,1610612738,BOS,2020-21,0.586,0.558,0.29,3.4,1.23,1.2,0.6,111.8,1.8,0.129,0.035,0.136
1629658,Jaylen Hoard,1610612760,OKC,2020-21,0.547,0.5,0.156,1.3,1.41,0.7,0.3,108.9,-9.1,0.093,0.061,0.128
1629669,Jaylen Nowell,1610612750,MIN,2020-21,0.528,0.499,0.206,1.5,2.21,0.5,0.3,111.1,-6.6,0.081,0.022,0.098
1628369,Jayson Tatum,1610612738,BOS,2020-21,0.576,0.53,0.298,4.3,1.61,1.2,0.5,111.8,3.0,0.152,0.021,0.188
201145,Jeff Green,1610612751,BKN,2020-21,0.624,0.59,0.154,1.6,2.0,0.5,0.4,112.8,3.3,0.083,0.019,0.116
201952,Jeff Teague,1610612749,MIL,2020-21,0.562,0.496,0.174,2.4,2.06,0.6,0.2,110.3,2.8,0.079,0.016,0.074
203924,Jerami Grant,1610612765,DET,2020-21,0.556,0.491,0.278,2.8,1.39,0.6,1.1,111.5,-3.2,0.114,0.018,0.118
1629725,Jeremiah Martin,1610612739,CLE,2020-21,0.313,0.318,0.22,0.4,0.67,0.6,0.2,117.3,-16.7,0.01,0.021,0.065
203087,Jeremy Lamb,1610612754,IND,2020-21,0.587,0.529,0.18,1.5,2.41,0.9,0.6,113.3,-0.3,0.098,0.032,0.137
1629010,Jerome Robinson,1610612764,WAS,2020-21,0.4,0.353,0.161,1.5,1.32,0.7,0.4,113.1,-13.1,0.031,0.011,0.105
1628975,Jevon Carter,1610612756,PHX,2020-21,0.548,0.547,0.146,1.2,4.44,0.5,0.2,107.6,3.3,0.075,0.022,0.107
202710,Jimmy Butler III,1610612748,MIA,2020-21,0.607,0.514,0.259,7.1,3.39,2.1,0.3,106.9,5.2,0.184,0.056,0.153
203925,Joe Harris,1610612751,BKN,2020-21,0.663,0.654,0.157,1.9,2.1,0.7,0.2,110.6,6.9,0.085,0.021,0.09
204060,Joe Ingles,1610612762,UTA,2020-21,0.672,0.652,0.162,4.7,2.72,0.7,0.2,104.9,11.8,0.112,0.014,0.108
203954,Joel Embiid,1610612755,PHI,2020-21,0.636,0.545,0.352,2.8,0.91,1.0,1.4,105.8,12.0,0.203,0.078,0.254
1628381,John Collins,1610612737,ATL,2020-21,0.645,0.61,0.214,1.2,0.93,0.5,1.0,111.7,4.3,0.125,0.064,0.183
1629723,John Konchar,1610612763,MEM,2020-21,0.608,0.576,0.124,1.1,2.61,0.7,0.2,108.6,2.1,0.098,0.057,0.161
202322,John Wall,1610612745,HOU,2020-21,0.503,0.458,0.316,6.9,1.95,1.1,0.8,111.8,-5.7,0.114,0.012,0.084
202685,Jonas Valančiūnas,1610612763,MEM,2020-21,0.636,0.606,0.217,1.8,1.12,0.6,0.9,108.9,3.8,0.163,0.134,0.289
1629007,Jontay Porter,1610612763,MEM,2020-21,0.64,0.633,0.182,0.1,0.14,0.3,0.1,92.2,0.9,0.067,0.065,0.149
1628395,Jordan Bell,1610612744,GSW,2020-21,0.328,0.318,0.14,1.2,1.75,0.5,0.8,112.3,-17.0,0.068,0.069,0.189
1629648,Jordan Bone,1610612753,ORL,2020-21,0.519,0.519,0.121,1.3,6.0,0.1,0.0,112.6,-14.3,0.067,0.018,0.102
203903,Jordan Clarkson,1610612762,UTA,2020-21,0.549,0.522,0.286,2.5,1.46,0.9,0.1,108.0,7.8,0.115,0.025,0.117
1629162,Jordan McLaughlin,1610612750,MIN,2020-21,0.502,0.481,0.133,3.8,3.78,1.0,0.1,108.8,-6.3,0.095,0.02,0.09
1629670,Jordan Nwora,1610612749,MIL,2020-21,0.586,0.563,0.254,0.2,0.29,0.6,0.3,107.1,-0.3,0.113,0.033,0.162
1629673,Jordan Poole,1610612744,GSW,2020-21,0.581,0.535,0.246,1.9,1.94,0.5,0.2,106.9,0.7,0.101,0.015,0.074
1630182,Josh Green,1610612742,DAL,2020-21,0.49,0.473,0.112,0.7,1.65,0.4,0.1,104.7,1.9,0.057,0.059,0.11
1630221,Josh Hall,1610612760,OKC,2020-21,0.363,0.323,0.174,1.3,1.12,0.2,0.0,113.9,-13.2,0.015,0.016,0.151
1628404,Josh Hart,1610612740,NOP,2020-21,0.566,0.531,0.133,2.3,2.22,0.8,0.3,112.1,-0.2,0.1,0.039,0.234
1628367,Josh Jackson,1610612765,DET,2020-21,0.516,0.473,0.254,2.3,1.01,0.9,0.8,108.3,-3.4,0.08,0.035,0.123
1629006,Josh Okogie,1610612750,MIN,2020-21,0.524,0.459,0.119,1.1,1.47,0.9,0.5,114.3,-6.6,0.045,0.048,0.079
1626196,Josh Richardson,1610612742,DAL,2020-21,0.537,0.498,0.181,2.6,1.94,1.0,0.4,113.7,-0.2,0.073,0.028,0.079
201950,Jrue Holiday,1610612749,MIL,2020-21,0.592,0.57,0.217,6.1,2.81,1.6,0.6,108.8,9.2,0.124,0.037,0.093
1629308,Juan Toscano-Anderson,1610612744,GSW,2020-21,0.676,0.667,0.108,2.8,2.46,0.8,0.5,105.6,3.8,0.098,0.026,0.172
1627823,Juancho Hernangomez,1610612750,MIN,2020-21,0.549,0.527,0.167,0.7,1.3,0.4,0.1,115.4,-4.9,0.085,0.047,0.177
203944,Julius Randle,1610612752,NYK,2020-21,0.567,0.516,0.285,6.0,1.77,0.9,0.3,106.8,3.0,0.158,0.031,0.227
203200,Justin Holiday,1610612754,IND,2020-21,0.571,0.551,0.138,1.7,2.2,1.0,0.6,111.2,-0.6,0.065,0.014,0.098
1628382,Justin Jackson,1610612749,MIL,2020-21,0.516,0.484,0.195,1.5,1.63,0.4,0.1,106.8,-3.0,0.077,0.026,0.1
1629713,Justin James,1610612758,SAC,2020-21,0.548,0.532,0.192,0.6,1.47,0.2,0.1,108.8,-8.5,0.066,0.027,0.067
1628383,Justin Patton,1610612745,HOU,2020-21,0.488,0.479,0.128,1.1,3.5,0.9,1.1,114.9,-14.1,0.065,0.047,0.142
1629620,Justin Robinson,1610612760,OKC,2020-21,0.453,0.429,0.111,1.0,4.5,0.3,0.0,119.9,-22.0,0.033,0.011,0.067
1626159,Justise Winslow,1610612763,MEM,2020-21,0.395,0.376,0.212,1.9,1.35,0.6,0.5,107.1,-6.1,0.06,0.032,0.187
203994,Jusuf Nurkić,1610612757,POR,2020-21,0.554,0.532,0.217,3.4,1.71,1.0,1.1,108.2,6.9,0.134,0.094,0.283
1629752,Juwan Morgan,1610612762,UTA,2020-21,0.529,0.533,0.102,0.3,2.25,0.1,0.0,124.1,-34.1,0.044,0.051,0.133
1630231,KJ Martin,1610612745,HOU,2020-21,0.59,0.564,0.154,1.1,1.26,0.7,0.9,117.0,-11.5,0.09,0.063,0.159
1629644,KZ Okpala,1610612748,MIA,2020-21,0.448,0.438,0.115,0.5,1.27,0.3,0.3,109.7,-6.8,0.024,0.047,0.104
1630211,Karim Mane,1610612753,ORL,2020-21,0.362,0.269,0.085,0.4,1.33,0.0,0.2,111.5,-12.0,0.017,0.01,0.151
1626157,Karl-Anthony Towns,1610612750,MIN,2020-21,0.612,0.555,0.286,4.5,1.41,0.8,1.1,114.7,-0.1,0.155,0.075,0.237
202695,Kawhi Leonard,1610612746,LAC,2020-21,0.622,0.568,0.282,5.2,2.56,1.6,0.4,109.2,12.2,0.17,0.034,0.161
1628966,Keita Bates-Diop,1610612759,SAS,2020-21,0.518,0.485,0.144,0.4,1.71,0.4,0.2,111.5,-7.7,0.088,0.037,0.154
1629103,Kelan Martin,1610612754,IND,2020-21,0.551,0.536,0.199,0.5,1.06,0.3,0.3,99.7,15.6,0.099,0.052,0.159
1629640,Keldon Johnson,1610612759,SAS,2020-21,0.557,0.522,0.189,1.8,1.55,0.6,0.3,113.8,-3.8,0.091,0.045,0.163
1629833,Keljin Blevins,1610612757,POR,2020-21,0.3,0.3,0.126,0.2,0.8,0.1,0.0,107.5,-22.2,-0.005,0.031,0.071
203482,Kelly Olynyk,1610612745,HOU,2020-21,0.61,0.574,0.19,2.9,1.61,1.1,0.6,113.2,-2.5,0.112,0.043,0.196
1626162,Kelly Oubre Jr.,1610612744,GSW,2020-21,0.529,0.501,0.215,1.3,1.04,1.0,0.8,109.8,-4.6,0.09,0.046,0.135
202689,Kemba Walker,1610612760,OKC,2020-21,0.559,0.514,0.256,4.9,2.41,1.1,0.3,111.4,3.1,0.123,0.012,0.113
1629134,Kendrick Nunn,1610612748,MIA,2020-21,0.596,0.578,0.205,2.6,1.85,0.9,0.3,111.6,-0.4,0.095,0.013,0.096
1629026,Kenrich Williams,1610612760,OKC,2020-21,0.599,0.596,0.148,2.3,2.0,0.8,0.3,111.1,-6.3,0.09,0.056,0.129
203145,Kent Bazemore,1610612744,GSW,2020-21,0.564,0.545,0.159,1.6,1.32,1.0,0.5,104.6,5.9,0.075,0.019,0.14
203484,Kentavious Caldwell-Pope,1610612747,LAL,2020-21,0.588,0.549,0.139,1.9,1.92,0.9,0.4,107.3,3.3,0.07,0.015,0.081
201142,Kevin Durant,1610612751,BKN,2020-21,0.666,0.608,0.303,5.6,1.63,0.7,1.3,111.1,10.7,0.172,0.012,0.18
1628989,Kevin Huerter,1610612737,ATL,2020-21,0.541,0.528,0.167,3.5,3.05,1.2,0.3,111.6,1.7,0.077,0.017,0.09
1628995,Kevin Knox II,1610612752,NYK,2020-21,0.537,0.514,0.152,0.5,1.12,0.3,0.1,104.7,-3.5,0.065,0.02,0.101
201567,Kevin Love,1610612739,CLE,2020-21,0.556,0.522,0.211,2.5,1.66,0.6,0.1,113.4,-6.5,0.123,0.026,0.272
1629645,Kevin Porter Jr.,1610612745,HOU,2020-21,0.528,0.493,0.247,6.3,1.8,0.7,0.3,119.9,-12.6,0.086,0.022,0.098
1626172,Kevon Looney,1610612744,GSW,2020-21,0.575,0.558,0.092,2.0,3.22,0.3,0.4,106.1,6.0,0.08,0.098,0.165
203920,Khem Birch,1610612761,TOR,2020-21,0.552,0.514,0.133,1.3,2.02,0.7,0.7,109.7,-3.6,0.089,0.101,0.138
203114,Khris Middleton,1610612749,MIL,2020-21,0.588,0.546,0.245,5.4,2.08,1.1,0.1,110.5,6.2,0.123,0.023,0.143
1629017,Khyri Thomas,1610612745,HOU,2020-21,0.586,0.553,0.208,5.0,4.17,1.8,1.2,116.9,7.3,0.107,0.047,0.072
1630165,Killian Hayes,1610612765,DET,2020-21,0.422,0.403,0.185,5.3,1.66,1.0,0.4,110.7,-10.1,0.053,0.009,0.092
1629681,Killian Tillie,1610612763,MEM,2020-21,0.461,0.421,0.148,0.4,4.0,0.3,0.4,97.7,9.6,0.047,0.031,0.082
1630184,Kira Lewis Jr.,1610612740,NOP,2020-21,0.477,0.445,0.176,2.3,3.65,0.7,0.2,108.1,0.8,0.064,0.012,0.064
1628961,Kostas Antetokounmpo,1610612747,LAL,2020-21,0.382,0.3,0.172,0.1,0.09,0.1,0.3,83.3,22.1,0.005,0.059,0.211
1627739,Kris Dunn,1610612737,ATL,2020-21,0.182,0.083,0.157,0.5,0.67,0.5,0.5,117.7,-31.4,-0.06,0.0,0.125
204001,Kristaps Porziņģis,1610612742,DAL,2020-21,0.582,0.547,0.259,1.6,1.33,0.5,1.3,115.3,0.7,0.135,0.062,0.219
203937,Kyle Anderson,1610612763,MEM,2020-21,0.578,0.54,0.181,3.6,2.91,1.2,0.8,108.7,1.6,0.121,0.026,0.173
1629657,Kyle Guy,1610612758,SAC,2020-21,0.449,0.403,0.185,1.0,2.91,0.2,0.0,111.5,-4.2,0.062,0.019,0.128
1628398,Kyle Kuzma,1610612747,LAL,2020-21,0.546,0.533,0.198,1.9,1.12,0.5,0.6,105.4,-0.6,0.097,0.054,0.157
200768,Kyle Lowry,1610612761,TOR,2020-21,0.593,0.546,0.209,7.3,2.68,1.0,0.3,113.0,-0.3,0.115,0.021,0.133
202681,Kyrie Irving,1610612751,BKN,2020-21,0.614,0.576,0.297,6.0,2.49,1.4,0.7,113.8,5.6,0.149,0.029,0.101
200746,LaMarcus Aldridge,1610612751,BKN,2020-21,0.556,0.525,0.224,1.9,1.81,0.4,1.1,113.4,-2.8,0.099,0.027,0.148
1630163,LaMelo Ball,1610612766,CHA,2020-21,0.539,0.504,0.247,6.1,2.16,1.6,0.4,111.8,-3.1,0.121,0.041,0.161
1630205,Lamar Stevens,1610612739,CLE,2020-21,0.521,0.471,0.152,0.6,1.09,0.4,0.3,110.5,-10.4,0.072,0.044,0.145
1629013,Landry Shamet,1610612751,BKN,2020-21,0.578,0.549,0.164,1.6,2.06,0.5,0.2,112.4,1.1,0.063,0.008,0.067
204038,Langston Galloway,1610612756,PHX,2020-21,0.605,0.571,0.163,0.7,2.0,0.2,0.0,107.5,3.2,0.076,0.017,0.08
1626204,Larry Nance Jr.,1610612739,CLE,2020-21,0.557,0.546,0.139,3.1,1.95,1.7,0.5,107.4,-5.6,0.104,0.049,0.169
1628374,Lauri Markkanen,1610612741,CHI,2020-21,0.619,0.594,0.197,0.9,0.87,0.5,0.3,109.9,-2.8,0.11,0.027,0.173
2544,LeBron James,1610612747,LAL,2020-21,0.602,0.576,0.31,7.8,2.08,1.1,0.6,103.2,9.2,0.191,0.02,0.202
1629022,Lonnie Walker IV,1610612759,SAS,2020-21,0.523,0.502,0.199,1.7,1.55,0.5,0.3,115.7,-6.3,0.063,0.009,0.093
1628366,Lonzo Ball,1610612740,NOP,2020-21,0.551,0.537,0.202,5.7,2.57,1.5,0.6,113.7,0.5,0.105,0.018,0.129
101150,Lou Williams,1610612737,ATL,2020-21,0.519,0.464,0.244,3.4,2.08,0.7,0.1,110.6,1.8,0.096,0.015,0.08
1629663,Louis King,1610612758,SAC,2020-21,0.6,0.559,0.191,1.5,2.25,1.2,0.5,100.5,-3.3,0.148,0.051,0.135
1629652,Luguentz Dort,1610612760,OKC,2020-21,0.513,0.475,0.218,1.7,1.11,0.9,0.4,111.6,-7.2,0.062,0.023,0.092
1629029,Luka Dončić,1610612742,DAL,2020-21,0.587,0.55,0.35,8.6,2.02,1.0,0.5,112.7,3.9,0.179,0.024,0.202
1629677,Luka Samanic,1610612759,SAS,2020-21,0.518,0.505,0.187,0.5,0.75,0.2,0.2,104.6,-2.0,0.065,0.049,0.158
1628379,Luke Kennard,1610612746,LAC,2020-21,0.608,0.597,0.166,1.7,2.17,0.4,0.1,114.4,-0.4,0.084,0.013,0.118
1628436,Luke Kornet,1610612738,BOS,2020-21,0.511,0.51,0.135,0.8,3.43,0.1,1.0,99.6,5.8,0.087,0.041,0.144
1630201,Malachi Flynn,1610612761,TOR,2020-21,0.484,0.453,0.183,2.9,3.19,0.8,0.1,109.4,-5.6,0.083,0.01,0.114
1627763,Malcolm Brogdon,1610612754,IND,2020-21,0.561,0.527,0.257,5.9,2.86,0.9,0.3,111.1,-0.5,0.128,0.029,0.118
1627736,Malik Beasley,1610612750,MIN,2020-21,0.57,0.547,0.235,2.4,1.47,0.8,0.2,115.0,-7.2,0.101,0.021,0.112
1630238,Malik Fitts,1610612746,LAC,2020-21,0.5,0.5,0.12,0.0,0.0,0.0,0.0,113.6,-27.3,0.029,0.0,0.3
1628370,Malik Monk,1610612766,CHA,2020-21,0.569,0.54,0.227,2.1,1.58,0.5,0.1,108.6,0.8,0.096,0.015,0.096
1629603,Mamadi Diakite,1610612749,MIL,2020-21,0.477,0.413,0.142,0.6,2.67,0.4,0.4,99.4,3.8,0.081,0.052,0.16
201188,Marc Gasol,1610612747,LAL,2020-21,0.606,0.582,0.117,2.1,2.06,0.5,1.1,104.2,4.3,0.083,0.039,0.174
202694,Marcus Morris Sr.,1610612746,LAC,2020-21,0.614,0.592,0.194,1.0,1.02,0.6,0.3,113.1,4.2,0.091,0.025,0.133
203935,Marcus Smart,1610612738,BOS,2020-21,0.539,0.489,0.179,5.7,2.84,1.5,0.5,111.3,2.8,0.085,0.022,0.084
1628365,Markelle Fultz,1610612753,ORL,2020-21,0.458,0.413,0.25,5.4,2.39,1.0,0.3,113.6,-6.5,0.081,0.021,0.095
202693,Markieff Morris,1610612747,LAL,2020-21,0.509,0.491,0.16,1.2,1.35,0.4,0.3,106.3,0.8,0.076,0.04,0.176
1630210,Markus Howard,1610612743,DEN,2020-21,0.477,0.462,0.25,0.5,1.0,0.1,0.0,110.5,-17.0,0.046,0.004,0.095
1629716,Marques Bolden,1610612739,CLE,2020-21,0.537,0.333,0.136,0.0,0.0,0.3,0.3,70.5,12.3,0.115,0.083,0.088
1627737,Marquese Chriss,1610612744,GSW,2020-21,0.412,0.393,0.25,1.0,1.0,0.0,1.0,119.4,-40.3,0.11,0.075,0.385
1628963,Marvin Bagley III,1610612758,SAC,2020-21,0.554,0.542,0.229,1.0,0.73,0.5,0.5,116.5,-3.7,0.099,0.092,0.188
1630222,Mason Jones,1610612755,PHI,2020-21,0.556,0.52,0.217,1.3,1.45,0.2,0.0,108.8,-9.9,0.092,0.018,0.145
203486,Mason Plumlee,1610612765,DET,2020-21,0.638,0.614,0.163,3.6,1.92,0.8,0.9,114.0,-4.9,0.129,0.095,0.264
1629680,Matisse Thybulle,1610612755,PHI,2020-21,0.508,0.508,0.09,1.0,1.97,1.6,1.1,104.7,4.6,0.053,0.023,0.07
1629744,Matt Thomas,1610612762,UTA,2020-21,0.522,0.5,0.187,0.4,1.36,0.1,0.0,109.3,-9.3,0.071,0.02,0.112
203521,Matthew Dellavedova,1610612739,CLE,2020-21,0.312,0.286,0.125,4.5,9.67,0.3,0.1,111.9,-3.1,0.052,0.029,0.085
203090,Maurice Harkless,1610612758,SAC,2020-21,0.527,0.488,0.114,1.2,2.0,0.8,0.5,112.7,-2.9,0.044,0.017,0.097
1629622,Max Strus,1610612748,MIA,2020-21,0.597,0.588,0.179,0.6,3.0,0.3,0.1,113.6,-4.2,0.072,0.011,0.073
1628467,Maxi Kleber,1610612742,DAL,2020-21,0.606,0.58,0.103,1.4,2.27,0.5,0.7,108.9,4.6,0.073,0.035,0.151
203086,Meyers Leonard,1610612748,MIA,2020-21,0.635,0.643,0.152,0.7,1.0,0.0,0.0,104.8,-1.4,0.067,0.0,0.241
1629662,Mfiondu Kabengele,1610612739,CLE,2020-21,0.486,0.444,0.168,0.4,1.13,0.2,0.3,107.3,-14.2,0.065,0.039,0.151
203487,Michael Carter-Williams,1610612753,ORL,2020-21,0.449,0.417,0.198,4.2,1.87,0.8,0.5,105.6,-2.5,0.064,0.044,0.123
1629008,Michael Porter Jr.,1610612743,DEN,2020-21,0.663,0.646,0.214,1.1,0.91,0.7,0.9,111.9,8.3,0.125,0.051,0.189
1628969,Mikal Bridges,1610612756,PHX,2020-21,0.667,0.643,0.147,2.1,2.67,1.1,0.9,110.0,7.4,0.099,0.035,0.099
201144,Mike Conley,1610612762,UTA,2020-21,0.589,0.552,0.224,6.0,3.08,1.4,0.2,99.5,16.7,0.131,0.024,0.082
1628455,Mike James,1610612751,BKN,2020-21,0.481,0.429,0.231,4.2,2.7,0.5,0.1,111.6,4.1,0.092,0.013,0.112
203488,Mike Muscala,1610612760,OKC,2020-21,0.599,0.573,0.194,0.8,1.33,0.2,0.3,101.9,0.6,0.112,0.028,0.157
203118,Mike Scott,1610612755,PHI,2020-21,0.492,0.486,0.116,0.8,2.11,0.5,0.3,105.9,-0.2,0.05,0.012,0.129
1628970,Miles Bridges,1610612766,CHA,2020-21,0.625,0.596,0.17,2.2,1.39,0.7,0.8,110.1,0.3,0.103,0.041,0.158
1629011,Mitchell Robinson,1610612752,NYK,2020-21,0.642,0.653,0.114,0.5,0.65,1.1,1.5,106.5,-0.4,0.104,0.124,0.155
1629671,Miye Oni,1610612762,UTA,2020-21,0.517,0.505,0.095,0.5,1.75,0.2,0.1,99.5,8.8,0.04,0.043,0.106
1628964,Mo Bamba,1610612753,ORL,2020-21,0.556,0.535,0.21,0.8,0.97,0.3,1.3,115.2,-12.9,0.123,0.091,0.24
1628420,Monte Morris,1610612743,DEN,2020-21,0.574,0.547,0.161,3.2,4.41,0.7,0.3,109.5,6.2,0.092,0.009,0.071
1626149,Montrezl Harrell,1610612747,LAL,2020-21,0.65,0.622,0.211,1.1,0.99,0.7,0.7,105.9,1.4,0.152,0.1,0.167
1629021,Moritz Wagner,1610612753,ORL,2020-21,0.58,0.522,0.178,1.1,1.16,0.6,0.4,112.8,-7.9,0.08,0.035,0.149
1629650,Moses Brown,1610612738,BOS,2020-21,0.572,0.545,0.157,0.2,0.23,0.7,1.1,116.4,-18.3,0.114,0.143,0.238
1628539,Mychal Mulder,1610612744,GSW,2020-21,0.613,0.609,0.157,0.4,1.63,0.2,0.2,108.4,2.9,0.062,0.01,0.062
1626167,Myles Turner,1610612754,IND,2020-21,0.599,0.557,0.167,1.0,0.72,0.9,3.4,107.9,1.3,0.09,0.043,0.159
1630230,Naji Marshall,1610612740,NOP,2020-21,0.508,0.462,0.16,2.8,2.32,0.8,0.3,109.6,-1.5,0.088,0.02,0.182
1629642,Nassir Little,1610612757,POR,2020-21,0.589,0.551,0.135,0.5,1.28,0.1,0.3,118.4,-2.2,0.072,0.046,0.144
1630268,Nate Darling,1610612766,CHA,2020-21,0.541,0.429,0.133,0.1,1.0,0.0,0.1,122.2,-54.3,0.048,0.032,0.0
1630207,Nate Hinton,1610612742,DAL,2020-21,0.442,0.405,0.217,0.4,1.6,0.3,0.1,115.4,-28.2,0.066,0.009,0.091
1630233,Nathan Knight,1610612737,ATL,2020-21,0.499,0.4,0.207,0.2,0.53,0.3,0.3,106.9,-4.3,0.089,0.093,0.155
1629675,Naz Reid,1610612750,MIN,2020-21,0.599,0.576,0.218,1.0,1.04,0.5,1.1,112.4,-9.7,0.113,0.054,0.173
202357,Nemanja Bjelica,1610612748,MIA,2020-21,0.554,0.523,0.179,1.9,2.09,0.4,0.1,116.5,-6.7,0.084,0.049,0.172
203457,Nerlens Noel,1610612752,NYK,2020-21,0.638,0.614,0.092,0.7,0.71,1.1,2.2,108.5,0.7,0.082,0.094,0.164
1629651,Nic Claxton,1610612751,BKN,2020-21,0.612,0.624,0.136,0.9,1.56,0.7,1.3,102.1,12.3,0.109,0.074,0.187
1630208,Nick Richards,1610612766,CHA,2020-21,0.542,0.444,0.111,0.1,0.67,0.0,0.0,103.8,-10.5,0.033,0.056,0.096
1629638,Nickeil Alexander-Walker,1610612740,NOP,2020-21,0.522,0.502,0.228,2.2,1.48,1.0,0.5,111.5,-3.3,0.088,0.012,0.127
1630185,Nico Mannion,1610612744,GSW,2020-21,0.487,0.439,0.186,2.3,2.26,0.5,0.0,111.9,-9.4,0.075,0.016,0.107
201587,Nicolas Batum,1610612746,LAC,2020-21,0.617,0.597,0.116,2.2,2.79,1.0,0.6,108.2,8.9,0.088,0.029,0.143
1629740,Nicolo Melli,1610612742,DAL,2020-21,0.441,0.408,0.123,1.0,3.67,0.3,0.1,105.2,1.1,0.064,0.046,0.166
203999,Nikola Jokić,1610612743,DEN,2020-21,0.647,0.602,0.293,8.3,2.7,1.3,0.7,112.6,7.7,0.201,0.087,0.237
202696,Nikola Vučević,1610612741,CHI,2020-21,0.56,0.54,0.292,3.8,2.13,0.9,0.7,113.6,-7.0,0.168,0.059,0.289
203943,Noah Vonleh,1610612751,BKN,2020-21,0.0,0.0,0.217,0.3,0.5,0.0,0.0,145.8,-63.2,-0.094,0.0,0.143
1626181,Norman Powell,1610612757,POR,2020-21,0.618,0.57,0.221,1.9,1.08,1.2,0.3,112.5,1.8,0.096,0.018,0.079
203658,Norvel Pelle,1610612752,NYK,2020-21,0.567,0.533,0.106,0.2,0.67,0.1,0.7,101.1,12.2,0.053,0.077,0.153
1628384,OG Anunoby,1610612761,TOR,2020-21,0.605,0.58,0.193,2.2,1.25,1.5,0.7,109.1,3.3,0.099,0.037,0.125
1630167,Obi Toppin,1610612752,NYK,2020-21,0.574,0.56,0.157,0.5,1.26,0.3,0.2,106.5,2.7,0.093,0.037,0.155
1630168,Onyeka Okongwu,1610612737,ATL,2020-21,0.655,0.644,0.141,0.4,0.62,0.5,0.7,112.6,-6.3,0.087,0.1,0.172
1629052,Oshae Brissett,1610612754,IND,2020-21,0.638,0.593,0.149,0.9,1.8,0.9,1.0,111.0,6.0,0.096,0.054,0.149
203490,Otto Porter Jr.,1610612753,ORL,2020-21,0.552,0.518,0.184,2.0,2.2,0.6,0.1,109.6,-3.0,0.116,0.044,0.198
200782,P.J. Tucker,1610612749,MIL,2020-21,0.51,0.486,0.072,1.2,1.53,0.8,0.4,114.7,-5.5,0.034,0.035,0.113
1629023,P.J. Washington,1610612766,CHA,2020-21,0.549,0.522,0.191,2.5,1.26,1.1,1.2,109.8,0.6,0.089,0.045,0.163
1628408,PJ Dozier,1610612743,DEN,2020-21,0.501,0.483,0.166,1.8,2.0,0.6,0.4,102.5,9.5,0.076,0.031,0.133
1627783,Pascal Siakam,1610612761,TOR,2020-21,0.547,0.493,0.261,4.5,1.92,1.1,0.7,111.4,3.0,0.119,0.045,0.156
1626192,Pat Connaughton,1610612749,MIL,2020-21,0.578,0.565,0.113,1.2,2.45,0.7,0.3,107.3,6.9,0.079,0.039,0.152
201976,Patrick Beverley,1610612746,LAC,2020-21,0.58,0.55,0.146,2.1,2.24,0.8,0.8,106.7,9.0,0.066,0.037,0.108
1627775,Patrick McCaw,1610612761,TOR,2020-21,1.078,1.0,0.026,0.8,0.0,0.4,0.0,137.5,-33.0,0.057,0.027,0.071
202335,Patrick Patterson,1610612746,LAC,2020-21,0.571,0.558,0.135,0.8,2.64,0.4,0.2,109.1,2.1,0.066,0.032,0.093
1630172,Patrick Williams,1610612741,CHI,2020-21,0.562,0.534,0.146,1.4,1.01,0.9,0.6,113.5,-7.1,0.071,0.033,0.131
201988,Patty Mills,1610612759,SAS,2020-21,0.57,0.544,0.177,2.4,2.45,0.6,0.0,106.4,1.4,0.079,0.01,0.053
202331,Paul George,1610612746,LAC,2020-21,0.598,0.557,0.296,5.2,1.56,1.1,0.4,107.0,11.3,0.145,0.026,0.171
200794,Paul Millsap,1610612743,DEN,2020-21,0.565,0.537,0.184,1.8,1.92,0.9,0.6,111.5,4.7,0.098,0.067,0.167
1630194,Paul Reed,1610612755,PHI,2020-21,0.54,0.538,0.208,0.5,1.0,0.4,0.5,96.3,11.2,0.132,0.147,0.172
1628778,Paul Watson,1610612761,TOR,2020-21,0.649,0.646,0.133,0.6,1.89,0.2,0.1,112.6,-1.7,0.071,0.012,0.129
1630202,Payton Pritchard,1610612738,BOS,2020-21,0.582,0.562,0.162,1.8,2.26,0.6,0.1,110.6,0.6,0.082,0.025,0.099
1630173,Precious Achiuwa,1610612748,MIA,2020-21,0.55,0.544,0.184,0.5,0.67,0.3,0.5,109.2,-7.2,0.086,0.097,0.174
1626188,Quinn Cook,1610612739,CLE,2020-21,0.531,0.507,0.204,0.8,2.57,0.2,0.0,104.2,-3.9,0.098,0.012,0.084
1629683,Quinndary Weatherspoon,1610612759,SAS,2020-21,0.547,0.471,0.18,0.4,0.8,0.4,0.1,116.9,-22.6,0.046,0.024,0.07
1630181,R.J. Hampton,1610612753,ORL,2020-21,0.507,0.478,0.191,1.7,1.64,0.4,0.2,116.7,-14.2,0.085,0.03,0.162
1629628,RJ Barrett,1610612752,NYK,2020-21,0.535,0.499,0.228,3.0,1.56,0.7,0.3,107.2,2.7,0.095,0.027,0.13
200765,Rajon Rondo,1610612746,LAC,2020-21,0.544,0.526,0.166,4.4,2.52,0.8,0.1,106.8,1.0,0.11,0.023,0.113
203526,Raul Neto,1610612764,WAS,2020-21,0.575,0.539,0.155,2.3,2.75,1.1,0.1,110.3,-1.0,0.086,0.019,0.087
1629034,Ray Spalding,1610612745,HOU,2020-21,0.41,0.5,0.157,0.0,0.0,0.0,1.0,106.8,-15.9,-0.026,0.083,0.083
1629730,Rayjon Tucker,1610612755,PHI,2020-21,0.645,0.556,0.176,0.4,1.5,0.1,0.0,101.3,-5.2,0.119,0.012,0.164
203493,Reggie Bullock Jr.,1610612752,NYK,2020-21,0.606,0.587,0.14,1.5,2.2,0.8,0.2,107.2,2.5,0.074,0.008,0.102
202704,Reggie Jackson,1610612746,LAC,2020-21,0.576,0.554,0.195,3.1,2.77,0.6,0.1,109.3,7.4,0.091,0.016,0.107
1629617,Reggie Perry,1610612751,BKN,2020-21,0.466,0.436,0.19,0.5,0.93,0.2,0.2,113.4,-7.3,0.064,0.117,0.204
1626158,Richaun Holmes,1610612758,SAC,2020-21,0.669,0.638,0.173,1.7,1.35,0.6,1.6,114.6,0.3,0.122,0.081,0.196
201937,Ricky Rubio,1610612750,MIN,2020-21,0.516,0.454,0.155,6.4,3.9,1.4,0.1,114.3,-5.0,0.098,0.014,0.11
203496,Robert Covington,1610612757,POR,2020-21,0.553,0.533,0.114,1.7,1.83,1.4,1.2,113.8,4.8,0.072,0.026,0.183
1629606,Robert Franks,1610612753,ORL,2020-21,0.638,0.554,0.148,0.7,2.5,0.4,0.4,120.5,-14.4,0.091,0.053,0.082
1629057,Robert Williams III,1610612738,BOS,2020-21,0.719,0.721,0.145,1.8,1.81,0.8,1.8,112.0,0.4,0.152,0.136,0.232
1630218,Robert Woodard II,1610612758,SAC,2020-21,0.425,0.425,0.21,0.2,2.0,0.0,0.2,101.0,6.6,0.079,0.08,0.235
201577,Robin Lopez,1610612764,WAS,2020-21,0.661,0.639,0.169,0.8,0.73,0.2,0.6,109.0,-1.1,0.102,0.097,0.092
1629066,Rodions Kurucs,1610612749,MIL,2020-21,0.459,0.438,0.145,0.5,0.77,0.4,0.2,102.8,-0.3,0.044,0.037,0.134
203918,Rodney Hood,1610612761,TOR,2020-21,0.452,0.427,0.139,1.0,1.47,0.4,0.1,114.0,-6.6,0.037,0.023,0.084
203585,Rodney McGruder,1610612765,DET,2020-21,0.619,0.607,0.179,1.0,2.29,0.5,0.1,115.8,-4.0,0.097,0.042,0.078
1629641,Romeo Langford,1610612738,BOS,2020-21,0.436,0.398,0.111,0.7,1.3,0.3,0.3,108.2,-10.1,0.03,0.04,0.077
1626178,Rondae Hollis-Jefferson,1610612757,POR,2020-21,0.539,0.5,0.105,1.2,6.5,0.2,0.4,112.8,-1.1,0.074,0.08,0.14
1626220,Royce O'Neale,1610612762,UTA,2020-21,0.599,0.58,0.095,2.5,2.18,0.8,0.5,107.3,10.4,0.074,0.039,0.162
200752,Rudy Gay,1610612759,SAS,2020-21,0.532,0.505,0.23,1.4,1.35,0.7,0.6,103.9,4.5,0.108,0.028,0.176
203497,Rudy Gobert,1610612762,UTA,2020-21,0.683,0.675,0.166,1.3,0.75,0.6,2.7,100.9,15.9,0.165,0.11,0.288
1629060,Rui Hachimura,1610612764,WAS,2020-21,0.549,0.513,0.18,1.4,1.21,0.8,0.1,112.4,-2.8,0.082,0.026,0.139
201566,Russell Westbrook,1610612764,WAS,2020-21,0.509,0.474,0.295,11.7,2.45,1.4,0.4,110.4,-1.2,0.164,0.043,0.249
1627853,Ryan Arcidiacono,1610612741,CHI,2020-21,0.541,0.526,0.128,1.3,5.6,0.2,0.0,104.0,0.0,0.078,0.011,0.135
1630240,Saben Lee,1610612765,DET,2020-21,0.536,0.49,0.171,3.6,3.16,0.7,0.3,111.7,-6.3,0.096,0.026,0.099
1630180,Saddiq Bey,1610612765,DET,2020-21,0.567,0.53,0.182,1.4,1.58,0.7,0.2,111.2,-5.6,0.092,0.022,0.145
1630241,Sam Merrill,1610612749,MIL,2020-21,0.603,0.59,0.146,0.7,2.1,0.3,0.0,109.7,-8.5,0.084,0.024,0.094
1630253,Sean McDermott,1610612763,MEM,2020-21,0.534,0.47,0.101,0.2,1.0,0.1,0.2,106.8,-17.7,0.052,0.031,0.087
1629635,Sekou Doumbouya,1610612765,DET,2020-21,0.459,0.426,0.176,0.8,1.07,0.4,0.2,111.5,-6.9,0.045,0.045,0.117
1628400,Semi Ojeleye,1610612738,BOS,2020-21,0.553,0.534,0.114,0.7,1.76,0.3,0.0,107.8,-0.2,0.063,0.032,0.121
201586,Serge Ibaka,1610612746,LAC,2020-21,0.585,0.563,0.2,1.8,1.68,0.2,1.1,110.1,7.4,0.115,0.08,0.217
203552,Seth Curry,1610612755,PHI,2020-21,0.607,0.582,0.169,2.7,2.38,0.8,0.1,106.5,8.2,0.084,0.006,0.074
1628983,Shai Gilgeous-Alexander,1610612760,OKC,2020-21,0.623,0.571,0.283,5.9,1.95,0.8,0.7,114.9,-7.7,0.146,0.015,0.119
1629003,Shake Milton,1610612755,PHI,2020-21,0.549,0.503,0.239,3.1,1.87,0.6,0.3,105.0,4.3,0.101,0.022,0.076
1627885,Shaquille Harrison,1610612743,DEN,2020-21,0.416,0.353,0.124,0.7,2.27,0.5,0.1,108.3,-10.1,0.047,0.02,0.117
1628414,Sindarius Thornwell,1610612753,ORL,2020-21,0.414,0.402,0.11,1.0,3.0,0.6,0.1,104.6,-2.0,0.043,0.013,0.067
1630219,Skylar Mays,1610612737,ATL,2020-21,0.569,0.52,0.186,0.9,3.33,0.4,0.1,105.6,1.4,0.113,0.037,0.095
203524,Solomon Hill,1610612737,ATL,2020-21,0.498,0.473,0.102,1.1,1.79,0.7,0.2,110.6,1.0,0.045,0.028,0.111
203915,Spencer Dinwiddie,1610612751,BKN,2020-21,0.536,0.438,0.154,3.0,1.8,0.7,0.3,88.7,29.8,0.102,0.0,0.151
1626169,Stanley Johnson,1610612761,TOR,2020-21,0.519,0.479,0.13,1.5,1.65,0.9,0.3,111.7,-6.4,0.056,0.027,0.128
201939,Stephen Curry,1610612744,GSW,2020-21,0.655,0.605,0.331,5.8,1.7,1.2,0.1,109.6,4.6,0.181,0.013,0.135
1628425,Sterling Brown,1610612745,HOU,2020-21,0.597,0.584,0.133,1.4,1.76,0.7,0.2,110.8,-5.4,0.082,0.029,0.147
203500,Steven Adams,1610612740,NOP,2020-21,0.596,0.614,0.118,1.9,1.42,0.9,0.7,115.0,-0.1,0.09,0.132,0.187
1629004,Svi Mykhailiuk,1610612760,OKC,2020-21,0.529,0.515,0.19,1.7,1.25,0.8,0.2,112.0,-8.2,0.077,0.017,0.104
1628388,T.J. Leaf,1610612757,POR,2020-21,0.551,0.5,0.138,0.1,0.5,0.3,0.1,110.7,-24.8,0.084,0.0,0.106
204456,T.J. McConnell,1610612754,IND,2020-21,0.583,0.574,0.149,6.6,3.38,1.9,0.3,110.0,2.5,0.119,0.03,0.106
203933,T.J. Warren,1610612754,IND,2020-21,0.56,0.529,0.213,1.3,1.25,0.5,0.0,108.7,2.6,0.072,0.017,0.106
1629605,Tacko Fall,1610612738,BOS,2020-21,0.66,0.724,0.127,0.2,0.5,0.1,1.1,107.6,6.3,0.102,0.123,0.237
201959,Taj Gibson,1610612752,NYK,2020-21,0.661,0.636,0.095,0.8,1.64,0.7,1.1,103.1,7.3,0.095,0.102,0.151
1629659,Talen Horton-Tucker,1610612747,LAL,2020-21,0.536,0.496,0.21,2.8,1.72,1.0,0.3,104.7,1.0,0.094,0.019,0.104
1627752,Taurean Prince,1610612739,CLE,2020-21,0.54,0.495,0.189,1.9,1.62,0.7,0.6,114.6,-6.1,0.08,0.021,0.132
1629611,Terance Mann,1610612746,LAC,2020-21,0.603,0.563,0.144,1.6,2.6,0.4,0.2,109.7,2.7,0.091,0.044,0.14
1629056,Terence Davis,1610612758,SAC,2020-21,0.555,0.535,0.213,1.4,1.32,0.7,0.2,110.1,-2.8,0.087,0.018,0.125
1628390,Terrance Ferguson,1610612755,PHI,2020-21,0.143,0.143,0.094,0.2,0.5,0.1,0.0,106.5,-17.8,-0.065,0.0,0.024
203082,Terrence Ross,1610612753,ORL,2020-21,0.53,0.485,0.23,2.3,1.46,1.0,0.5,112.0,-8.8,0.09,0.01,0.104
1626179,Terry Rozier,1610612766,CHA,2020-21,0.575,0.548,0.238,4.2,2.29,1.3,0.4,112.9,-2.0,0.113,0.019,0.105
201152,Thaddeus Young,1610612741,CHI,2020-21,0.578,0.568,0.216,4.3,2.12,1.1,0.6,110.1,4.1,0.128,0.105,0.154
203648,Thanasis Antetokounmpo,1610612749,MIL,2020-21,0.523,0.515,0.147,0.8,1.07,0.4,0.2,104.6,2.5,0.055,0.093,0.113
1630177,Theo Maledon,1610612760,OKC,2020-21,0.489,0.454,0.188,3.5,1.61,0.9,0.2,113.6,-16.5,0.063,0.012,0.101
1629033,Theo Pinson,1610612752,NYK,2020-21,0.111,0.111,0.118,0.1,1.0,0.0,0.0,101.2,-16.0,-0.04,0.0,0.114
1628418,Thomas Bryant,1610612764,WAS,2020-21,0.704,0.698,0.163,1.5,1.36,0.4,0.8,115.7,-2.1,0.111,0.063,0.163
1627748,Thon Maker,1610612739,CLE,2020-21,0.657,0.556,0.145,0.5,1.33,0.3,0.5,103.2,-10.9,0.134,0.093,0.118
204025,Tim Frazier,1610612763,MEM,2020-21,0.177,0.15,0.178,3.2,4.0,0.4,0.2,90.6,7.8,0.012,0.0,0.107
203501,Tim Hardaway Jr.,1610612742,DAL,2020-21,0.589,0.56,0.23,1.8,1.97,0.4,0.2,112.3,2.1,0.102,0.01,0.101
1627789,Timothe Luwawu-Cabarrot,1610612751,BKN,2020-21,0.493,0.471,0.165,1.2,1.6,0.6,0.1,112.9,-0.4,0.047,0.026,0.092
202699,Tobias Harris,1610612755,PHI,2020-21,0.597,0.556,0.237,3.5,2.06,0.9,0.8,106.1,7.2,0.145,0.032,0.17
203107,Tomas Satoransky,1610612741,CHI,2020-21,0.614,0.578,0.15,4.7,2.82,0.7,0.2,110.1,-0.8,0.096,0.024,0.087
1628396,Tony Bradley,1610612760,OKC,2020-21,0.678,0.665,0.154,0.9,1.12,0.4,0.7,110.5,-1.8,0.132,0.121,0.224
203503,Tony Snell,1610612737,ATL,2020-21,0.708,0.696,0.084,1.3,2.81,0.3,0.2,111.6,2.2,0.06,0.019,0.09
1628470,Torrey Craig,1610612756,PHX,2020-21,0.579,0.566,0.141,1.0,1.96,0.6,0.5,114.7,-3.7,0.086,0.07,0.185
1629027,Trae Young,1610612737,ATL,2020-21,0.589,0.499,0.32,9.4,2.28,0.8,0.2,113.0,5.2,0.15,0.018,0.094
1630200,Tre Jones,1610612759,SAS,2020-21,0.544,0.494,0.159,1.1,3.0,0.2,0.0,112.2,-13.8,0.084,0.028,0.049
1629682,Tremont Waters,1610612738,BOS,2020-21,0.541,0.494,0.204,2.4,2.3,0.6,0.0,108.0,-2.0,0.11,0.021,0.062
1630235,Trent Forrest,1610612762,UTA,2020-21,0.554,0.486,0.144,1.5,2.14,0.3,0.1,115.9,-7.7,0.078,0.038,0.111
2772,Trevor Ariza,1610612748,MIA,2020-21,0.542,0.515,0.149,1.8,2.62,1.0,0.6,111.0,2.8,0.077,0.033,0.15
203504,Trey Burke,1610612742,DAL,2020-21,0.544,0.51,0.193,1.3,2.45,0.6,0.1,110.2,1.3,0.076,0.011,0.047
1626168,Trey Lyles,1610612759,SAS,2020-21,0.574,0.556,0.128,0.6,2.33,0.3,0.0,112.9,-14.5,0.098,0.022,0.213
202684,Tristan Thompson,1610612738,BOS,2020-21,0.54,0.518,0.144,1.2,1.08,0.4,0.6,110.9,1.0,0.093,0.124,0.212
1628972,Troy Brown Jr.,1610612741,CHI,2020-21,0.525,0.507,0.141,0.9,1.38,0.3,0.2,107.5,3.1,0.067,0.039,0.158
1629660,Ty Jerome,1610612760,OKC,2020-21,0.585,0.57,0.181,3.6,2.55,0.6,0.2,112.0,-8.5,0.095,0.012,0.1
1630234,Ty-Shon Alexander,1610612756,PHX,2020-21,0.349,0.333,0.143,0.4,2.0,0.0,0.1,107.0,-6.0,0.052,0.038,0.157
1630189,Tyler Bey,1610612742,DAL,2020-21,0.372,0.341,0.143,0.2,1.0,0.0,0.1,112.8,-27.0,0.038,0.09,0.177
1629076,Tyler Cook,1610612765,DET,2020-21,0.659,0.675,0.136,0.5,0.81,0.3,0.1,110.8,-4.2,0.088,0.065,0.149
1629639,Tyler Herro,1610612748,MIA,2020-21,0.543,0.516,0.225,3.4,1.82,0.6,0.3,110.6,-2.9,0.108,0.015,0.144
204020,Tyler Johnson,1610612751,BKN,2020-21,0.546,0.525,0.132,1.2,2.76,0.4,0.0,110.7,3.3,0.059,0.009,0.096
1630179,Tyrell Terry,1610612742,DAL,2020-21,0.318,0.313,0.135,0.5,3.0,0.5,0.0,88.4,0.0,0.067,0.0,0.118
1630169,Tyrese Haliburton,1610612758,SAC,2020-21,0.585,0.569,0.175,5.3,3.36,1.3,0.5,116.4,-5.6,0.104,0.022,0.076
1630178,Tyrese Maxey,1610612755,PHI,2020-21,0.531,0.498,0.222,2.0,2.93,0.4,0.2,108.0,-1.6,0.106,0.011,0.098
1626145,Tyus Jones,1610612763,MEM,2020-21,0.511,0.485,0.165,3.7,5.4,0.9,0.1,107.8,-2.8,0.113,0.016,0.093
1628962,Udoka Azubuike,1610612762,UTA,2020-21,0.597,0.444,0.119,0.0,0.0,0.1,0.3,124.4,-54.5,0.054,0.063,0.15
2617,Udonis Haslem,1610612748,MIA,2020-21,1.0,1.0,0.286,0.0,0.0,0.0,0.0,100.0,66.7,0.455,0.0,0.25
1630176,Vernon Carey Jr.,1610612766,CHA,2020-21,0.563,0.514,0.178,0.1,0.4,0.1,0.3,108.3,-3.2,0.079,0.054,0.174
203506,Victor Oladipo,1610612748,MIA,2020-21,0.512,0.476,0.286,4.6,1.82,1.4,0.4,108.8,-2.3,0.109,0.01,0.137
1629738,Vincent Poirier,1610612755,PHI,2020-21,0.273,0.25,0.194,0.2,0.5,0.0,0.3,104.6,-19.4,-0.02,0.13,0.222
1628427,Vlatko Čančar,1610612743,DEN,2020-21,0.547,0.521,0.132,0.3,1.0,0.3,0.0,113.9,-17.5,0.069,0.035,0.136
201961,Wayne Ellington,1610612765,DET,2020-21,0.625,0.612,0.162,1.5,2.03,0.4,0.2,114.2,-4.3,0.075,0.012,0.073
1628976,Wendell Carter Jr.,1610612753,ORL,2020-21,0.566,0.52,0.188,1.9,1.33,0.6,0.8,113.5,-9.0,0.115,0.091,0.219
1629117,Wenyen Gabriel,1610612740,NOP,2020-21,0.533,0.508,0.135,0.5,0.73,0.4,0.4,105.6,0.8,0.055,0.069,0.135
1628411,Wes Iwundu,1610612740,NOP,2020-21,0.428,0.358,0.103,0.4,0.95,0.4,0.1,110.1,-6.6,0.035,0.025,0.13
202083,Wesley Matthews,1610612747,LAL,2020-21,0.517,0.484,0.111,0.9,2.08,0.7,0.3,105.0,1.9,0.044,0.018,0.064
203115,Will Barton,1610612743,DEN,2020-21,0.538,0.507,0.187,3.2,1.89,0.9,0.4,112.4,6.0,0.076,0.024,0.109
1630266,Will Magnay,1610612740,NOP,2020-21,0.0,0.0,0.2,0.0,0.0,0.0,0.0,185.7,-148.2,-0.171,0.0,0.0
1626161,Willie Cauley-Stein,1610612742,DAL,2020-21,0.647,0.635,0.12,0.7,1.21,0.4,0.8,105.0,9.4,0.084,0.073,0.175
1626195,Willy Hernangomez,1610612740,NOP,2020-21,0.591,0.565,0.166,1.1,1.47,0.5,0.5,113.6,0.0,0.125,0.134,0.247
1630214,Xavier Tillman,1610612763,MEM,2020-21,0.605,0.595,0.142,1.3,1.67,0.7,0.6,106.6,2.9,0.095,0.065,0.163
1627812,Yogi Ferrell,1610612746,LAC,2020-21,0.459,0.43,0.193,2.2,7.33,0.7,0.3,107.1,-0.4,0.094,0.034,0.095
1629139,Yuta Watanabe,1610612761,TOR,2020-21,0.565,0.539,0.121,0.8,2.11,0.5,0.4,107.8,-2.7,0.089,0.046,0.171
203897,Zach LaVine,1610612741,CHI,2020-21,0.634,0.596,0.302,4.9,1.39,0.8,0.5,113.1,-0.8,0.14,0.018,0.121
1630192,Zeke Nnaji,1610612743,DEN,2020-21,0.615,0.596,0.126,0.2,1.43,0.2,0.1,112.5,-10.5,0.074,0.034,0.129
1629627,Zion Williamson,1610612740,NOP,2020-21,0.649,0.616,0.287,3.7,1.35,0.9,0.6,111.7,2.1,0.161,0.081,0.131
203932,Aaron Gordon,1610612743,DEN,2021-22,0.602,0.573,0.194,2.5,1.41,0.6,0.6,111.1,6.2,0.096,0.057,0.129
1630565,Aaron Henry,1610612755,PHI,2021-22,0.2,0.2,0.149,0.0,0.0,0.0,0.3,127.0,-56.0,-0.079,0.0,0.048
1628988,Aaron Holiday,1610612756,PHX,2021-22,0.544,0.504,0.182,2.4,2.28,0.7,0.1,108.2,-1.4,0.088,0.023,0.092
1630174,Aaron Nesmith,1610612738,BOS,2021-22,0.507,0.481,0.164,0.4,0.71,0.4,0.1,104.3,3.0,0.048,0.025,0.117
1630598,Aaron Wiggins,1610612760,OKC,2021-22,0.556,0.525,0.149,1.4,1.26,0.6,0.2,112.6,-8.1,0.062,0.04,0.098
1627846,Abdel Nader,1610612756,PHX,2021-22,0.431,0.4,0.139,0.5,0.64,0.6,0.3,96.0,-0.9,0.036,0.026,0.145
1630278,Ade Murkey,1610612758,SAC,2021-22,0.0,0.0,0.0,0.0,0.0,0.0,0.0,66.7,-33.3,0.0,0.0,0.0
1629678,Admiral Schofield,1610612753,ORL,2021-22,0.538,0.519,0.143,0.7,1.19,0.1,0.1,113.8,-13.5,0.055,0.033,0.146
1629958,Ahmad Caver,1610612754,IND,2021-22,1.0,1.0,0.5,0.0,0.0,0.0,0.0,66.7,133.3,0.4,0.0,0.0
201143,Al Horford,1610612738,BOS,2021-22,0.574,0.546,0.147,3.4,3.57,0.7,1.3,103.4,9.3,0.123,0.054,0.201
202692,Alec Burks,1610612752,NYK,2021-22,0.559,0.499,0.171,3.0,2.63,1.0,0.3,108.1,2.3,0.099,0.019,0.148
1630758,Aleem Ford,1610612753,ORL,2021-22,0.35,0.35,0.148,0.4,0.5,0.2,0.0,120.7,-22.1,0.022,0.028,0.16
1630197,Aleksej Pokusevski,1610612760,OKC,2021-22,0.485,0.47,0.195,2.1,1.39,0.6,0.6,106.1,-2.5,0.095,0.054,0.189
1627936,Alex Caruso,1610612741,CHI,2021-22,0.528,0.48,0.13,4.0,2.89,1.7,0.4,105.5,5.1,0.077,0.029,0.101
203458,Alex Len,1610612758,SAC,2021-22,0.577,0.551,0.165,1.2,1.05,0.3,0.6,111.4,-5.5,0.074,0.076,0.168
1628035,Alfonzo McKinnie,1610612741,CHI,2021-22,0.457,0.467,0.148,0.3,0.71,0.1,0.2,121.5,-12.9,0.02,0.059,0.115
1628993,Alize Johnson,1610612740,NOP,2021-22,0.463,0.436,0.14,0.4,0.75,0.2,0.0,115.7,-10.6,0.069,0.156,0.202
1630578,Alperen Sengun,1610612745,HOU,2021-22,0.552,0.502,0.214,2.6,1.28,0.8,0.9,116.6,-10.2,0.099,0.089,0.174
1629599,Amir Coffey,1610612746,LAC,2021-22,0.598,0.556,0.154,1.8,2.76,0.6,0.2,111.0,-0.9,0.086,0.017,0.102
203083,Andre Drummond,1610612751,BKN,2021-22,0.574,0.57,0.181,1.8,1.14,1.1,0.9,109.8,2.4,0.14,0.155,0.305
2738,Andre Iguodala,1610612744,GSW,2021-22,0.478,0.45,0.113,3.7,4.07,0.9,0.7,97.0,8.7,0.103,0.035,0.117
203952,Andrew Wiggins,1610612744,GSW,2021-22,0.56,0.543,0.224,2.2,1.45,1.0,0.7,105.4,5.8,0.097,0.036,0.095
1629014,Anfernee Simons,1610612757,POR,2021-22,0.583,0.555,0.244,3.9,1.92,0.5,0.1,112.9,-2.5,0.102,0.015,0.075
203076,Anthony Davis,1610612747,LAL,2021-22,0.578,0.542,0.263,3.1,1.49,1.2,2.3,108.9,-3.0,0.159,0.072,0.196
1630162,Anthony Edwards,1610612750,MIN,2021-22,0.56,0.527,0.262,3.8,1.45,1.5,0.6,110.6,4.0,0.111,0.023,0.113
1630264,Anthony Gill,1610612764,WAS,2021-22,0.682,0.633,0.138,0.6,1.5,0.1,0.3,108.9,5.8,0.081,0.075,0.112
1630237,Anthony Lamb,1610612745,HOU,2021-22,0.0,0.0,0.105,1.0,0.0,0.0,0.0,76.5,29.4,0.036,0.0,0.125
1629717,Armoni Brooks,1610612761,TOR,2021-22,0.483,0.467,0.159,1.1,2.3,0.5,0.2,112.1,-3.8,0.054,0.021,0.097
1629083,Arnoldas Kulboka,1610612766,CHA,2021-22,0.0,0.0,0.071,0.0,0.0,0.0,0.0,150.0,-100.0,-0.114,0.0,0.0
1630559,Austin Reaves,1610612747,LAL,2021-22,0.6,0.542,0.121,1.8,2.75,0.5,0.3,109.0,1.8,0.076,0.031,0.099
203085,Austin Rivers,1610612743,DEN,2021-22,0.546,0.53,0.123,1.3,1.67,0.8,0.1,111.1,1.9,0.043,0.014,0.063
202340,Avery Bradley,1610612747,LAL,2021-22,0.55,0.54,0.119,0.8,1.24,0.9,0.1,111.2,-5.8,0.045,0.021,0.073
1630245,Ayo Dosunmu,1610612741,CHI,2021-22,0.596,0.585,0.138,3.3,2.37,0.8,0.4,114.1,-5.0,0.07,0.013,0.09
1629168,BJ Johnson,1610612753,ORL,2021-22,0.52,0.52,0.169,0.0,0.0,0.0,0.3,113.0,-9.2,0.083,0.091,0.122
1628389,Bam Adebayo,1610612748,MIA,2021-22,0.608,0.557,0.248,3.4,1.28,1.4,0.8,104.9,8.1,0.161,0.08,0.234
203463,Ben McLemore,1610612757,POR,2021-22,0.567,0.541,0.207,0.9,1.07,0.6,0.2,115.0,-13.1,0.07,0.009,0.072
202687,Bismack Biyombo,1610612756,PHX,2021-22,0.596,0.593,0.167,0.6,0.92,0.3,0.7,106.2,5.6,0.102,0.117,0.207
201933,Blake Griffin,1610612751,BKN,2021-22,0.518,0.486,0.167,1.9,3.39,0.5,0.3,112.5,-4.7,0.091,0.061,0.169
1626246,Boban Marjanovic,1610612742,DAL,2021-22,0.615,0.607,0.311,0.1,0.2,0.0,0.1,95.5,12.8,0.131,0.066,0.228
1626171,Bobby Portis,1610612749,MIL,2021-22,0.571,0.555,0.207,1.2,0.96,0.7,0.7,108.5,6.3,0.117,0.085,0.218
203992,Bogdan Bogdanović,1610612737,ATL,2021-22,0.562,0.537,0.212,3.1,2.77,1.1,0.2,112.1,4.5,0.098,0.016,0.116
202711,Bojan Bogdanovic,1610612762,UTA,2021-22,0.599,0.552,0.232,1.7,1.02,0.5,0.0,111.4,4.8,0.102,0.027,0.106
1629626,Bol Bol,1610612753,ORL,2021-22,0.565,0.574,0.16,0.4,1.25,0.1,0.1,101.7,0.5,0.113,0.049,0.211
1630538,Bones Hyland,1610612743,DEN,2021-22,0.558,0.518,0.231,2.8,2.22,0.6,0.3,111.7,1.7,0.096,0.011,0.133
202954,Brad Wanamaker,1610612764,WAS,2021-22,0.472,0.39,0.146,2.4,2.39,0.3,0.3,110.3,-6.4,0.053,0.018,0.107
203078,Bradley Beal,1610612764,WAS,2021-22,0.539,0.492,0.297,6.6,1.96,0.9,0.4,110.5,-3.5,0.123,0.026,0.099
1630527,Brandon Boston,1610612746,LAC,2021-22,0.481,0.437,0.212,1.0,1.65,0.5,0.3,104.9,-2.0,0.083,0.02,0.111
1629634,Brandon Clarke,1610612763,MEM,2021-22,0.66,0.65,0.171,1.3,2.53,0.6,1.1,105.7,7.5,0.141,0.099,0.148
1629164,Brandon Goodwin,1610612739,CLE,2021-22,0.501,0.477,0.177,2.5,2.53,0.7,0.0,112.6,-6.3,0.088,0.028,0.11
1627742,Brandon Ingram,1610612740,NOP,2021-22,0.554,0.498,0.291,5.6,2.03,0.6,0.5,109.4,3.3,0.139,0.019,0.152
202688,Brandon Knight,1610612742,DAL,2021-22,0.561,0.48,0.216,1.6,2.0,0.2,0.0,107.2,-3.6,0.109,0.0,0.098
1630314,Brandon Williams,1610612757,POR,2021-22,0.476,0.427,0.246,3.9,1.62,1.0,0.4,121.6,-20.4,0.069,0.026,0.089
1630296,Braxton Key,1610612765,DET,2021-22,0.508,0.5,0.184,1.0,1.0,0.9,1.0,105.2,8.0,0.084,0.058,0.187
1630271,Brodric Thomas,1610612738,BOS,2021-22,0.52,0.5,0.172,0.9,1.83,0.1,0.1,103.7,3.0,0.066,0.034,0.103
201572,Brook Lopez,1610612749,MIL,2021-22,0.57,0.538,0.211,0.5,0.5,0.6,1.2,111.6,-1.4,0.081,0.058,0.108
1628971,Bruce Brown,1610612751,BKN,2021-22,0.575,0.543,0.146,2.1,2.64,1.1,0.7,112.0,-0.3,0.093,0.056,0.13
1628981,Bruno Fernando,1610612745,HOU,2021-22,0.671,0.664,0.197,0.2,0.5,0.0,0.4,110.1,-10.1,0.138,0.102,0.223
1627854,Bryn Forbes,1610612743,DEN,2021-22,0.574,0.542,0.201,1.0,1.34,0.3,0.1,109.8,-0.5,0.074,0.007,0.063
1627741,Buddy Hield,1610612754,IND,2021-22,0.548,0.526,0.214,2.8,1.5,0.9,0.3,115.1,-3.6,0.084,0.025,0.114
1629604,CJ Elleby,1610612757,POR,2021-22,0.491,0.453,0.143,1.5,1.55,0.6,0.3,116.9,-14.3,0.06,0.052,0.141
203468,CJ McCollum,1610612740,NOP,2021-22,0.553,0.539,0.269,5.1,2.48,1.1,0.4,114.0,-1.9,0.119,0.024,0.101
101139,CJ Miles,1610612738,BOS,2021-22,0.0,0.0,0.0,0.0,0.0,0.0,0.0,180.0,-100.0,-0.091,0.0,0.0
1630595,Cade Cunningham,1610612765,DET,2021-22,0.504,0.471,0.273,5.6,1.52,1.2,0.7,113.1,-6.2,0.1,0.026,0.143
1628997,Caleb Martin,1610612748,MIA,2021-22,0.611,0.585,0.158,1.1,1.23,1.0,0.5,106.2,5.7,0.094,0.054,0.114
1629629,Cam Reddish,1610612752,NYK,2021-22,0.543,0.485,0.213,1.0,0.84,1.0,0.3,113.0,-9.8,0.079,0.023,0.075
1630560,Cam Thomas,1610612751,BKN,2021-22,0.519,0.48,0.212,1.2,1.42,0.5,0.1,112.7,-6.4,0.089,0.013,0.118
1629661,Cameron Johnson,1610612756,PHX,2021-22,0.625,0.596,0.167,1.5,2.11,0.9,0.2,104.6,6.2,0.105,0.023,0.123
1630787,Cameron McGriff,1610612757,POR,2021-22,0.47,0.429,0.122,1.0,0.0,0.0,0.3,115.1,7.3,0.084,0.098,0.209
1628419,Cameron Oliver,1610612737,ATL,2021-22,0.705,0.7,0.167,1.5,0.0,0.5,0.5,123.3,-0.9,0.104,0.051,0.121
1626166,Cameron Payne,1610612756,PHX,2021-22,0.5,0.469,0.235,4.9,2.74,0.7,0.3,102.7,6.3,0.107,0.018,0.109
1627747,Caris LeVert,1610612739,CLE,2021-22,0.525,0.492,0.252,4.3,2.3,0.9,0.4,114.5,-1.8,0.098,0.024,0.097
1630637,Carlik Jones,1610612743,DEN,2021-22,0.202,0.111,0.22,1.0,1.67,0.2,0.0,121.8,-33.1,0.016,0.042,0.069
2546,Carmelo Anthony,1610612747,LAL,2021-22,0.579,0.544,0.195,1.0,1.15,0.7,0.8,111.7,-2.9,0.089,0.034,0.116
1629035,Carsen Edwards,1610612765,DET,2021-22,0.378,0.367,0.179,3.5,2.8,0.5,0.0,114.4,-5.9,0.042,0.022,0.044
1630199,Cassius Stanley,1610612765,DET,2021-22,0.516,0.457,0.148,0.4,0.67,0.6,0.2,105.2,-4.3,0.056,0.028,0.084
1630216,Cassius Winston,1610612764,WAS,2021-22,0.549,0.455,0.184,1.0,2.33,0.0,0.0,111.1,-3.4,0.02,0.0,0.027
1627760,Cat Barber,1610612737,ATL,2021-22,0.0,0.0,0.219,1.0,3.0,0.0,0.0,96.4,34.6,-0.074,0.091,0.286
1626224,Cedi Osman,1610612739,CLE,2021-22,0.563,0.544,0.206,2.0,2.01,0.8,0.2,109.2,-1.8,0.081,0.017,0.08
1628990,Chandler Hutchison,1610612756,PHX,2021-22,0.694,0.5,0.111,0.3,0.5,0.0,0.0,82.4,27.3,0.067,0.0,0.167
1629646,Charles Bassey,1610612755,PHI,2021-22,0.66,0.638,0.152,0.3,0.88,0.2,0.7,107.4,-8.8,0.128,0.124,0.233
1629718,Charlie Brown Jr.,1610612755,PHI,2021-22,0.346,0.269,0.105,0.3,1.2,0.5,0.2,103.4,-3.6,0.03,0.067,0.088
1630602,Chaundee Brown Jr.,1610612737,ATL,2021-22,0.447,0.406,0.146,0.8,4.0,0.4,0.0,112.8,-8.7,0.049,0.009,0.139
1627767,Cheick Diallo,1610612765,DET,2021-22,0.517,0.375,0.145,0.0,0.0,0.3,0.0,132.9,-50.7,0.075,0.098,0.296
1629002,Chimezie Metu,1610612758,SAC,2021-22,0.546,0.516,0.184,1.0,0.98,0.9,0.5,111.8,-5.7,0.104,0.027,0.227
1628449,Chris Boucher,1610612761,TOR,2021-22,0.57,0.523,0.172,0.3,0.6,0.6,0.9,105.7,5.3,0.111,0.095,0.183
1629185,Chris Chiozza,1610612744,GSW,2021-22,0.407,0.401,0.132,1.9,2.03,0.4,0.0,108.3,-7.9,0.039,0.023,0.073
1630537,Chris Duarte,1610612754,IND,2021-22,0.537,0.507,0.207,2.1,1.27,1.0,0.2,109.7,-2.0,0.089,0.026,0.117
101108,Chris Paul,1610612756,PHX,2021-22,0.581,0.536,0.197,10.8,4.59,1.9,0.3,105.5,10.0,0.15,0.011,0.113
1629735,Chris Silva,1610612748,MIA,2021-22,0.641,0.533,0.123,0.7,0.88,0.0,0.1,117.6,-16.1,0.074,0.127,0.274
1626174,Christian Wood,1610612745,HOU,2021-22,0.595,0.576,0.233,2.3,1.23,0.8,1.0,115.7,-9.1,0.142,0.051,0.265
1629643,Chuma Okeke,1610612753,ORL,2021-22,0.501,0.478,0.159,1.7,2.07,1.4,0.6,109.1,-8.8,0.093,0.024,0.165
203991,Clint Capela,1610612737,ATL,2021-22,0.604,0.613,0.149,1.2,2.09,0.7,1.3,113.3,3.3,0.133,0.133,0.284
1629632,Coby White,1610612741,CHI,2021-22,0.564,0.539,0.195,2.9,2.51,0.5,0.2,113.6,-1.2,0.08,0.011,0.099
1628998,Cody Martin,1610612766,CHA,2021-22,0.579,0.554,0.12,2.5,2.93,1.2,0.5,113.0,0.1,0.08,0.043,0.108
203469,Cody Zeller,1610612757,POR,2021-22,0.627,0.567,0.153,0.8,1.16,0.3,0.2,110.9,-2.1,0.103,0.128,0.212
1630175,Cole Anthony,1610612753,ORL,2021-22,0.519,0.464,0.245,5.7,2.17,0.7,0.3,111.1,-5.4,0.106,0.015,0.145
1629012,Collin Sexton,1610612739,CLE,2021-22,0.523,0.487,0.264,2.1,0.74,0.9,0.0,105.0,-5.8,0.074,0.041,0.066
1630557,Corey Kispert,1610612764,WAS,2021-22,0.586,0.564,0.142,1.1,1.7,0.5,0.3,112.9,0.1,0.067,0.03,0.084
202709,Cory Joseph,1610612765,DET,2021-22,0.579,0.526,0.141,3.6,2.79,0.6,0.3,111.7,-6.4,0.081,0.017,0.092
1628591,Craig Sword,1610612764,WAS,2021-22,0.75,0.75,0.125,0.3,1.0,1.3,0.0,94.6,8.3,0.033,0.0,0.0
1626156,D'Angelo Russell,1610612750,MIN,2021-22,0.544,0.502,0.246,7.1,2.79,1.0,0.3,109.8,4.7,0.114,0.011,0.089
201571,D.J. Augustin,1610612747,LAL,2021-22,0.61,0.577,0.139,1.9,1.91,0.3,0.0,117.5,-10.6,0.071,0.012,0.065
1628391,D.J. Wilson,1610612761,TOR,2021-22,0.773,0.733,0.159,1.3,2.5,1.3,0.3,116.5,-16.5,0.162,0.017,0.238
1629610,DaQuan Jeffries,1610612763,MEM,2021-22,0.5,0.5,0.091,0.3,0.0,0.0,0.0,100.0,-10.5,0.078,0.0,0.25
1630227,Daishen Nix,1610612745,HOU,2021-22,0.48,0.455,0.167,1.7,1.54,0.6,0.0,111.0,-6.6,0.059,0.026,0.103
1629751,Dakota Mathias,1610612763,MEM,2021-22,0.5,0.5,0.15,0.2,0.0,0.2,0.0,92.1,-25.4,0.102,0.0,0.154
1630625,Dalano Banton,1610612761,TOR,2021-22,0.463,0.443,0.159,1.5,1.87,0.4,0.2,105.1,1.5,0.07,0.048,0.124
1627745,Damian Jones,1610612758,SAC,2021-22,0.701,0.677,0.163,1.2,1.17,0.5,0.8,113.5,-6.8,0.11,0.074,0.164
203081,Damian Lillard,1610612757,POR,2021-22,0.55,0.486,0.288,7.3,2.55,0.6,0.4,114.8,-1.8,0.126,0.012,0.104
1627814,Damion Lee,1610612744,GSW,2021-22,0.561,0.523,0.156,1.0,1.66,0.6,0.1,106.5,2.8,0.081,0.022,0.136
1628422,Damyean Dotson,1610612752,NYK,2021-22,0.5,0.5,0.089,0.5,0.0,0.0,0.0,110.5,-0.8,0.064,0.0,0.111
1629655,Daniel Gafford,1610612764,WAS,2021-22,0.708,0.693,0.16,0.9,1.05,0.4,1.4,115.5,-6.9,0.122,0.107,0.169
1630187,Daniel Oturu,1610612761,TOR,2021-22,0.549,0.5,0.125,0.0,0.0,0.0,0.7,131.7,-36.8,0.067,0.036,0.148
1628464,Daniel Theis,1610612738,BOS,2021-22,0.595,0.576,0.162,0.9,0.89,0.4,0.7,108.4,-3.9,0.09,0.061,0.159
201568,Danilo Gallinari,1610612737,ATL,2021-22,0.579,0.528,0.182,1.5,2.66,0.4,0.2,112.6,3.4,0.099,0.021,0.161
201980,Danny Green,1610612755,PHI,2021-22,0.561,0.555,0.121,1.0,1.42,1.0,0.6,108.5,3.0,0.054,0.025,0.091
1627863,Danuel House Jr.,1610612762,UTA,2021-22,0.555,0.515,0.146,1.0,1.33,0.5,0.4,105.5,3.8,0.073,0.023,0.118
1629647,Darius Bazley,1610612760,OKC,2021-22,0.515,0.484,0.18,1.4,1.08,0.8,1.0,113.1,-11.3,0.093,0.034,0.176
1629636,Darius Garland,1610612739,CLE,2021-22,0.576,0.536,0.272,8.6,2.35,1.3,0.1,106.9,6.6,0.134,0.017,0.074
201954,Darren Collison,1610612747,LAL,2021-22,0.286,0.286,0.077,0.7,2.0,0.3,0.0,117.2,-18.4,0.0,0.0,0.091
1630561,David Duke Jr.,1610612751,BKN,2021-22,0.444,0.403,0.15,0.8,1.89,0.6,0.3,110.6,0.1,0.053,0.077,0.105
1630525,David Johnson,1610612761,TOR,2021-22,0.0,0.0,0.143,0.0,0.0,0.0,0.0,125.0,-75.0,-0.167,0.0,0.0
1628021,David Nwaba,1610612745,HOU,2021-22,0.567,0.526,0.15,0.8,1.67,0.6,0.4,115.9,-9.0,0.099,0.061,0.179
1630558,Davion Mitchell,1610612758,SAC,2021-22,0.489,0.477,0.202,4.2,2.75,0.7,0.3,111.3,-6.0,0.074,0.015,0.062
202722,Davis Bertans,1610612742,DAL,2021-22,0.531,0.5,0.165,0.6,1.63,0.3,0.2,108.5,1.0,0.06,0.014,0.127
1628432,Davon Reed,1610612743,DEN,2021-22,0.624,0.618,0.117,1.1,3.31,0.5,0.2,109.5,0.3,0.083,0.021,0.14
1630549,Day'Ron Sharpe,1610612751,BKN,2021-22,0.593,0.584,0.205,0.5,0.57,0.3,0.5,108.8,6.9,0.111,0.197,0.198
1628368,De'Aaron Fox,1610612758,SAC,2021-22,0.549,0.506,0.284,5.6,1.96,1.2,0.4,116.5,-4.4,0.11,0.012,0.096
1629631,De'Andre Hunter,1610612737,ATL,2021-22,0.547,0.506,0.194,1.3,0.99,0.7,0.4,113.9,0.7,0.058,0.016,0.093
1629001,De'Anthony Melton,1610612763,MEM,2021-22,0.529,0.504,0.205,2.7,1.73,1.4,0.5,106.4,5.6,0.103,0.034,0.15
201599,DeAndre Jordan,1610612755,PHI,2021-22,0.641,0.643,0.132,0.4,0.57,0.3,0.7,111.5,-10.8,0.12,0.127,0.262
1627761,DeAndre' Bembry,1610612749,MIL,2021-22,0.601,0.595,0.111,1.2,2.13,0.9,0.4,110.5,-0.6,0.069,0.042,0.106
1630610,DeJon Jarreau,1610612754,IND,2021-22,0.0,0.0,0.0,0.0,0.0,0.0,0.0,100.0,100.0,0.0,0.0,0.0
201942,DeMar DeRozan,1610612741,CHI,2021-22,0.59,0.521,0.308,4.9,2.07,0.9,0.3,112.0,1.1,0.148,0.021,0.122
202326,DeMarcus Cousins,1610612743,DEN,2021-22,0.567,0.517,0.267,1.5,0.84,0.7,0.4,111.7,2.2,0.117,0.103,0.281
1629731,Dean Wade,1610612739,CLE,2021-22,0.584,0.574,0.107,1.0,3.25,0.6,0.1,103.8,2.0,0.068,0.031,0.12
1629028,Deandre Ayton,1610612756,PHX,2021-22,0.656,0.639,0.217,1.4,0.92,0.7,0.7,107.7,9.6,0.148,0.093,0.241
1629686,Deividas Sirvydis,1610612765,DET,2021-22,0.15,0.15,0.149,0.3,0.0,1.0,0.3,109.5,-42.3,0.007,0.0,0.2
1627749,Dejounte Murray,1610612759,SAS,2021-22,0.533,0.5,0.268,9.2,3.48,2.0,0.3,111.0,1.9,0.163,0.031,0.196
1626153,Delon Wright,1610612737,ATL,2021-22,0.576,0.535,0.101,2.4,4.18,1.2,0.2,108.8,2.8,0.097,0.035,0.116
1630166,Deni Avdija,1610612764,WAS,2021-22,0.536,0.503,0.158,2.0,1.92,0.7,0.5,110.1,-1.0,0.086,0.027,0.182
203471,Dennis Schröder,1610612745,HOU,2021-22,0.539,0.49,0.223,4.6,2.07,0.8,0.1,107.9,-1.0,0.098,0.018,0.097
1628372,Dennis Smith Jr.,1610612757,POR,2021-22,0.474,0.434,0.173,3.6,2.59,1.2,0.3,110.6,-9.8,0.095,0.029,0.107
1627756,Denzel Valentine,1610612762,UTA,2021-22,0.523,0.523,0.15,0.5,0.92,0.3,0.0,107.0,-5.1,0.061,0.04,0.15
202324,Derrick Favors,1610612760,OKC,2021-22,0.534,0.522,0.131,0.6,2.78,0.4,0.3,106.5,-11.0,0.096,0.079,0.178
1627884,Derrick Jones Jr.,1610612741,CHI,2021-22,0.633,0.59,0.119,0.6,1.0,0.5,0.6,110.1,2.7,0.069,0.068,0.121
201565,Derrick Rose,1610612752,NYK,2021-22,0.541,0.513,0.217,4.0,2.64,0.8,0.5,103.3,5.8,0.129,0.032,0.08
1628476,Derrick Walton Jr.,1610612765,DET,2021-22,0.342,0.288,0.142,7.0,1.91,2.3,1.3,103.0,0.5,0.048,0.015,0.068
1628401,Derrick White,1610612738,BOS,2021-22,0.549,0.493,0.196,4.9,3.08,0.9,0.8,106.4,4.9,0.101,0.017,0.094
1630217,Desmond Bane,1610612763,MEM,2021-22,0.592,0.565,0.226,2.7,1.87,1.2,0.4,107.8,6.9,0.116,0.018,0.118
1626164,Devin Booker,1610612756,PHX,2021-22,0.576,0.53,0.313,4.8,2.03,1.1,0.4,108.1,9.5,0.137,0.02,0.117
1629962,Devin Cannady,1610612753,ORL,2021-22,0.531,0.511,0.156,2.0,2.0,1.0,0.6,109.6,-2.6,0.044,0.006,0.032
1630170,Devin Vassell,1610612759,SAS,2021-22,0.54,0.516,0.184,1.9,2.34,1.1,0.6,110.2,1.0,0.087,0.021,0.128
1629653,Devon Dotson,1610612741,CHI,2021-22,0.538,0.522,0.156,1.4,3.0,0.1,0.0,112.0,-2.4,0.064,0.011,0.105
1629719,Devontae Cacok,1610612759,SAS,2021-22,0.675,0.677,0.122,0.4,2.0,0.5,0.5,106.1,-1.6,0.153,0.058,0.279
1628984,Devonte' Graham,1610612740,NOP,2021-22,0.514,0.481,0.191,4.2,3.01,0.9,0.2,111.1,0.3,0.081,0.017,0.064
203473,Dewayne Dedmon,1610612748,MIA,2021-22,0.632,0.598,0.164,0.7,0.67,0.4,0.6,106.0,3.5,0.113,0.1,0.251
1629712,Didi Louzada,1610612757,POR,2021-22,0.517,0.5,0.13,0.6,1.0,0.2,0.2,112.1,-29.1,0.042,0.034,0.096
1628415,Dillon Brooks,1610612763,MEM,2021-22,0.515,0.475,0.283,2.8,1.76,1.1,0.3,105.9,11.0,0.091,0.03,0.08
1627734,Domantas Sabonis,1610612758,SAC,2021-22,0.637,0.598,0.221,5.2,1.66,1.0,0.4,110.1,-0.6,0.161,0.092,0.264
1628378,Donovan Mitchell,1610612762,UTA,2021-22,0.572,0.533,0.322,5.3,1.79,1.5,0.2,111.7,5.9,0.135,0.024,0.096
1628978,Donte DiVincenzo,1610612758,SAC,2021-22,0.51,0.461,0.187,2.8,1.64,1.1,0.2,111.2,-3.7,0.08,0.039,0.125
1627827,Dorian Finney-Smith,1610612742,DAL,2021-22,0.604,0.595,0.138,1.9,1.88,1.1,0.5,110.4,4.4,0.076,0.047,0.095
203926,Doug McDermott,1610612759,SAS,2021-22,0.593,0.578,0.178,1.3,1.49,0.3,0.1,114.1,-1.8,0.068,0.014,0.076
203110,Draymond Green,1610612744,GSW,2021-22,0.582,0.556,0.14,7.0,2.3,1.3,1.1,102.8,7.2,0.119,0.034,0.204
1629234,Drew Eubanks,1610612757,POR,2021-22,0.638,0.602,0.171,1.2,1.05,0.4,0.6,115.9,-12.8,0.119,0.097,0.197
1630613,Duane Washington Jr.,1610612754,IND,2021-22,0.521,0.5,0.214,1.8,1.49,0.5,0.1,116.1,-5.9,0.064,0.004,0.082
1629130,Duncan Robinson,1610612748,MIA,2021-22,0.573,0.559,0.174,1.6,2.15,0.5,0.2,107.9,2.6,0.067,0.012,0.089
2730,Dwight Howard,1610612747,LAL,2021-22,0.657,0.63,0.145,0.6,0.74,0.6,0.6,115.0,-5.7,0.112,0.12,0.246
203939,Dwight Powell,1610612742,DAL,2021-22,0.725,0.687,0.136,1.2,1.52,0.5,0.5,110.6,2.5,0.102,0.099,0.134
1629685,Dylan Windler,1610612739,CLE,2021-22,0.519,0.485,0.115,0.7,2.13,0.3,0.1,101.6,0.0,0.069,0.047,0.146
202334,Ed Davis,1610612739,CLE,2021-22,0.632,0.688,0.062,0.2,1.4,0.1,0.3,94.9,4.6,0.075,0.072,0.23
203901,Elfrid Payton,1610612756,PHX,2021-22,0.397,0.394,0.175,2.0,2.11,0.5,0.1,105.0,-2.0,0.067,0.035,0.115
1630190,Elijah Hughes,1610612757,POR,2021-22,0.426,0.413,0.158,0.6,1.29,0.4,0.2,121.8,-23.7,0.037,0.013,0.118
1629150,Emanuel Terry,1610612756,PHX,2021-22,0.0,0.0,0.189,0.7,0.4,0.3,0.0,110.3,-50.3,0.0,0.286,0.389
1626144,Emmanuel Mudiay,1610612758,SAC,2021-22,0.399,0.0,0.192,2.0,4.0,0.5,0.0,107.7,-23.7,0.067,0.0,0.0
202683,Enes Freedom,1610612738,BOS,2021-22,0.585,0.536,0.129,0.2,0.4,0.1,0.4,103.8,7.8,0.105,0.143,0.219
202339,Eric Bledsoe,1610612757,POR,2021-22,0.514,0.475,0.198,4.2,1.94,1.3,0.4,106.4,-1.2,0.095,0.02,0.105
201569,Eric Gordon,1610612745,HOU,2021-22,0.614,0.585,0.182,2.7,1.44,0.5,0.3,113.6,-5.1,0.081,0.009,0.056
1629672,Eric Paschall,1610612762,UTA,2021-22,0.612,0.57,0.174,0.6,1.33,0.2,0.1,111.3,-2.3,0.085,0.042,0.1
1630647,Eugene Omoruyi,1610612742,DAL,2021-22,0.518,0.5,0.156,0.5,0.0,0.0,0.0,88.1,11.9,0.138,0.111,0.278
203095,Evan Fournier,1610612752,NYK,2021-22,0.554,0.541,0.201,2.1,1.63,1.0,0.3,112.5,-2.7,0.074,0.013,0.073
1630596,Evan Mobley,1610612739,CLE,2021-22,0.549,0.522,0.201,2.5,1.31,0.8,1.7,106.8,1.7,0.116,0.063,0.174
1630267,Facundo Campazzo,1610612743,DEN,2021-22,0.503,0.459,0.143,3.4,3.28,1.0,0.4,110.7,-8.6,0.073,0.019,0.08
1630624,Feron Hunt,1610612752,NYK,2021-22,0.0,0.0,0.136,0.5,1.0,0.5,0.0,82.4,-10.1,-0.083,0.091,0.0
1628402,Frank Jackson,1610612765,DET,2021-22,0.53,0.491,0.203,1.0,1.45,0.5,0.2,110.9,-6.8,0.064,0.015,0.058
1626163,Frank Kaminsky,1610612756,PHX,2021-22,0.635,0.583,0.185,1.4,2.6,0.9,0.8,96.0,9.6,0.141,0.06,0.144
1628373,Frank Ntilikina,1610612742,DAL,2021-22,0.513,0.484,0.165,1.2,2.23,0.5,0.1,102.3,4.3,0.073,0.016,0.094
1630532,Franz Wagner,1610612753,ORL,2021-22,0.559,0.517,0.208,2.9,1.94,0.9,0.4,110.8,-4.9,0.102,0.033,0.106
1627832,Fred VanVleet,1610612761,TOR,2021-22,0.552,0.513,0.233,6.7,2.55,1.7,0.5,108.5,3.7,0.118,0.016,0.1
1630273,Freddie Gillespie,1610612753,ORL,2021-22,0.419,0.409,0.109,0.6,1.0,0.3,1.0,110.4,-13.6,0.057,0.099,0.183
1627788,Furkan Korkmaz,1610612755,PHI,2021-22,0.502,0.469,0.17,1.9,2.65,0.5,0.1,108.0,0.8,0.076,0.015,0.104
1629216,Gabe Vincent,1610612748,MIA,2021-22,0.551,0.533,0.174,3.1,2.14,0.9,0.2,106.0,3.1,0.07,0.014,0.064
1628221,Gabe York,1610612754,IND,2021-22,0.435,0.357,0.179,2.0,4.0,1.0,0.5,120.4,-14.6,0.044,0.0,0.143
1630466,Gabriel Deck,1610612760,OKC,2021-22,0.643,0.643,0.119,0.7,2.5,0.1,0.0,113.6,-13.6,0.082,0.017,0.077
1630994,Gabriel Lundberg,1610612756,PHX,2021-22,0.342,0.342,0.191,2.8,3.67,0.8,0.0,103.1,18.3,0.047,0.04,0.119
202066,Garrett Temple,1610612740,NOP,2021-22,0.494,0.476,0.136,1.3,1.76,0.7,0.4,114.7,-13.7,0.057,0.024,0.106
1629726,Garrison Mathews,1610612745,HOU,2021-22,0.602,0.55,0.137,1.0,1.56,0.9,0.4,116.5,-5.9,0.061,0.018,0.093
1629109,Gary Clark,1610612740,NOP,2021-22,0.547,0.534,0.11,0.5,1.8,0.3,0.2,107.8,-2.1,0.087,0.057,0.174
203914,Gary Harris,1610612753,ORL,2021-22,0.571,0.539,0.16,1.8,1.77,1.0,0.1,110.1,-5.9,0.066,0.02,0.048
1627780,Gary Payton II,1610612744,GSW,2021-22,0.679,0.679,0.14,0.9,1.6,1.4,0.3,102.3,8.3,0.114,0.058,0.132
1629018,Gary Trent Jr.,1610612761,TOR,2021-22,0.546,0.511,0.212,2.0,1.93,1.7,0.3,110.2,3.3,0.086,0.01,0.07
201588,George Hill,1610612749,MIL,2021-22,0.552,0.504,0.115,2.2,2.93,0.8,0.1,100.8,11.7,0.073,0.029,0.084
1628994,George King,1610612742,DAL,2021-22,0.085,0.0,0.159,0.0,0.0,0.0,0.0,150.0,-62.2,-0.065,0.0,0.25
1627777,Georges Niang,1610612755,PHI,2021-22,0.594,0.575,0.16,1.3,1.73,0.4,0.2,109.0,1.9,0.066,0.014,0.097
1630686,Georgios Kalaitzakis,1610612760,OKC,2021-22,0.536,0.537,0.2,0.9,0.6,0.8,0.2,124.9,-29.3,0.043,0.026,0.074
203507,Giannis Antetokounmpo,1610612749,MIL,2021-22,0.633,0.582,0.34,5.8,1.77,1.1,1.4,107.9,8.0,0.21,0.06,0.267
1629048,Goga Bitadze,1610612754,IND,2021-22,0.595,0.565,0.191,1.1,1.2,0.4,0.8,116.4,-2.4,0.088,0.106,0.139
201609,Goran Dragic,1610612751,BKN,2021-22,0.474,0.43,0.166,4.1,2.53,0.9,0.2,111.7,0.4,0.072,0.027,0.104
202330,Gordon Hayward,1610612766,CHA,2021-22,0.57,0.528,0.202,3.6,2.19,1.0,0.4,111.0,-0.4,0.102,0.022,0.114
203476,Gorgui Dieng,1610612737,ATL,2021-22,0.624,0.603,0.164,0.8,1.7,0.3,0.3,109.5,-9.2,0.118,0.083,0.238
1629684,Grant Williams,1610612738,BOS,2021-22,0.635,0.597,0.123,1.0,1.26,0.5,0.7,108.0,4.5,0.067,0.035,0.107
1628960,Grayson Allen,1610612749,MIL,2021-22,0.609,0.588,0.148,1.5,2.33,0.7,0.3,107.5,5.0,0.081,0.017,0.097
1630535,Greg Brown III,1610612757,POR,2021-22,0.515,0.476,0.168,0.7,0.97,0.5,0.5,116.8,-17.6,0.064,0.057,0.15
202328,Greg Monroe,1610612750,MIN,2021-22,0.566,0.561,0.164,1.6,1.83,0.6,0.7,108.9,0.9,0.11,0.141,0.176
1628977,Hamidou Diallo,1610612765,DET,2021-22,0.541,0.518,0.213,1.3,1.26,1.2,0.3,110.7,-7.6,0.107,0.049,0.162
203084,Harrison Barnes,1610612758,SAC,2021-22,0.623,0.554,0.184,2.4,1.58,0.7,0.2,116.7,-6.7,0.105,0.031,0.135
202355,Hassan Whiteside,1610612762,UTA,2021-22,0.662,0.652,0.164,0.4,0.49,0.3,1.6,109.0,10.1,0.132,0.142,0.275
1629755,Hassani Gravett,1610612753,ORL,2021-22,0.629,0.618,0.13,2.5,2.22,0.6,0.1,107.6,-1.8,0.084,0.006,0.114
1629312,Haywood Highsmith,1610612748,MIA,2021-22,0.446,0.446,0.131,0.3,2.0,0.1,0.2,114.0,-8.5,0.036,0.056,0.097
1630529,Herbert Jones,1610612740,NOP,2021-22,0.573,0.525,0.136,2.1,1.67,1.7,0.8,110.2,2.0,0.068,0.041,0.086
1629649,Ignas Brazdeikis,1610612753,ORL,2021-22,0.52,0.503,0.172,0.9,2.18,0.2,0.1,116.4,-15.7,0.061,0.038,0.09
1630193,Immanuel Quickley,1610612752,NYK,2021-22,0.543,0.487,0.217,3.5,2.78,0.7,0.0,104.8,6.6,0.11,0.017,0.114
1629067,Isaac Bonga,1610612761,TOR,2021-22,0.363,0.269,0.108,0.3,2.0,0.5,0.1,106.7,-22.6,0.021,0.043,0.038
1630171,Isaac Okoro,1610612739,CLE,2021-22,0.589,0.544,0.123,1.8,2.09,0.8,0.3,109.3,3.1,0.057,0.037,0.065
1628392,Isaiah Hartenstein,1610612746,LAC,2021-22,0.664,0.645,0.177,2.4,1.9,0.7,1.1,105.0,7.0,0.132,0.097,0.158
1630543,Isaiah Jackson,1610612754,IND,2021-22,0.607,0.575,0.214,0.3,0.25,0.7,1.4,116.1,-2.8,0.093,0.109,0.157
1630198,Isaiah Joe,1610612755,PHI,2021-22,0.519,0.477,0.144,0.6,1.84,0.3,0.1,106.5,1.7,0.051,0.01,0.079
1630587,Isaiah Livers,1610612765,DET,2021-22,0.629,0.606,0.125,1.1,1.4,0.7,0.4,114.6,-0.8,0.066,0.037,0.109
1629676,Isaiah Roby,1610612760,OKC,2021-22,0.607,0.582,0.185,1.6,1.65,0.8,0.8,113.4,-8.8,0.101,0.074,0.145
1630191,Isaiah Stewart,1610612765,DET,2021-22,0.55,0.526,0.144,1.2,0.96,0.3,1.1,112.1,-9.5,0.096,0.111,0.217
202738,Isaiah Thomas,1610612766,CHA,2021-22,0.516,0.485,0.245,1.5,2.27,0.3,0.2,109.0,-1.3,0.074,0.012,0.071
1630225,Isaiah Todd,1610612764,WAS,2021-22,0.349,0.346,0.188,0.3,1.0,0.3,0.2,103.2,-15.6,0.033,0.034,0.123
202397,Ish Smith,1610612764,WAS,2021-22,0.465,0.459,0.195,3.8,3.13,0.7,0.4,113.8,-6.7,0.092,0.021,0.1
1630688,Ish Wainright,1610612756,PHX,2021-22,0.494,0.486,0.134,0.3,1.15,0.4,0.1,100.6,5.6,0.043,0.066,0.072
1627826,Ivica Zubac,1610612746,LAC,2021-22,0.66,0.626,0.168,1.6,1.05,0.5,1.0,112.2,-3.5,0.123,0.115,0.223
1630550,JT Thor,1610612766,CHA,2021-22,0.525,0.5,0.116,0.6,1.9,0.2,0.3,106.9,0.3,0.06,0.04,0.111
1629630,Ja Morant,1610612763,MEM,2021-22,0.575,0.53,0.33,6.7,1.96,1.2,0.4,111.2,4.1,0.163,0.037,0.124
203210,JaMychal Green,1610612743,DEN,2021-22,0.587,0.537,0.168,0.9,1.04,0.6,0.4,110.3,-3.5,0.093,0.073,0.187
1630605,JaQuori McLaughlin,1610612742,DAL,2021-22,0.0,0.0,0.065,0.5,0.0,0.0,0.0,134.6,-34.6,-0.021,0.0,0.0
201580,JaVale McGee,1610612756,PHX,2021-22,0.651,0.631,0.214,0.6,0.43,0.3,1.1,104.6,5.8,0.152,0.134,0.266
203953,Jabari Parker,1610612738,BOS,2021-22,0.632,0.579,0.191,0.5,0.75,0.3,0.1,104.7,-0.8,0.117,0.042,0.18
1630183,Jaden McDaniels,1610612750,MIN,2021-22,0.553,0.532,0.149,1.1,1.05,0.7,0.8,109.3,0.6,0.061,0.038,0.115
1630531,Jaden Springer,1610612755,PHI,2021-22,1.0,1.0,0.118,0.0,0.0,0.0,1.0,141.7,-72.4,0.184,0.143,0.125
203109,Jae Crowder,1610612756,PHX,2021-22,0.541,0.516,0.146,1.9,2.25,1.4,0.4,105.9,10.2,0.077,0.017,0.16
1630256,Jae'Sean Tate,1610612745,HOU,2021-22,0.567,0.541,0.194,2.8,1.6,0.9,0.5,114.2,-8.9,0.09,0.063,0.135
1630186,Jahmi'us Ramsey,1610612758,SAC,2021-22,0.468,0.457,0.208,0.4,1.4,0.1,0.1,118.5,-6.0,0.038,0.027,0.068
1630693,Jaime Echenique,1610612764,WAS,2021-22,0.0,0.0,0.0,0.0,0.0,0.0,0.0,50.0,-30.0,0.0,0.0,0.0
1627774,Jake Layman,1610612750,MIN,2021-22,0.5,0.466,0.16,0.3,0.9,0.2,0.1,108.7,-3.4,0.064,0.025,0.123
1627751,Jakob Poeltl,1610612759,SAS,2021-22,0.613,0.619,0.182,2.8,1.73,0.7,1.7,111.8,3.4,0.119,0.125,0.184
1628973,Jalen Brunson,1610612742,DAL,2021-22,0.583,0.549,0.215,4.8,3.04,0.8,0.0,109.4,4.4,0.122,0.017,0.105
1630224,Jalen Green,1610612745,HOU,2021-22,0.547,0.508,0.234,2.6,1.3,0.7,0.3,116.9,-11.3,0.085,0.015,0.088
1630552,Jalen Johnson,1610612737,ATL,2021-22,0.59,0.573,0.183,0.1,0.33,0.1,0.1,105.8,-10.0,0.096,0.016,0.175
1629667,Jalen McDaniels,1610612766,CHA,2021-22,0.595,0.565,0.152,1.1,1.61,0.5,0.4,109.1,2.6,0.082,0.039,0.138
1630188,Jalen Smith,1610612754,IND,2021-22,0.595,0.56,0.193,0.5,0.57,0.3,0.8,109.3,2.7,0.119,0.101,0.216
1630591,Jalen Suggs,1610612753,ORL,2021-22,0.455,0.4,0.244,4.4,1.46,1.2,0.4,107.8,-7.1,0.064,0.019,0.102
1630547,James Bouknight,1610612766,CHA,2021-22,0.459,0.408,0.226,0.8,1.73,0.2,0.0,114.2,-6.2,0.06,0.064,0.09
203516,James Ennis III,1610612743,DEN,2021-22,0.553,0.521,0.206,0.4,1.5,0.3,0.3,109.2,0.9,0.098,0.086,0.121
201935,James Harden,1610612755,PHI,2021-22,0.583,0.485,0.266,10.3,2.35,1.3,0.6,111.4,3.5,0.153,0.024,0.176
201949,James Johnson,1610612751,BKN,2021-22,0.513,0.507,0.136,2.1,2.71,0.5,0.5,110.5,-1.6,0.068,0.041,0.127
1630691,Jamorko Pickett,1610612765,DET,2021-22,0.491,0.49,0.133,0.5,1.4,0.0,0.5,108.8,0.3,0.057,0.032,0.141
1630215,Jared Butler,1610612762,UTA,2021-22,0.509,0.497,0.221,1.5,1.91,0.4,0.2,112.6,-0.1,0.073,0.014,0.102
1629607,Jared Harper,1610612740,NOP,2021-22,0.666,0.635,0.287,2.8,7.0,0.8,0.2,123.5,9.8,0.179,0.047,0.0
1628991,Jaren Jackson Jr.,1610612763,MEM,2021-22,0.535,0.477,0.248,1.1,0.66,0.9,2.3,106.0,7.9,0.096,0.05,0.145
1629020,Jarred Vanderbilt,1610612750,MIN,2021-22,0.612,0.59,0.108,1.3,1.29,1.3,0.6,110.5,5.0,0.103,0.107,0.212
1628386,Jarrett Allen,1610612739,CLE,2021-22,0.698,0.678,0.177,1.6,0.98,0.8,1.3,106.7,3.3,0.16,0.109,0.213
1629633,Jarrett Culver,1610612763,MEM,2021-22,0.433,0.422,0.199,0.9,1.65,0.5,0.1,106.6,-2.3,0.048,0.033,0.101
1629600,Jarron Cumberland,1610612757,POR,2021-22,0.5,0.5,0.061,0.3,0.0,0.0,0.0,103.8,40.2,0.058,0.059,0.182
1629602,Javin DeLaurier,1610612749,MIL,2021-22,0.0,0.0,0.0,0.0,0.0,1.0,0.0,114.3,57.1,0.051,0.0,0.25
1629750,Javonte Green,1610612741,CHI,2021-22,0.637,0.597,0.113,0.9,2.0,1.0,0.5,112.0,1.6,0.077,0.062,0.12
1630606,Javonte Smart,1610612748,MIA,2021-22,0.407,0.383,0.154,0.9,1.45,0.4,0.2,110.3,-10.6,0.039,0.022,0.094
1629637,Jaxson Hayes,1610612740,NOP,2021-22,0.68,0.641,0.159,0.6,0.8,0.5,0.8,109.2,0.5,0.11,0.08,0.146
1630643,Jay Huff,1610612747,LAL,2021-22,0.0,0.0,0.083,0.3,1.0,0.3,0.3,52.2,36.5,0.02,0.04,0.111
1630206,Jay Scrubb,1610612746,LAC,2021-22,0.486,0.457,0.188,0.4,1.14,0.2,0.2,98.6,6.9,0.065,0.016,0.1
1627759,Jaylen Brown,1610612738,BOS,2021-22,0.574,0.541,0.298,3.5,1.3,1.1,0.3,103.8,9.8,0.135,0.024,0.145
1629658,Jaylen Hoard,1610612760,OKC,2021-22,0.536,0.539,0.184,2.4,2.13,0.9,0.7,119.1,-17.2,0.121,0.112,0.228
1628537,Jaylen Morris,1610612759,SAS,2021-22,0.129,0.0,0.231,0.7,2.0,0.0,0.0,91.4,22.9,-0.074,0.0,0.118
1629669,Jaylen Nowell,1610612750,MIN,2021-22,0.581,0.551,0.205,2.1,3.61,0.4,0.2,111.7,2.8,0.108,0.022,0.1
1629873,Jaysean Paige,1610612765,DET,2021-22,0.0,0.0,0.211,1.0,1.0,0.0,0.0,113.3,-69.6,-0.286,0.0,0.091
1628369,Jayson Tatum,1610612738,BOS,2021-22,0.578,0.526,0.313,4.4,1.54,1.0,0.6,103.4,12.1,0.159,0.032,0.18
1630288,Jeff Dowtin Jr.,1610612753,ORL,2021-22,0.353,0.327,0.119,1.1,2.0,0.6,0.1,109.6,-12.3,0.05,0.065,0.097
201145,Jeff Green,1610612743,DEN,2021-22,0.627,0.574,0.16,1.3,1.35,0.4,0.4,111.5,1.8,0.075,0.024,0.1
1629203,Jemerrio Jones,1610612747,LAL,2021-22,0.667,0.667,0.083,0.0,0.0,0.5,0.0,121.9,-38.0,0.069,0.118,0.056
203924,Jerami Grant,1610612765,DET,2021-22,0.556,0.491,0.253,2.4,1.31,0.9,1.0,110.7,-7.8,0.112,0.017,0.108
1630526,Jeremiah Robinson-Earl,1610612760,OKC,2021-22,0.526,0.503,0.152,1.0,1.26,0.6,0.3,110.9,-9.8,0.084,0.061,0.172
203087,Jeremy Lamb,1610612758,SAC,2021-22,0.521,0.463,0.189,1.4,2.19,0.6,0.4,109.7,0.6,0.092,0.026,0.134
1630579,Jericho Sims,1610612752,NYK,2021-22,0.674,0.722,0.068,0.5,1.05,0.3,0.5,102.9,6.5,0.074,0.108,0.187
1628975,Jevon Carter,1610612749,MIL,2021-22,0.531,0.518,0.135,1.5,2.82,0.4,0.2,110.3,-3.0,0.067,0.014,0.097
202710,Jimmy Butler III,1610612748,MIA,2021-22,0.592,0.496,0.26,5.5,2.58,1.6,0.5,108.4,6.1,0.164,0.055,0.125
1629111,Jock Landale,1610612759,SAS,2021-22,0.597,0.566,0.172,0.8,1.45,0.2,0.3,109.0,-1.1,0.097,0.094,0.118
203925,Joe Harris,1610612751,BKN,2021-22,0.624,0.617,0.146,1.0,0.88,0.5,0.1,105.6,1.1,0.068,0.012,0.109
204060,Joe Ingles,1610612757,POR,2021-22,0.551,0.54,0.129,3.5,3.43,0.5,0.1,103.7,8.2,0.077,0.01,0.099
2207,Joe Johnson,1610612738,BOS,2021-22,1.0,1.0,0.2,0.0,0.0,0.0,0.0,180.0,-100.0,0.182,0.0,0.0
1630580,Joe Wieskamp,1610612759,SAS,2021-22,0.494,0.482,0.129,0.3,4.5,0.1,0.1,105.1,1.5,0.039,0.017,0.045
1630555,Joel Ayayi,1610612764,WAS,2021-22,0.167,0.167,0.133,0.6,0.0,0.0,0.0,82.5,12.2,0.059,0.037,0.105
203954,Joel Embiid,1610612755,PHI,2021-22,0.616,0.534,0.375,4.2,1.33,1.1,1.5,107.8,7.9,0.212,0.068,0.273
1628381,John Collins,1610612737,ATL,2021-22,0.61,0.576,0.202,1.8,1.63,0.6,1.0,112.7,0.8,0.119,0.056,0.19
1629723,John Konchar,1610612763,MEM,2021-22,0.615,0.615,0.097,1.5,3.76,0.6,0.3,107.0,2.7,0.102,0.059,0.182
1630257,Jon Teske,1610612763,MEM,2021-22,0.0,0.0,0.1,0.3,0.0,0.3,0.0,89.5,-7.1,0.0,0.0,0.286
202685,Jonas Valančiūnas,1610612740,NOP,2021-22,0.617,0.574,0.238,2.6,1.06,0.6,0.8,110.2,1.2,0.153,0.1,0.28
1630228,Jonathan Kuminga,1610612744,GSW,2021-22,0.6,0.567,0.227,0.9,0.86,0.4,0.3,107.5,1.9,0.098,0.047,0.139
1628395,Jordan Bell,1610612741,CHI,2021-22,0.0,0.0,0.0,0.0,0.0,1.0,0.0,175.0,25.0,-0.033,0.5,0.0
203903,Jordan Clarkson,1610612762,UTA,2021-22,0.532,0.504,0.258,2.5,1.5,0.8,0.2,107.0,8.7,0.097,0.03,0.091
1630692,Jordan Goodwin,1610612764,WAS,2021-22,0.0,0.0,0.25,0.0,0.0,0.0,0.0,150.0,-110.0,-0.286,0.0,0.2
1629162,Jordan McLaughlin,1610612750,MIN,2021-22,0.535,0.508,0.115,2.9,4.74,0.9,0.2,109.0,2.4,0.088,0.023,0.075
1629670,Jordan Nwora,1610612749,MIL,2021-22,0.506,0.488,0.187,1.0,1.04,0.4,0.3,112.5,-3.0,0.072,0.03,0.147
1629673,Jordan Poole,1610612744,GSW,2021-22,0.598,0.548,0.252,4.0,1.63,0.8,0.3,105.5,6.6,0.111,0.015,0.094
1630648,Jordan Schakel,1610612764,WAS,2021-22,0.21,0.136,0.191,0.0,0.0,0.3,0.0,93.8,7.9,0.021,0.063,0.188
1630631,Jose Alvarado,1610612740,NOP,2021-22,0.52,0.5,0.174,2.8,3.8,1.3,0.1,104.8,7.3,0.107,0.029,0.094
1630528,Josh Christopher,1610612745,HOU,2021-22,0.534,0.504,0.205,2.0,1.32,0.9,0.2,116.1,-9.2,0.083,0.037,0.103
1630581,Josh Giddey,1610612760,OKC,2021-22,0.478,0.461,0.218,6.4,2.02,0.9,0.4,109.4,-8.3,0.114,0.052,0.175
1630182,Josh Green,1610612742,DAL,2021-22,0.578,0.563,0.13,1.2,1.8,0.7,0.2,103.8,3.7,0.072,0.049,0.105
1628404,Josh Hart,1610612757,POR,2021-22,0.61,0.569,0.184,4.1,1.96,1.1,0.2,113.2,-4.9,0.117,0.033,0.183
1628367,Josh Jackson,1610612758,SAC,2021-22,0.491,0.455,0.196,1.1,1.15,0.5,0.4,112.2,-8.6,0.066,0.025,0.149
1629006,Josh Okogie,1610612750,MIN,2021-22,0.526,0.471,0.115,0.5,1.09,0.5,0.2,101.6,2.5,0.048,0.049,0.077
1626196,Josh Richardson,1610612759,SAS,2021-22,0.573,0.534,0.171,1.8,1.74,0.9,0.4,107.8,4.5,0.083,0.026,0.087
1630563,Joshua Primo,1610612759,SAS,2021-22,0.487,0.452,0.152,1.6,1.42,0.4,0.5,111.2,-3.3,0.044,0.031,0.079
201950,Jrue Holiday,1610612749,MIL,2021-22,0.593,0.57,0.231,6.8,2.5,1.6,0.4,109.7,8.5,0.126,0.031,0.1
1629308,Juan Toscano-Anderson,1610612744,GSW,2021-22,0.561,0.549,0.144,1.7,1.87,0.7,0.2,106.9,2.9,0.08,0.03,0.143
1627823,Juancho Hernangomez,1610612762,UTA,2021-22,0.542,0.528,0.133,0.5,1.25,0.4,0.3,113.3,0.5,0.075,0.063,0.155
203944,Julius Randle,1610612752,NYK,2021-22,0.509,0.459,0.279,5.1,1.51,0.7,0.5,111.6,-3.6,0.128,0.045,0.225
1626147,Justin Anderson,1610612754,IND,2021-22,0.493,0.458,0.149,2.1,4.13,0.5,0.4,116.9,-0.1,0.067,0.013,0.142
1630551,Justin Champagnie,1610612761,TOR,2021-22,0.571,0.537,0.111,0.3,1.38,0.2,0.1,108.0,7.4,0.07,0.111,0.126
203200,Justin Holiday,1610612758,SAC,2021-22,0.543,0.528,0.156,1.7,1.83,0.8,0.4,113.9,-5.1,0.057,0.014,0.08
1628382,Justin Jackson,1610612756,PHX,2021-22,0.472,0.433,0.177,0.3,2.0,0.0,0.0,100.0,-15.6,0.096,0.019,0.167
1629620,Justin Robinson,1610612765,DET,2021-22,0.404,0.398,0.153,1.3,1.88,0.4,0.0,111.3,-17.5,0.023,0.011,0.051
1626159,Justise Winslow,1610612757,POR,2021-22,0.479,0.457,0.178,1.8,1.71,0.7,0.5,105.9,2.1,0.093,0.06,0.177
203994,Jusuf Nurkić,1610612757,POR,2021-22,0.586,0.548,0.233,2.8,1.1,1.1,0.6,110.1,-0.1,0.142,0.101,0.283
1629752,Juwan Morgan,1610612738,BOS,2021-22,0.833,0.833,0.04,0.5,0.0,0.0,0.0,132.3,-26.2,0.033,0.061,0.065
1630231,KJ Martin,1610612745,HOU,2021-22,0.603,0.591,0.158,1.3,1.68,0.4,0.5,115.4,-6.9,0.095,0.047,0.131
1629644,KZ Okpala,1610612748,MIA,2021-22,0.521,0.5,0.141,0.7,2.8,0.2,0.3,104.2,2.7,0.068,0.044,0.118
1630539,Kai Jones,1610612766,CHA,2021-22,0.628,0.679,0.15,0.2,0.67,0.0,0.1,104.4,-11.1,0.065,0.045,0.114
1626157,Karl-Anthony Towns,1610612750,MIN,2021-22,0.64,0.591,0.272,3.6,1.19,1.0,1.1,111.6,5.3,0.159,0.074,0.21
1626208,Keifer Sykes,1610612754,IND,2021-22,0.456,0.434,0.174,1.9,1.88,0.4,0.1,112.9,-4.5,0.039,0.014,0.069
1628966,Keita Bates-Diop,1610612759,SAS,2021-22,0.578,0.549,0.144,0.7,0.91,0.5,0.2,106.2,0.8,0.092,0.061,0.163
1629103,Kelan Martin,1610612738,BOS,2021-22,0.484,0.474,0.18,0.7,1.5,0.4,0.3,108.6,-6.2,0.06,0.035,0.086
1629640,Keldon Johnson,1610612759,SAS,2021-22,0.574,0.545,0.21,2.1,1.72,0.8,0.2,111.1,2.1,0.102,0.031,0.148
1629833,Keljin Blevins,1610612757,POR,2021-22,0.41,0.401,0.161,0.6,1.12,0.4,0.0,124.9,-27.7,0.025,0.042,0.09
203482,Kelly Olynyk,1610612765,DET,2021-22,0.561,0.517,0.207,2.8,1.91,0.8,0.5,113.3,-4.9,0.105,0.067,0.17
1626162,Kelly Oubre Jr.,1610612766,CHA,2021-22,0.56,0.542,0.223,1.1,1.25,1.0,0.4,112.4,-0.2,0.086,0.036,0.106
202689,Kemba Walker,1610612752,NYK,2021-22,0.537,0.501,0.202,3.5,2.73,0.7,0.2,114.5,-9.1,0.098,0.014,0.099
1629026,Kenrich Williams,1610612760,OKC,2021-22,0.532,0.525,0.153,2.2,2.35,0.9,0.2,100.3,1.7,0.101,0.062,0.123
203145,Kent Bazemore,1610612747,LAL,2021-22,0.451,0.428,0.128,0.9,1.62,0.6,0.2,108.7,-8.9,0.032,0.022,0.097
203484,Kentavious Caldwell-Pope,1610612764,WAS,2021-22,0.568,0.531,0.185,1.9,1.49,1.1,0.3,113.8,-4.7,0.08,0.018,0.093
1630553,Keon Johnson,1610612757,POR,2021-22,0.453,0.415,0.207,2.1,1.65,0.8,0.3,119.8,-19.0,0.052,0.031,0.083
1630556,Kessler Edwards,1610612751,BKN,2021-22,0.516,0.502,0.132,0.6,0.74,0.6,0.5,115.5,-3.3,0.051,0.043,0.124
201142,Kevin Durant,1610612751,BKN,2021-22,0.634,0.57,0.31,6.4,1.84,0.9,0.9,109.7,6.5,0.18,0.015,0.166
1628989,Kevin Huerter,1610612737,ATL,2021-22,0.57,0.559,0.169,2.7,2.23,0.7,0.4,112.5,3.8,0.072,0.014,0.098
1628995,Kevin Knox II,1610612737,ATL,2021-22,0.491,0.453,0.187,0.3,1.43,0.1,0.1,113.7,-15.1,0.067,0.055,0.127
201567,Kevin Love,1610612739,CLE,2021-22,0.594,0.553,0.239,2.2,1.63,0.4,0.2,107.4,1.5,0.152,0.051,0.258
1630698,Kevin Pangos,1610612739,CLE,2021-22,0.408,0.391,0.143,1.3,4.29,0.1,0.0,117.1,-12.1,0.046,0.012,0.057
1629645,Kevin Porter Jr.,1610612745,HOU,2021-22,0.531,0.511,0.239,6.2,1.96,1.1,0.4,114.9,-6.7,0.096,0.022,0.111
1626172,Kevon Looney,1610612744,GSW,2021-22,0.586,0.571,0.12,2.0,2.46,0.6,0.6,107.2,6.0,0.102,0.12,0.21
203920,Khem Birch,1610612761,TOR,2021-22,0.534,0.485,0.108,1.0,1.93,0.5,0.5,112.4,-0.1,0.068,0.112,0.128
203114,Khris Middleton,1610612749,MIL,2021-22,0.577,0.522,0.255,5.4,1.88,1.2,0.3,109.6,5.4,0.122,0.019,0.136
1630165,Killian Hayes,1610612765,DET,2021-22,0.461,0.431,0.154,4.2,2.5,1.2,0.5,112.9,-10.3,0.066,0.02,0.108
1629681,Killian Tillie,1610612763,MEM,2021-22,0.452,0.445,0.128,0.6,1.69,0.6,0.4,105.8,3.4,0.034,0.04,0.085
1630184,Kira Lewis Jr.,1610612740,NOP,2021-22,0.466,0.449,0.209,2.0,1.88,0.5,0.0,109.0,-14.1,0.079,0.023,0.083
202691,Klay Thompson,1610612744,GSW,2021-22,0.547,0.529,0.284,2.8,2.05,0.5,0.5,108.0,3.3,0.114,0.015,0.106
1627739,Kris Dunn,1610612757,POR,2021-22,0.482,0.436,0.176,5.6,2.47,1.6,0.2,117.8,-12.0,0.088,0.027,0.12
204001,Kristaps Porziņģis,1610612764,WAS,2021-22,0.577,0.51,0.286,2.3,1.47,0.7,1.6,109.5,0.4,0.15,0.068,0.204
203937,Kyle Anderson,1610612763,MEM,2021-22,0.506,0.484,0.156,2.7,2.58,1.1,0.7,108.3,2.0,0.105,0.041,0.196
1629657,Kyle Guy,1610612748,MIA,2021-22,0.526,0.508,0.182,0.9,1.31,0.4,0.1,110.1,-13.6,0.064,0.02,0.069
1628398,Kyle Kuzma,1610612764,WAS,2021-22,0.547,0.52,0.238,3.5,1.38,0.6,0.9,114.3,-6.1,0.118,0.032,0.213
200768,Kyle Lowry,1610612748,MIA,2021-22,0.6,0.555,0.178,7.5,2.82,1.1,0.3,106.6,5.9,0.112,0.016,0.116
202681,Kyrie Irving,1610612751,BKN,2021-22,0.592,0.55,0.283,5.8,2.29,1.4,0.6,113.8,5.2,0.135,0.015,0.096
200746,LaMarcus Aldridge,1610612751,BKN,2021-22,0.604,0.566,0.219,0.9,0.95,0.3,1.0,111.1,0.1,0.128,0.071,0.16
1630163,LaMelo Ball,1610612766,CHA,2021-22,0.554,0.517,0.271,7.6,2.33,1.6,0.4,112.5,1.5,0.132,0.042,0.157
1630205,Lamar Stevens,1610612739,CLE,2021-22,0.544,0.517,0.169,0.7,1.07,0.5,0.3,109.7,-1.3,0.068,0.048,0.112
202362,Lance Stephenson,1610612754,IND,2021-22,0.536,0.497,0.219,3.6,2.29,0.5,0.1,117.4,-7.0,0.096,0.014,0.149
1629013,Landry Shamet,1610612756,PHX,2021-22,0.55,0.521,0.16,1.6,2.63,0.4,0.1,102.9,4.9,0.069,0.01,0.072
204038,Langston Galloway,1610612749,MIL,2021-22,0.269,0.269,0.118,1.7,2.0,0.1,0.0,100.0,-6.6,0.029,0.023,0.106
1626204,Larry Nance Jr.,1610612740,NOP,2021-22,0.59,0.569,0.128,1.8,2.19,0.9,0.4,112.6,-1.9,0.098,0.069,0.173
1628374,Lauri Markkanen,1610612739,CLE,2021-22,0.582,0.542,0.192,1.3,1.5,0.7,0.5,109.9,3.9,0.097,0.033,0.147
2544,LeBron James,1610612747,LAL,2021-22,0.619,0.59,0.317,6.2,1.78,1.3,1.1,113.5,-2.5,0.18,0.031,0.185
1630195,Leandro Bolmaro,1610612750,MIN,2021-22,0.419,0.361,0.122,0.6,1.62,0.2,0.0,102.5,0.2,0.038,0.062,0.107
1629623,Lindell Wigginton,1610612749,MIL,2021-22,0.524,0.5,0.183,1.2,1.92,0.3,0.1,119.2,-11.8,0.06,0.015,0.106
1630322,Lindy Waters III,1610612760,OKC,2021-22,0.562,0.557,0.166,1.0,2.18,0.8,0.3,113.2,-4.7,0.082,0.012,0.14
1629022,Lonnie Walker IV,1610612759,SAS,2021-22,0.512,0.48,0.232,2.2,2.14,0.6,0.3,111.5,-3.0,0.083,0.01,0.095
1628366,Lonzo Ball,1610612741,CHI,2021-22,0.575,0.567,0.17,5.1,2.17,1.8,0.9,107.0,3.1,0.097,0.029,0.125
101150,Lou Williams,1610612737,ATL,2021-22,0.5,0.448,0.215,1.9,2.44,0.5,0.1,109.5,0.8,0.083,0.02,0.084
1629663,Louis King,1610612758,SAC,2021-22,0.438,0.404,0.195,0.9,0.0,0.2,0.1,115.0,-11.9,0.047,0.0,0.115
1629652,Luguentz Dort,1610612760,OKC,2021-22,0.541,0.493,0.228,1.7,1.0,0.9,0.4,110.1,-8.1,0.077,0.02,0.097
1629029,Luka Dončić,1610612742,DAL,2021-22,0.571,0.529,0.368,8.7,1.95,1.2,0.6,110.3,3.5,0.191,0.025,0.23
1630568,Luka Garza,1610612765,DET,2021-22,0.535,0.503,0.195,0.6,1.11,0.3,0.2,110.9,-6.3,0.075,0.13,0.116
1628379,Luke Kennard,1610612746,LAC,2021-22,0.619,0.598,0.16,2.1,2.43,0.6,0.1,106.6,3.4,0.095,0.01,0.1
1628436,Luke Kornet,1610612738,BOS,2021-22,0.506,0.481,0.112,0.6,0.0,0.2,0.2,106.8,10.4,0.084,0.118,0.142
1630640,MJ Walker,1610612756,PHX,2021-22,0.0,0.0,0.138,0.5,0.0,1.0,0.0,89.5,-19.5,-0.05,0.0,0.143
1630644,Mac McClung,1610612747,LAL,2021-22,0.621,0.583,0.164,0.5,0.33,0.5,0.5,105.4,19.2,0.024,0.0,0.107
1630201,Malachi Flynn,1610612761,TOR,2021-22,0.488,0.475,0.157,1.6,5.38,0.5,0.1,111.8,-2.6,0.074,0.016,0.097
1627763,Malcolm Brogdon,1610612754,IND,2021-22,0.557,0.501,0.241,5.9,2.75,0.8,0.4,111.1,-0.4,0.129,0.026,0.121
1630792,Malcolm Hill,1610612741,CHI,2021-22,0.619,0.587,0.118,0.4,2.67,0.4,0.2,114.7,-7.3,0.063,0.051,0.118
1627736,Malik Beasley,1610612750,MIN,2021-22,0.544,0.532,0.189,1.5,2.7,0.5,0.2,110.1,2.0,0.081,0.012,0.1
1630238,Malik Fitts,1610612738,BOS,2021-22,0.553,0.553,0.139,0.3,2.5,0.0,0.0,109.7,-16.3,0.103,0.033,0.185
1628370,Malik Monk,1610612747,LAL,2021-22,0.597,0.578,0.195,2.9,1.79,0.8,0.4,112.9,0.3,0.093,0.017,0.099
1629005,Malik Newman,1610612739,CLE,2021-22,0.68,0.6,0.438,1.0,1.0,0.0,0.0,83.3,8.3,0.519,0.0,0.1
1629603,Mamadi Diakite,1610612760,OKC,2021-22,0.54,0.532,0.136,0.2,0.29,0.4,0.7,98.9,-3.2,0.08,0.084,0.216
1630585,Marcus Garrett,1610612748,MIA,2021-22,0.28,0.262,0.086,0.6,3.5,0.4,0.3,108.3,5.8,0.016,0.072,0.108
202694,Marcus Morris Sr.,1610612746,LAC,2021-22,0.549,0.507,0.228,2.1,1.64,0.5,0.3,114.0,-4.8,0.095,0.016,0.129
203935,Marcus Smart,1610612738,BOS,2021-22,0.54,0.501,0.179,5.9,2.62,1.7,0.3,105.2,9.3,0.095,0.018,0.093
1628365,Markelle Fultz,1610612753,ORL,2021-22,0.517,0.486,0.265,5.5,2.48,1.1,0.3,109.1,-5.3,0.134,0.01,0.116
202693,Markieff Morris,1610612748,MIA,2021-22,0.547,0.531,0.197,1.4,1.15,0.4,0.1,107.9,4.5,0.066,0.059,0.089
1630250,Marko Simonovic,1610612741,CHI,2021-22,0.428,0.3,0.247,0.0,0.0,0.1,0.1,104.2,1.2,0.033,0.122,0.119
1630210,Markus Howard,1610612743,DEN,2021-22,0.567,0.525,0.264,0.2,1.0,0.3,0.0,112.8,-4.9,0.087,0.01,0.064
1627737,Marquese Chriss,1610612742,DAL,2021-22,0.518,0.493,0.205,0.5,1.0,0.4,0.4,107.5,-2.1,0.082,0.096,0.197
1628963,Marvin Bagley III,1610612765,DET,2021-22,0.551,0.53,0.191,0.8,0.92,0.5,0.4,114.9,-5.6,0.108,0.084,0.2
1630222,Mason Jones,1610612747,LAL,2021-22,0.625,0.5,0.18,1.0,4.0,0.5,0.0,91.9,22.8,0.126,0.02,0.148
203486,Mason Plumlee,1610612766,CHA,2021-22,0.603,0.641,0.117,3.1,2.26,0.8,0.7,109.6,0.9,0.093,0.091,0.205
1629680,Matisse Thybulle,1610612755,PHI,2021-22,0.594,0.575,0.095,1.1,1.92,1.7,1.1,107.2,3.8,0.057,0.026,0.064
1629760,Matt Mooney,1610612752,NYK,2021-22,0.0,0.0,0.4,0.0,0.0,1.0,0.0,140.0,-100.0,-0.091,0.0,0.0
1630346,Matt Ryan,1610612738,BOS,2021-22,0.3,0.3,0.357,0.0,0.0,1.0,0.0,91.7,25.0,0.0,0.0,0.0
1629744,Matt Thomas,1610612741,CHI,2021-22,0.564,0.541,0.137,0.5,2.5,0.2,0.1,108.5,1.1,0.068,0.007,0.096
203090,Maurice Harkless,1610612758,SAC,2021-22,0.561,0.544,0.112,0.5,0.74,0.6,0.5,110.8,-4.2,0.048,0.014,0.114
1629622,Max Strus,1610612748,MIA,2021-22,0.614,0.602,0.177,1.4,1.61,0.4,0.2,108.1,5.6,0.086,0.016,0.112
1628467,Maxi Kleber,1610612742,DAL,2021-22,0.537,0.516,0.131,1.2,1.45,0.5,1.0,105.3,3.9,0.081,0.047,0.182
1630593,McKinley Wright IV,1610612750,MIN,2021-22,0.833,0.833,0.082,0.6,3.0,0.0,0.0,128.2,-25.8,0.06,0.0,0.0
1628982,Melvin Frazier Jr.,1610612760,OKC,2021-22,0.313,0.281,0.191,0.3,0.33,0.3,0.0,130.3,-38.8,-0.007,0.033,0.072
1630695,Micah Potter,1610612765,DET,2021-22,0.505,0.455,0.148,0.0,0.0,0.3,0.3,116.7,-56.4,0.093,0.095,0.125
1629008,Michael Porter Jr.,1610612743,DEN,2021-22,0.416,0.408,0.192,1.9,1.42,1.1,0.2,94.7,9.8,0.074,0.035,0.172
1628969,Mikal Bridges,1610612756,PHX,2021-22,0.627,0.601,0.149,2.3,2.72,1.2,0.4,106.9,9.8,0.091,0.027,0.089
201144,Mike Conley,1610612762,UTA,2021-22,0.572,0.542,0.202,5.3,3.13,1.3,0.3,104.9,7.7,0.113,0.023,0.079
203488,Mike Muscala,1610612760,OKC,2021-22,0.63,0.597,0.198,0.5,1.57,0.4,0.6,104.9,1.8,0.131,0.032,0.166
1628970,Miles Bridges,1610612766,CHA,2021-22,0.593,0.554,0.224,3.8,2.0,0.9,0.8,112.4,2.1,0.12,0.03,0.158
1630540,Miles McBride,1610612752,NYK,2021-22,0.393,0.375,0.137,1.0,8.2,0.4,0.0,100.1,13.0,0.041,0.011,0.097
1629011,Mitchell Robinson,1610612752,NYK,2021-22,0.722,0.761,0.11,0.5,0.63,0.8,1.8,111.2,-2.1,0.114,0.145,0.171
1629671,Miye Oni,1610612762,UTA,2021-22,0.265,0.278,0.095,0.3,5.0,0.0,0.0,118.8,-33.3,0.003,0.024,0.118
1628964,Mo Bamba,1610612753,ORL,2021-22,0.582,0.566,0.17,1.2,1.1,0.5,1.7,111.3,-9.6,0.114,0.077,0.214
1626149,Montrezl Harrell,1610612766,CHA,2021-22,0.68,0.649,0.198,2.0,2.01,0.4,0.6,108.5,3.0,0.15,0.092,0.163
1628420,Monté Morris,1610612743,DEN,2021-22,0.583,0.564,0.173,4.4,4.27,0.7,0.2,110.4,6.0,0.098,0.013,0.087
1629021,Moritz Wagner,1610612753,ORL,2021-22,0.623,0.581,0.224,1.4,1.55,0.3,0.2,112.6,-7.2,0.124,0.041,0.19
1629650,Moses Brown,1610612739,CLE,2021-22,0.612,0.593,0.199,0.0,0.05,0.2,0.4,108.5,-6.2,0.117,0.11,0.257
1630541,Moses Moody,1610612744,GSW,2021-22,0.573,0.546,0.148,0.4,1.77,0.1,0.2,108.9,-4.0,0.069,0.028,0.098
1630589,Moses Wright,1610612742,DAL,2021-22,0.47,0.25,0.139,0.5,0.0,0.0,0.3,121.9,-21.9,0.106,0.083,0.143
1628539,Mychal Mulder,1610612748,MIA,2021-22,0.438,0.422,0.153,0.3,0.63,0.2,0.1,110.8,-10.3,0.03,0.007,0.089
1629619,Myles Powell,1610612755,PHI,2021-22,0.364,0.324,0.163,0.3,1.0,0.1,0.0,121.4,-15.1,-0.003,0.019,0.098
1626167,Myles Turner,1610612754,IND,2021-22,0.615,0.587,0.173,1.0,0.81,0.7,2.8,109.9,-0.3,0.111,0.052,0.188
1630230,Naji Marshall,1610612740,NOP,2021-22,0.505,0.444,0.197,1.1,1.35,0.6,0.1,108.0,-2.2,0.082,0.047,0.142
1629642,Nassir Little,1610612757,POR,2021-22,0.575,0.541,0.155,1.3,1.35,0.6,0.9,111.1,-0.9,0.091,0.052,0.158
1630207,Nate Hinton,1610612754,IND,2021-22,0.0,0.0,0.25,0.0,0.0,0.0,0.0,57.1,76.2,-0.222,0.0,0.0
1630233,Nathan Knight,1610612750,MIN,2021-22,0.603,0.534,0.203,0.6,1.22,0.2,0.2,101.9,3.6,0.121,0.114,0.174
1629675,Naz Reid,1610612750,MIN,2021-22,0.588,0.549,0.209,0.9,0.87,0.5,0.9,107.9,-2.4,0.103,0.074,0.161
1629674,Neemias Queta,1610612758,SAC,2021-22,0.495,0.447,0.176,0.4,1.0,0.1,0.5,108.4,-4.1,0.062,0.104,0.144
202357,Nemanja Bjelica,1610612744,GSW,2021-22,0.573,0.547,0.175,2.2,1.83,0.6,0.4,104.0,5.2,0.11,0.055,0.187
203457,Nerlens Noel,1610612752,NYK,2021-22,0.581,0.533,0.072,0.9,1.15,1.2,1.2,109.8,-5.7,0.069,0.084,0.161
1629651,Nic Claxton,1610612751,BKN,2021-22,0.672,0.674,0.15,0.9,1.13,0.5,1.1,109.8,-0.4,0.114,0.098,0.157
1630208,Nick Richards,1610612766,CHA,2021-22,0.689,0.667,0.147,0.3,0.54,0.2,0.4,115.4,-13.0,0.086,0.086,0.137
1629638,Nickeil Alexander-Walker,1610612762,UTA,2021-22,0.475,0.449,0.237,2.4,1.68,0.7,0.4,110.7,-3.1,0.072,0.024,0.103
201587,Nicolas Batum,1610612746,LAC,2021-22,0.608,0.602,0.13,1.7,2.5,1.0,0.7,109.8,-4.4,0.096,0.019,0.146
203917,Nik Stauskas,1610612738,BOS,2021-22,0.541,0.5,0.184,0.3,2.0,0.0,0.0,90.2,19.3,0.067,0.024,0.049
203999,Nikola Jokić,1610612743,DEN,2021-22,0.661,0.62,0.309,7.9,2.08,1.5,0.9,108.9,8.4,0.23,0.09,0.313
202696,Nikola Vučević,1610612741,CHI,2021-22,0.533,0.518,0.244,3.2,1.74,1.0,1.0,112.8,-1.6,0.132,0.06,0.274
1626181,Norman Powell,1610612746,LAC,2021-22,0.603,0.549,0.231,2.1,1.39,0.9,0.5,118.7,-8.1,0.094,0.013,0.089
203658,Norvel Pelle,1610612762,UTA,2021-22,0.6,0.6,0.152,0.0,0.0,0.0,0.3,107.9,-54.2,0.122,0.15,0.158
1628384,OG Anunoby,1610612761,TOR,2021-22,0.549,0.526,0.204,2.6,1.56,1.5,0.5,108.1,3.9,0.092,0.04,0.116
1630167,Obi Toppin,1610612752,NYK,2021-22,0.614,0.586,0.205,1.1,1.38,0.3,0.5,104.0,6.9,0.129,0.056,0.155
1630846,Olivier Sarr,1610612760,OKC,2021-22,0.672,0.639,0.136,0.9,0.86,0.3,0.7,108.0,-2.0,0.079,0.078,0.133
1630209,Omer Yurtseven,1610612748,MIA,2021-22,0.546,0.528,0.19,0.9,1.2,0.3,0.4,108.0,5.3,0.127,0.12,0.293
1630168,Onyeka Okongwu,1610612737,ATL,2021-22,0.714,0.69,0.137,1.1,1.2,0.6,1.3,109.1,5.5,0.109,0.117,0.163
1629052,Oshae Brissett,1610612754,IND,2021-22,0.53,0.493,0.166,1.1,1.33,0.7,0.4,116.8,-6.0,0.079,0.065,0.165
203490,Otto Porter Jr.,1610612744,GSW,2021-22,0.581,0.56,0.145,1.5,2.54,1.1,0.5,103.3,6.8,0.12,0.06,0.189
200782,P.J. Tucker,1610612748,MIA,2021-22,0.593,0.577,0.116,2.1,2.26,0.8,0.2,107.1,6.2,0.083,0.052,0.146
1629023,P.J. Washington,1610612766,CHA,2021-22,0.588,0.573,0.154,2.3,1.79,0.9,0.9,111.5,3.5,0.085,0.044,0.142
1628408,PJ Dozier,1610612743,DEN,2021-22,0.463,0.439,0.147,1.6,2.23,0.6,0.3,109.5,-12.9,0.068,0.038,0.144
1628238,Paris Bass,1610612756,PHX,2021-22,0.436,0.333,0.36,0.0,0.0,0.5,0.0,93.8,0.7,0.089,0.2,0.222
1627783,Pascal Siakam,1610612761,TOR,2021-22,0.565,0.525,0.257,5.3,1.99,1.3,0.6,109.6,4.8,0.139,0.046,0.182
1626192,Pat Connaughton,1610612749,MIL,2021-22,0.62,0.605,0.137,1.3,2.34,0.9,0.2,112.1,-0.7,0.089,0.025,0.13
201976,Patrick Beverley,1610612750,MIN,2021-22,0.539,0.501,0.158,4.6,3.67,1.2,0.9,109.8,3.7,0.094,0.038,0.119
1630172,Patrick Williams,1610612741,CHI,2021-22,0.637,0.603,0.139,0.9,0.94,0.5,0.5,113.3,-5.5,0.078,0.04,0.132
201988,Patty Mills,1610612751,BKN,2021-22,0.563,0.551,0.16,2.3,2.51,0.6,0.2,110.7,1.5,0.066,0.008,0.055
202331,Paul George,1610612746,LAC,2021-22,0.538,0.493,0.329,5.7,1.4,2.2,0.4,103.9,4.2,0.148,0.011,0.171
200794,Paul Millsap,1610612755,PHI,2021-22,0.458,0.426,0.158,0.9,1.53,0.3,0.4,110.4,-3.5,0.064,0.096,0.182
1630194,Paul Reed,1610612755,PHI,2021-22,0.568,0.573,0.151,0.4,1.6,0.9,0.4,113.9,-6.2,0.105,0.137,0.164
1628778,Paul Watson,1610612760,OKC,2021-22,0.432,0.429,0.106,0.9,2.0,0.3,0.3,117.6,-17.9,0.048,0.016,0.145
1630202,Payton Pritchard,1610612738,BOS,2021-22,0.578,0.564,0.18,2.0,3.39,0.4,0.1,107.2,2.2,0.107,0.031,0.093
1627822,Petr Cornelie,1610612743,DEN,2021-22,0.418,0.367,0.208,0.2,0.75,0.1,0.1,96.5,5.8,0.046,0.159,0.219
1630173,Precious Achiuwa,1610612761,TOR,2021-22,0.503,0.486,0.18,1.1,0.98,0.5,0.6,106.7,1.9,0.089,0.075,0.188
1629656,Quentin Grimes,1610612752,NYK,2021-22,0.565,0.557,0.149,1.0,1.57,0.7,0.2,105.0,-3.0,0.07,0.028,0.085
1629683,Quinndary Weatherspoon,1610612744,GSW,2021-22,0.647,0.595,0.15,0.5,1.67,0.1,0.1,119.4,-8.6,0.065,0.029,0.182
1630181,R.J. Hampton,1610612753,ORL,2021-22,0.481,0.453,0.18,2.5,1.82,0.7,0.2,113.5,-14.5,0.065,0.015,0.12
1629628,RJ Barrett,1610612752,NYK,2021-22,0.511,0.466,0.268,3.0,1.38,0.6,0.2,111.6,-3.3,0.099,0.025,0.136
200765,Rajon Rondo,1610612739,CLE,2021-22,0.496,0.474,0.152,4.4,2.5,0.8,0.2,106.8,-7.8,0.096,0.02,0.118
203526,Raul Neto,1610612764,WAS,2021-22,0.538,0.502,0.18,3.1,2.75,0.8,0.0,112.9,-3.3,0.085,0.01,0.089
1629730,Rayjon Tucker,1610612749,MIL,2021-22,0.869,0.889,0.075,2.0,10.0,0.8,0.0,117.5,-2.7,0.085,0.051,0.076
203493,Reggie Bullock Jr.,1610612742,DAL,2021-22,0.558,0.542,0.128,1.2,2.08,0.6,0.2,106.7,6.6,0.065,0.017,0.106
202704,Reggie Jackson,1610612746,LAC,2021-22,0.488,0.46,0.273,4.8,2.08,0.7,0.2,109.4,-1.3,0.088,0.016,0.092
1629617,Reggie Perry,1610612757,POR,2021-22,0.537,0.525,0.222,1.2,1.09,0.9,0.6,117.1,-16.6,0.091,0.074,0.165
1626158,Richaun Holmes,1610612758,SAC,2021-22,0.689,0.663,0.153,1.1,0.86,0.4,0.9,113.0,-5.8,0.116,0.082,0.198
201937,Ricky Rubio,1610612754,IND,2021-22,0.488,0.434,0.234,6.6,2.5,1.4,0.2,99.5,9.1,0.111,0.015,0.122
1630306,Rob Edwards,1610612760,OKC,2021-22,0.375,0.375,0.227,0.0,0.0,0.0,0.0,109.1,-59.1,0.08,0.0,0.214
203496,Robert Covington,1610612746,LAC,2021-22,0.572,0.548,0.134,1.3,1.23,1.5,1.3,110.2,0.6,0.08,0.03,0.167
1629057,Robert Williams III,1610612738,BOS,2021-22,0.745,0.736,0.112,2.0,1.92,0.9,2.2,103.4,10.0,0.14,0.131,0.178
1630218,Robert Woodard II,1610612759,SAS,2021-22,0.207,0.156,0.158,0.3,3.0,0.1,0.1,94.4,16.7,0.014,0.086,0.146
201577,Robin Lopez,1610612753,ORL,2021-22,0.57,0.558,0.182,1.5,1.23,0.1,0.5,109.7,-6.4,0.076,0.098,0.089
203918,Rodney Hood,1610612746,LAC,2021-22,0.493,0.465,0.106,0.7,3.45,0.3,0.1,107.9,0.8,0.051,0.021,0.081
203585,Rodney McGruder,1610612765,DET,2021-22,0.577,0.564,0.142,0.9,2.0,0.4,0.1,108.7,-3.7,0.077,0.037,0.104
1629641,Romeo Langford,1610612759,SAS,2021-22,0.52,0.51,0.123,0.4,1.31,0.5,0.3,103.1,1.0,0.061,0.035,0.092
1626220,Royce O'Neale,1610612762,UTA,2021-22,0.608,0.591,0.098,2.5,2.42,1.1,0.4,110.5,5.3,0.069,0.027,0.12
1630612,Ruben Nembhard Jr.,1610612739,CLE,2021-22,0.38,0.333,0.16,0.9,4.0,0.1,0.0,91.1,-8.4,0.097,0.042,0.056
200752,Rudy Gay,1610612762,UTA,2021-22,0.539,0.507,0.185,1.0,1.19,0.5,0.3,104.9,8.7,0.09,0.05,0.166
203497,Rudy Gobert,1610612762,UTA,2021-22,0.732,0.713,0.166,1.1,0.61,0.7,2.1,104.5,9.6,0.177,0.114,0.312
1629060,Rui Hachimura,1610612764,WAS,2021-22,0.579,0.563,0.205,1.1,1.45,0.5,0.2,115.8,-7.1,0.099,0.027,0.143
201566,Russell Westbrook,1610612747,LAL,2021-22,0.512,0.476,0.264,7.1,1.86,1.0,0.3,111.5,-4.0,0.113,0.039,0.165
1627853,Ryan Arcidiacono,1610612752,NYK,2021-22,0.667,0.667,0.085,0.4,1.33,0.1,0.0,99.4,-8.2,0.063,0.0,0.105
1630240,Saben Lee,1610612765,DET,2021-22,0.499,0.429,0.169,2.9,2.97,1.0,0.3,110.8,-5.7,0.1,0.026,0.113
1630180,Saddiq Bey,1610612765,DET,2021-22,0.529,0.489,0.209,2.8,2.43,0.9,0.2,114.0,-9.3,0.1,0.035,0.125
1626155,Sam Dekker,1610612761,TOR,2021-22,0.0,0.0,0.0,0.0,0.0,0.0,0.0,250.0,-250.0,0.0,0.0,0.0
1630573,Sam Hauser,1610612738,BOS,2021-22,0.65,0.65,0.136,0.4,5.0,0.0,0.1,106.0,-0.3,0.104,0.03,0.133
1630241,Sam Merrill,1610612763,MEM,2021-22,0.485,0.479,0.178,0.7,2.0,0.0,0.0,112.7,-11.1,0.054,0.012,0.107
1630572,Sandro Mamukelashvili,1610612749,MIL,2021-22,0.618,0.591,0.142,0.5,1.47,0.2,0.2,117.3,-17.6,0.09,0.079,0.116
1630583,Santi Aldama,1610612763,MEM,2021-22,0.452,0.424,0.174,0.7,1.31,0.2,0.3,104.6,1.3,0.066,0.077,0.15
1630567,Scottie Barnes,1610612761,TOR,2021-22,0.552,0.524,0.187,3.5,1.88,1.1,0.7,108.4,1.8,0.109,0.068,0.141
1630575,Scottie Lewis,1610612766,CHA,2021-22,0.568,0.0,0.059,0.5,0.0,0.5,0.0,111.8,-11.8,0.08,0.0,0.0
203816,Scotty Hopson,1610612760,OKC,2021-22,0.5,0.5,0.143,1.0,0.5,0.0,0.0,100.0,-18.4,0.018,0.0,0.043
1629635,Sekou Doumbouya,1610612747,LAL,2021-22,0.717,0.688,0.286,0.0,0.0,1.5,1.0,40.5,67.8,0.376,0.111,0.182
1628400,Semi Ojeleye,1610612746,LAC,2021-22,0.438,0.379,0.126,0.3,1.0,0.2,0.2,114.4,-16.6,0.041,0.057,0.111
201586,Serge Ibaka,1610612749,MIL,2021-22,0.579,0.563,0.172,0.9,1.14,0.2,0.6,108.9,-3.0,0.096,0.07,0.197
203552,Seth Curry,1610612751,BKN,2021-22,0.615,0.594,0.182,3.6,2.11,0.8,0.2,109.2,4.5,0.092,0.01,0.082
1628983,Shai Gilgeous-Alexander,1610612760,OKC,2021-22,0.557,0.496,0.298,5.9,2.15,1.3,0.8,113.0,-6.4,0.134,0.017,0.114
1629003,Shake Milton,1610612755,PHI,2021-22,0.517,0.483,0.174,2.5,3.16,0.5,0.3,109.6,-1.0,0.079,0.025,0.094
1629783,Shaq Buchanan,1610612763,MEM,2021-22,0.25,0.25,0.214,1.0,1.0,0.5,0.0,117.4,-8.7,0.012,0.091,0.143
1627885,Shaquille Harrison,1610612751,BKN,2021-22,0.333,0.333,0.148,1.5,1.5,0.5,0.5,104.3,-12.4,0.038,0.053,0.125
1630536,Sharife Cooper,1610612737,ATL,2021-22,0.25,0.25,0.202,0.4,1.0,0.0,0.0,106.0,-43.9,0.0,0.0,0.147
1630219,Skylar Mays,1610612737,ATL,2021-22,0.589,0.563,0.149,0.6,1.7,0.3,0.0,117.5,-12.9,0.077,0.022,0.091
203524,Solomon Hill,1610612737,ATL,2021-22,0.2,0.2,0.064,0.9,12.0,0.3,0.2,95.1,14.3,0.021,0.043,0.115
203915,Spencer Dinwiddie,1610612742,DAL,2021-22,0.543,0.493,0.208,5.2,3.33,0.7,0.2,109.4,-1.0,0.107,0.022,0.111
1626169,Stanley Johnson,1610612747,LAL,2021-22,0.564,0.532,0.125,1.7,2.29,0.9,0.3,115.2,-1.1,0.06,0.032,0.109
201939,Stephen Curry,1610612744,GSW,2021-22,0.601,0.554,0.293,6.3,1.96,1.3,0.4,103.4,10.7,0.155,0.015,0.126
1628425,Sterling Brown,1610612742,DAL,2021-22,0.495,0.471,0.124,0.7,1.48,0.3,0.1,103.1,2.3,0.073,0.039,0.188
203500,Steven Adams,1610612763,MEM,2021-22,0.56,0.547,0.118,3.4,2.23,0.9,0.8,109.5,8.3,0.108,0.159,0.198
1629004,Svi Mykhailiuk,1610612761,TOR,2021-22,0.509,0.476,0.161,0.8,1.41,0.5,0.1,109.5,-5.9,0.064,0.024,0.101
204456,T.J. McConnell,1610612754,IND,2021-22,0.525,0.505,0.157,4.9,4.52,1.1,0.4,112.3,-5.5,0.104,0.029,0.11
1629605,Tacko Fall,1610612739,CLE,2021-22,0.398,0.417,0.124,0.2,0.67,0.0,0.5,100.8,-0.8,0.091,0.115,0.271
201959,Taj Gibson,1610612752,NYK,2021-22,0.606,0.563,0.099,0.6,1.19,0.4,0.8,104.2,3.3,0.069,0.088,0.139
1629659,Talen Horton-Tucker,1610612747,LAL,2021-22,0.503,0.462,0.189,2.7,1.94,1.0,0.5,110.1,-2.2,0.07,0.024,0.1
1627752,Taurean Prince,1610612750,MIN,2021-22,0.589,0.564,0.166,1.0,1.28,0.7,0.3,110.9,0.7,0.076,0.021,0.12
1629611,Terance Mann,1610612746,LAC,2021-22,0.572,0.539,0.157,2.6,2.49,0.7,0.3,107.1,1.5,0.095,0.044,0.127
1629056,Terence Davis,1610612758,SAC,2021-22,0.543,0.515,0.244,1.3,1.21,0.8,0.4,109.0,4.4,0.091,0.019,0.138
203082,Terrence Ross,1610612753,ORL,2021-22,0.515,0.467,0.196,1.8,1.55,0.4,0.2,113.8,-11.9,0.075,0.013,0.094
1626179,Terry Rozier,1610612766,CHA,2021-22,0.566,0.539,0.227,4.5,3.4,1.3,0.3,112.0,1.4,0.114,0.021,0.101
1630678,Terry Taylor,1610612754,IND,2021-22,0.656,0.641,0.151,1.2,1.78,0.4,0.2,119.1,-6.9,0.097,0.129,0.117
201152,Thaddeus Young,1610612761,TOR,2021-22,0.548,0.55,0.169,2.0,2.0,1.0,0.3,106.3,-0.2,0.109,0.088,0.152
203648,Thanasis Antetokounmpo,1610612749,MIL,2021-22,0.577,0.555,0.155,0.5,0.85,0.3,0.3,114.4,-10.1,0.067,0.083,0.129
1630177,Theo Maledon,1610612760,OKC,2021-22,0.5,0.445,0.201,2.2,1.71,0.6,0.2,112.3,-10.5,0.075,0.02,0.118
1629033,Theo Pinson,1610612742,DAL,2021-22,0.553,0.487,0.138,0.9,3.4,0.3,0.1,107.6,-12.4,0.087,0.012,0.124
1628418,Thomas Bryant,1610612764,WAS,2021-22,0.607,0.561,0.188,0.9,1.21,0.2,0.8,112.8,-9.1,0.106,0.06,0.187
204025,Tim Frazier,1610612739,CLE,2021-22,0.398,0.378,0.137,2.8,2.27,0.3,0.1,110.2,-17.5,0.023,0.024,0.066
203501,Tim Hardaway Jr.,1610612742,DAL,2021-22,0.52,0.491,0.214,2.2,2.71,0.9,0.1,107.7,1.3,0.089,0.01,0.114
1627789,Timothe Luwawu-Cabarrot,1610612737,ATL,2021-22,0.556,0.516,0.135,0.8,2.0,0.3,0.1,113.2,-3.5,0.049,0.024,0.094
202699,Tobias Harris,1610612755,PHI,2021-22,0.566,0.532,0.214,3.5,2.17,0.6,0.6,110.0,3.2,0.115,0.032,0.164
203107,Tomas Satoransky,1610612764,WAS,2021-22,0.461,0.406,0.124,3.3,4.0,0.5,0.1,112.4,-8.0,0.076,0.029,0.11
1628396,Tony Bradley,1610612741,CHI,2021-22,0.6,0.585,0.128,0.5,0.79,0.2,0.6,105.0,5.2,0.096,0.123,0.196
203503,Tony Snell,1610612740,NOP,2021-22,0.541,0.535,0.099,0.5,1.47,0.3,0.2,112.6,-7.8,0.043,0.018,0.107
1628470,Torrey Craig,1610612756,PHX,2021-22,0.556,0.541,0.139,1.2,1.36,0.6,0.5,111.8,-5.0,0.073,0.05,0.137
1629027,Trae Young,1610612737,ATL,2021-22,0.603,0.536,0.333,9.7,2.43,0.9,0.1,114.9,2.3,0.161,0.019,0.087
1629309,Trayvon Palmer,1610612765,DET,2021-22,0.0,0.0,0.053,0.0,0.0,0.0,0.0,111.8,-33.0,-0.037,0.0,0.133
1630200,Tre Jones,1610612759,SAS,2021-22,0.545,0.504,0.151,3.4,5.07,0.6,0.1,109.3,-0.5,0.105,0.024,0.103
1630544,Tre Mann,1610612760,OKC,2021-22,0.501,0.476,0.213,1.5,1.28,0.8,0.2,112.0,-10.3,0.069,0.017,0.101
1629682,Tremont Waters,1610612764,WAS,2021-22,0.357,0.357,0.15,2.3,1.75,1.7,0.0,122.5,-17.1,0.034,0.0,0.077
1630570,Trendon Watford,1610612757,POR,2021-22,0.59,0.549,0.169,1.7,1.84,0.5,0.6,118.4,-17.9,0.097,0.06,0.163
1630235,Trent Forrest,1610612762,UTA,2021-22,0.554,0.506,0.124,1.8,2.21,0.5,0.1,108.5,4.5,0.079,0.031,0.093
1630243,Trevelin Queen,1610612745,HOU,2021-22,0.619,0.591,0.219,0.4,0.57,0.5,0.1,107.3,5.6,0.108,0.091,0.134
1630286,Trevon Scott,1610612739,CLE,2021-22,0.5,0.5,0.207,0.0,0.0,0.5,0.5,84.6,19.4,0.098,0.071,0.083
2772,Trevor Ariza,1610612747,LAL,2021-22,0.449,0.434,0.11,1.1,2.45,0.5,0.3,112.2,-5.3,0.059,0.02,0.151
203504,Trey Burke,1610612742,DAL,2021-22,0.475,0.451,0.25,1.4,2.19,0.3,0.0,104.2,-0.5,0.069,0.009,0.064
1626168,Trey Lyles,1610612758,SAC,2021-22,0.588,0.526,0.205,1.2,1.21,0.4,0.4,113.6,-7.2,0.115,0.056,0.189
1630530,Trey Murphy III,1610612740,NOP,2021-22,0.558,0.522,0.147,0.6,2.38,0.4,0.1,107.8,0.3,0.08,0.049,0.122
202684,Tristan Thompson,1610612741,CHI,2021-22,0.541,0.53,0.168,0.6,0.76,0.4,0.4,115.7,-3.6,0.086,0.125,0.196
1628972,Troy Brown Jr.,1610612741,CHI,2021-22,0.525,0.51,0.118,1.0,2.54,0.5,0.1,111.7,-2.3,0.073,0.038,0.154
1629660,Ty Jerome,1610612760,OKC,2021-22,0.488,0.46,0.205,2.3,2.95,0.6,0.1,100.4,-1.5,0.081,0.021,0.072
1629076,Tyler Cook,1610612741,CHI,2021-22,0.643,0.605,0.127,0.2,0.43,0.2,0.2,114.6,-7.5,0.074,0.08,0.2
1629788,Tyler Hall,1610612752,NYK,2021-22,0.0,0.0,0.0,0.0,0.0,0.0,0.0,140.0,-100.0,0.0,0.0,0.0
1629639,Tyler Herro,1610612748,MIA,2021-22,0.561,0.525,0.278,4.0,1.51,0.7,0.1,108.1,5.3,0.129,0.015,0.133
204020,Tyler Johnson,1610612759,SAS,2021-22,0.425,0.425,0.1,1.2,3.5,0.5,0.5,113.8,-1.9,0.04,0.029,0.1
1630179,Tyrell Terry,1610612763,MEM,2021-22,1.0,1.0,0.111,0.0,0.0,0.0,0.0,144.4,-6.9,0.053,0.0,0.0
1630169,Tyrese Haliburton,1610612754,IND,2021-22,0.595,0.562,0.184,8.2,3.16,1.7,0.6,115.9,-6.0,0.122,0.022,0.093
1630178,Tyrese Maxey,1610612755,PHI,2021-22,0.594,0.552,0.199,4.3,3.65,0.7,0.4,109.7,3.6,0.105,0.01,0.08
1627820,Tyrone Wallace,1610612740,NOP,2021-22,0.383,0.4,0.13,0.2,0.5,0.5,0.2,121.4,-9.9,0.011,0.0,0.133
1626145,Tyus Jones,1610612763,MEM,2021-22,0.544,0.524,0.164,4.4,7.04,0.9,0.0,105.5,7.6,0.126,0.01,0.097
1628962,Udoka Azubuike,1610612762,UTA,2021-22,0.743,0.755,0.143,0.0,0.0,0.1,0.6,105.8,2.0,0.118,0.093,0.233
2617,Udonis Haslem,1610612748,MIA,2021-22,0.495,0.468,0.183,0.3,0.8,0.1,0.1,102.3,-9.5,0.085,0.043,0.239
1630586,Usman Garuba,1610612745,HOU,2021-22,0.51,0.489,0.091,0.7,2.83,0.4,0.5,111.5,7.0,0.087,0.083,0.263
1630176,Vernon Carey Jr.,1610612764,WAS,2021-22,0.534,0.538,0.179,0.0,0.0,0.3,0.1,132.3,-47.6,0.055,0.145,0.093
203506,Victor Oladipo,1610612748,MIA,2021-22,0.608,0.582,0.247,3.5,1.75,0.6,0.1,104.7,-1.4,0.13,0.017,0.11
1628427,Vlatko Čančar,1610612743,DEN,2021-22,0.657,0.646,0.131,1.1,1.89,0.1,0.2,104.1,0.8,0.085,0.041,0.133
1630249,Vít Krejčí,1610612760,OKC,2021-22,0.529,0.503,0.125,1.9,1.97,0.6,0.3,116.1,-12.8,0.056,0.024,0.121
201961,Wayne Ellington,1610612747,LAL,2021-22,0.593,0.586,0.135,0.7,1.58,0.5,0.1,111.3,-3.8,0.064,0.012,0.078
1627782,Wayne Selden,1610612752,NYK,2021-22,0.434,0.375,0.136,0.3,0.0,0.0,0.0,115.0,-34.5,0.015,0.0,0.053
1628976,Wendell Carter Jr.,1610612753,ORL,2021-22,0.601,0.576,0.206,2.8,1.46,0.6,0.7,108.8,-3.7,0.144,0.074,0.26
1629117,Wenyen Gabriel,1610612747,LAL,2021-22,0.549,0.527,0.165,0.5,0.88,0.2,0.4,111.4,6.7,0.056,0.105,0.151
1628411,Wes Iwundu,1610612737,ATL,2021-22,0.557,0.528,0.111,0.0,0.0,0.3,0.0,118.4,-1.4,0.041,0.036,0.143
202083,Wesley Matthews,1610612749,MIL,2021-22,0.536,0.516,0.104,0.7,2.0,0.5,0.2,107.7,6.7,0.035,0.029,0.056
203115,Will Barton,1610612743,DEN,2021-22,0.548,0.525,0.205,3.9,2.17,0.8,0.4,110.4,2.0,0.095,0.02,0.128
1626161,Willie Cauley-Stein,1610612755,PHI,2021-22,0.474,0.471,0.099,0.5,1.43,0.3,0.2,98.2,7.2,0.056,0.064,0.144
1626195,Willy Hernangomez,1610612740,NOP,2021-22,0.582,0.526,0.211,1.3,1.24,0.4,0.4,114.2,-1.6,0.131,0.153,0.24
1629875,Xavier Moon,1610612746,LAC,2021-22,0.545,0.539,0.177,2.4,4.0,0.7,0.3,111.5,1.4,0.1,0.014,0.072
1630270,Xavier Sneed,1610612762,UTA,2021-22,0.25,0.25,0.109,0.1,0.0,0.0,0.0,97.6,-3.8,0.006,0.041,0.111
1630214,Xavier Tillman,1610612763,MEM,2021-22,0.51,0.477,0.164,1.2,1.82,0.9,0.3,106.4,-1.4,0.094,0.084,0.138
1629139,Yuta Watanabe,1610612761,TOR,2021-22,0.524,0.504,0.161,0.6,1.11,0.3,0.4,109.6,-3.9,0.075,0.035,0.158
1630582,Yves Pons,1610612763,MEM,2021-22,0.385,0.406,0.096,0.1,1.0,0.1,0.3,106.5,-21.3,0.029,0.055,0.082
1628380,Zach Collins,1610612759,SAS,2021-22,0.594,0.535,0.184,2.2,1.36,0.5,0.8,107.8,3.1,0.107,0.085,0.197
203897,Zach LaVine,1610612741,CHI,2021-22,0.605,0.554,0.284,4.5,1.77,0.6,0.3,113.4,-0.9,0.129,0.01,0.121
1630285,Zavier Simpson,1610612760,OKC,2021-22,0.406,0.375,0.158,7.5,3.0,1.3,1.0,125.1,-26.5,0.059,0.01,0.114
1630192,Zeke Nnaji,1610612743,DEN,2021-22,0.629,0.616,0.146,0.4,0.74,0.4,0.3,110.4,-3.2,0.078,0.077,0.141
1630533,Ziaire Williams,1610612763,MEM,2021-22,0.559,0.54,0.144,1.0,1.59,0.6,0.2,108.8,4.2,0.055,0.017,0.071
1629597,Zylan Cheatham,1610612762,UTA,2021-22,0.0,0.0,0.25,0.0,0.0,0.0,0.0,125.0,-106.8,-0.167,0.0,0.0
1630639,A.J. Lawson,1610612742,DAL,2022-23,0.589,0.614,0.189,0.1,0.67,0.1,0.0,116.4,-20.1,0.076,0.046,0.152
1631260,AJ Green,1610612749,MIL,2022-23,0.607,0.6,0.159,0.6,2.44,0.2,0.0,112.8,-4.9,0.076,0.016,0.105
1631100,AJ Griffin,1610612737,ATL,2022-23,0.577,0.56,0.174,1.0,1.74,0.6,0.2,112.0,1.5,0.077,0.026,0.08
203932,Aaron Gordon,1610612743,DEN,2022-23,0.617,0.603,0.206,3.0,2.07,0.8,0.8,110.9,12.1,0.112,0.086,0.136
1628988,Aaron Holiday,1610612737,ATL,2022-23,0.528,0.5,0.129,1.4,2.47,0.6,0.2,110.0,0.9,0.054,0.028,0.059
1630174,Aaron Nesmith,1610612754,IND,2022-23,0.566,0.525,0.168,1.3,1.31,0.8,0.5,118.5,-4.7,0.059,0.033,0.119
1630598,Aaron Wiggins,1610612760,OKC,2022-23,0.607,0.579,0.143,1.1,1.43,0.6,0.2,111.2,1.5,0.077,0.05,0.109
1629678,Admiral Schofield,1610612753,ORL,2022-23,0.587,0.549,0.139,0.8,1.94,0.2,0.1,113.0,-8.3,0.055,0.047,0.092
201143,Al Horford,1610612738,BOS,2022-23,0.631,0.627,0.119,3.0,5.11,0.5,1.0,111.1,7.8,0.095,0.039,0.159
202692,Alec Burks,1610612765,DET,2022-23,0.602,0.544,0.218,2.2,1.97,0.7,0.2,113.9,-1.0,0.109,0.017,0.124
1630197,Aleksej Pokusevski,1610612760,OKC,2022-23,0.522,0.51,0.179,1.9,1.49,0.6,1.3,118.3,-12.7,0.085,0.058,0.16
1627936,Alex Caruso,1610612741,CHI,2022-23,0.588,0.551,0.109,2.9,2.51,1.5,0.7,106.5,6.1,0.071,0.028,0.099
203458,Alex Len,1610612758,SAC,2022-23,0.58,0.533,0.132,0.5,0.75,0.2,0.4,100.0,6.6,0.075,0.143,0.194
1628993,Alize Johnson,1610612759,SAS,2022-23,0.509,0.5,0.145,0.3,0.25,0.3,0.0,92.1,19.0,0.07,0.063,0.211
1631214,Alondes Williams,1610612751,BKN,2022-23,0.0,0.0,0.143,0.0,0.0,0.0,0.0,136.4,-53.0,-0.108,0.0,0.25
1630578,Alperen Sengun,1610612745,HOU,2022-23,0.599,0.565,0.211,3.9,1.51,0.9,0.9,120.3,-7.8,0.125,0.107,0.204
1629599,Amir Coffey,1610612746,LAC,2022-23,0.498,0.424,0.128,1.1,2.52,0.1,0.1,113.1,-8.9,0.042,0.026,0.055
203083,Andre Drummond,1610612741,CHI,2022-23,0.606,0.606,0.196,0.5,0.44,0.7,0.4,106.0,2.6,0.156,0.16,0.353
2738,Andre Iguodala,1610612744,GSW,2022-23,0.521,0.5,0.089,2.4,2.11,0.5,0.4,104.7,12.0,0.052,0.027,0.113
1629614,Andrew Nembhard,1610612754,IND,2022-23,0.528,0.512,0.159,4.5,2.71,0.9,0.2,118.2,-5.9,0.068,0.016,0.078
203952,Andrew Wiggins,1610612744,GSW,2022-23,0.564,0.557,0.212,2.3,1.77,1.2,0.8,110.9,5.2,0.088,0.05,0.101
1629014,Anfernee Simons,1610612757,POR,2022-23,0.581,0.548,0.247,4.1,1.98,0.7,0.2,115.7,-1.6,0.097,0.008,0.067
203076,Anthony Davis,1610612747,LAL,2022-23,0.627,0.573,0.277,2.6,1.21,1.1,2.0,109.5,4.8,0.186,0.102,0.248
1630162,Anthony Edwards,1610612750,MIN,2022-23,0.564,0.528,0.292,4.4,1.35,1.6,0.7,111.9,1.9,0.125,0.017,0.139
1630264,Anthony Gill,1610612764,WAS,2022-23,0.604,0.553,0.116,0.6,2.27,0.1,0.2,110.4,-0.8,0.063,0.058,0.1
1630237,Anthony Lamb,1610612744,GSW,2022-23,0.61,0.588,0.136,1.5,1.78,0.5,0.3,110.8,1.7,0.073,0.047,0.129
1630559,Austin Reaves,1610612747,LAL,2022-23,0.687,0.616,0.154,3.4,2.17,0.5,0.3,110.5,4.9,0.1,0.018,0.079
203085,Austin Rivers,1610612750,MIN,2022-23,0.564,0.538,0.104,1.4,3.26,0.5,0.1,114.8,-4.9,0.05,0.005,0.078
1630245,Ayo Dosunmu,1610612741,CHI,2022-23,0.567,0.545,0.145,2.6,2.08,0.8,0.3,110.1,-1.3,0.065,0.022,0.081
1628389,Bam Adebayo,1610612748,MIA,2022-23,0.592,0.541,0.251,3.2,1.28,1.2,0.8,111.2,1.8,0.142,0.073,0.206
1627732,Ben Simmons,1610612751,BKN,2022-23,0.559,0.566,0.142,6.1,2.64,1.3,0.6,112.5,2.1,0.101,0.04,0.186
1631097,Bennedict Mathurin,1610612754,IND,2022-23,0.566,0.487,0.235,1.5,0.76,0.6,0.2,115.8,-4.3,0.087,0.037,0.103
202687,Bismack Biyombo,1610612756,PHX,2022-23,0.555,0.578,0.136,0.9,1.1,0.3,1.4,109.7,3.1,0.086,0.093,0.184
201933,Blake Griffin,1610612738,BOS,2022-23,0.59,0.573,0.125,1.5,2.77,0.3,0.2,106.6,9.9,0.086,0.079,0.195
1631104,Blake Wesley,1610612759,SAS,2022-23,0.393,0.367,0.18,2.6,1.51,0.7,0.1,116.7,-13.4,0.031,0.016,0.101
1626246,Boban Marjanovic,1610612745,HOU,2022-23,0.71,0.683,0.206,0.3,0.64,0.2,0.1,96.1,18.5,0.17,0.121,0.226
1626171,Bobby Portis,1610612749,MIL,2022-23,0.575,0.555,0.211,1.5,1.3,0.4,0.2,112.0,-0.1,0.138,0.08,0.263
203992,Bogdan Bogdanović,1610612737,ATL,2022-23,0.586,0.566,0.196,2.8,2.31,0.8,0.3,116.1,1.2,0.089,0.015,0.093
202711,Bojan Bogdanovic,1610612765,DET,2022-23,0.627,0.57,0.251,2.6,1.13,0.6,0.1,119.5,-8.2,0.116,0.018,0.099
1629626,Bol Bol,1610612753,ORL,2022-23,0.603,0.577,0.177,1.0,0.62,0.4,1.2,112.0,-4.4,0.114,0.046,0.22
1630538,Bones Hyland,1610612746,LAC,2022-23,0.535,0.502,0.271,3.1,2.1,0.7,0.3,118.0,-5.3,0.1,0.019,0.111
203078,Bradley Beal,1610612764,WAS,2022-23,0.593,0.551,0.288,5.4,1.87,0.9,0.7,115.9,0.7,0.129,0.026,0.091
1630527,Brandon Boston,1610612746,LAC,2022-23,0.515,0.467,0.237,0.9,1.67,0.4,0.0,114.5,-7.7,0.081,0.024,0.098
1629634,Brandon Clarke,1610612763,MEM,2022-23,0.681,0.658,0.174,1.3,1.31,0.6,0.7,108.3,0.7,0.134,0.079,0.177
1627742,Brandon Ingram,1610612740,NOP,2022-23,0.582,0.522,0.306,5.8,1.77,0.7,0.4,112.5,3.0,0.144,0.015,0.145
1630296,Braxton Key,1610612765,DET,2022-23,1.064,1.0,0.091,0.0,0.0,0.0,0.0,104.5,-4.5,0.189,0.0,0.067
201572,Brook Lopez,1610612749,MIL,2022-23,0.63,0.606,0.187,1.3,0.93,0.5,2.5,106.6,7.1,0.111,0.064,0.135
1628971,Bruce Brown,1610612743,DEN,2022-23,0.571,0.545,0.174,3.4,2.18,1.1,0.6,113.0,0.8,0.09,0.029,0.116
1628981,Bruno Fernando,1610612737,ATL,2022-23,0.571,0.527,0.159,0.8,1.24,0.2,0.9,114.0,-8.9,0.096,0.123,0.19
1631121,Bryce McGowens,1610612766,CHA,2022-23,0.519,0.46,0.147,1.2,1.26,0.3,0.1,112.3,-9.7,0.053,0.025,0.088
1627854,Bryn Forbes,1610612750,MIN,2022-23,0.497,0.446,0.155,0.7,1.42,0.3,0.1,116.2,-8.5,0.035,0.015,0.04
1631205,Buddy Boeheim,1610612765,DET,2022-23,0.287,0.259,0.131,0.4,0.0,0.2,0.0,103.2,2.7,-0.003,0.022,0.043
1627741,Buddy Hield,1610612754,IND,2022-23,0.614,0.596,0.205,2.8,1.62,1.2,0.3,116.3,-1.9,0.104,0.027,0.132
203468,CJ McCollum,1610612740,NOP,2022-23,0.541,0.515,0.26,5.7,2.34,0.9,0.5,113.5,1.1,0.11,0.021,0.104
1630595,Cade Cunningham,1610612765,DET,2022-23,0.492,0.453,0.287,6.0,1.85,0.8,0.6,117.3,-6.1,0.109,0.027,0.148
1631216,Caleb Houstan,1610612753,ORL,2022-23,0.508,0.489,0.107,0.6,1.67,0.2,0.1,112.9,-5.3,0.038,0.041,0.083
1628997,Caleb Martin,1610612748,MIA,2022-23,0.571,0.54,0.143,1.6,1.48,1.0,0.4,110.7,0.0,0.078,0.044,0.13
1629629,Cam Reddish,1610612757,POR,2022-23,0.561,0.518,0.166,1.4,1.21,1.0,0.4,117.8,-9.0,0.064,0.017,0.07
1630560,Cam Thomas,1610612751,BKN,2022-23,0.567,0.497,0.268,1.4,1.24,0.4,0.1,113.7,-1.6,0.102,0.009,0.089
1629661,Cameron Johnson,1610612751,BKN,2022-23,0.617,0.579,0.202,1.9,2.11,1.2,0.3,108.7,6.6,0.113,0.029,0.12
1626166,Cameron Payne,1610612756,PHX,2022-23,0.512,0.49,0.239,4.5,2.64,0.7,0.2,111.4,4.1,0.097,0.012,0.1
1627747,Caris LeVert,1610612739,CLE,2022-23,0.546,0.517,0.183,3.9,2.47,1.0,0.3,108.5,4.5,0.089,0.024,0.105
1630637,Carlik Jones,1610612741,CHI,2022-23,0.54,0.5,0.153,0.9,3.0,0.3,0.0,93.3,20.7,0.073,0.016,0.069
1626224,Cedi Osman,1610612739,CLE,2022-23,0.579,0.56,0.178,1.5,2.21,0.5,0.1,108.0,7.5,0.082,0.017,0.1
1628435,Chance Comanche,1610612757,POR,2022-23,0.518,0.6,0.14,0.0,0.0,0.0,1.0,163.6,-68.1,0.039,0.08,0.067
1629646,Charles Bassey,1610612759,SAS,2022-23,0.658,0.656,0.152,1.4,1.17,0.5,0.9,111.5,-2.4,0.121,0.14,0.232
1631320,Chima Moneke,1610612758,SAC,2022-23,0.347,0.5,0.25,0.5,0.5,0.0,0.0,129.4,-57.2,-0.105,0.25,0.0
1629002,Chimezie Metu,1610612758,SAC,2022-23,0.639,0.61,0.168,0.6,1.25,0.3,0.3,107.3,6.7,0.117,0.068,0.206
1628449,Chris Boucher,1610612761,TOR,2022-23,0.59,0.552,0.175,0.4,0.71,0.6,0.8,111.6,-1.3,0.112,0.094,0.19
1630537,Chris Duarte,1610612754,IND,2022-23,0.496,0.452,0.181,1.4,1.56,0.5,0.2,115.6,-6.2,0.061,0.02,0.106
101108,Chris Paul,1610612756,PHX,2022-23,0.555,0.513,0.195,8.9,4.6,1.5,0.4,112.5,2.3,0.133,0.014,0.118
1629735,Chris Silva,1610612737,ATL,2022-23,1.0,1.0,0.25,0.0,0.0,0.0,0.0,87.5,12.5,-0.095,0.0,0.0
1631128,Christian Braun,1610612743,DEN,2022-23,0.568,0.554,0.127,0.8,1.69,0.5,0.2,111.3,-4.3,0.067,0.042,0.112
1631132,Christian Koloko,1610612761,TOR,2022-23,0.517,0.483,0.1,0.5,1.55,0.4,1.0,103.7,9.0,0.046,0.094,0.11
1626174,Christian Wood,1610612742,DAL,2022-23,0.624,0.583,0.259,1.8,1.0,0.4,1.1,116.7,-1.3,0.144,0.053,0.238
1629643,Chuma Okeke,1610612753,ORL,2022-23,0.488,0.459,0.121,1.4,2.18,0.7,0.4,116.5,-10.8,0.063,0.049,0.132
203991,Clint Capela,1610612737,ATL,2022-23,0.656,0.653,0.151,0.9,1.07,0.7,1.2,116.4,-1.1,0.135,0.142,0.268
1629632,Coby White,1610612741,CHI,2022-23,0.572,0.551,0.17,2.8,2.76,0.7,0.1,110.1,4.0,0.088,0.009,0.11
1628998,Cody Martin,1610612766,CHA,2022-23,0.448,0.431,0.121,1.6,5.5,0.6,0.1,117.3,-9.7,0.052,0.056,0.109
203469,Cody Zeller,1610612748,MIA,2022-23,0.659,0.627,0.175,0.7,0.71,0.2,0.3,119.0,-10.3,0.093,0.117,0.2
1630175,Cole Anthony,1610612753,ORL,2022-23,0.57,0.516,0.209,3.9,2.58,0.6,0.5,112.5,-0.1,0.116,0.03,0.152
1631306,Cole Swider,1610612747,LAL,2022-23,0.5,0.5,0.089,0.6,0.0,0.0,0.0,113.2,3.3,0.055,0.024,0.158
1629012,Collin Sexton,1610612762,UTA,2022-23,0.616,0.558,0.23,2.9,1.62,0.6,0.1,116.3,0.1,0.097,0.032,0.056
1630557,Corey Kispert,1610612764,WAS,2022-23,0.657,0.637,0.139,1.2,1.58,0.4,0.1,115.6,-3.2,0.073,0.016,0.082
202709,Cory Joseph,1610612765,DET,2022-23,0.558,0.527,0.149,3.5,3.88,0.5,0.1,113.8,-4.1,0.087,0.016,0.07
1626156,D'Angelo Russell,1610612747,LAL,2022-23,0.605,0.572,0.225,6.2,2.35,1.0,0.4,112.1,1.5,0.115,0.016,0.075
1630227,Daishen Nix,1610612745,HOU,2022-23,0.447,0.426,0.149,2.3,1.53,0.5,0.1,114.4,-8.2,0.045,0.018,0.091
1630625,Dalano Banton,1610612761,TOR,2022-23,0.505,0.481,0.229,1.2,2.0,0.4,0.4,110.9,-6.5,0.095,0.036,0.13
1631207,Dalen Terry,1610612741,CHI,2022-23,0.523,0.493,0.173,0.6,2.75,0.3,0.1,101.5,3.3,0.091,0.056,0.117
1627745,Damian Jones,1610612762,UTA,2022-23,0.719,0.698,0.102,0.4,0.65,0.2,0.5,112.6,-9.0,0.081,0.078,0.152
203081,Damian Lillard,1610612757,POR,2022-23,0.645,0.564,0.331,7.3,2.23,0.9,0.3,117.4,2.1,0.173,0.022,0.112
1627814,Damion Lee,1610612756,PHX,2022-23,0.607,0.564,0.155,1.3,1.27,0.4,0.1,107.3,2.7,0.084,0.024,0.124
1629655,Daniel Gafford,1610612764,WAS,2022-23,0.739,0.732,0.146,1.1,0.99,0.4,1.3,114.3,-2.5,0.113,0.103,0.159
1628464,Daniel Theis,1610612754,IND,2022-23,0.497,0.5,0.201,1.3,3.0,0.3,0.9,115.5,-8.2,0.088,0.059,0.147
201980,Danny Green,1610612739,CLE,2022-23,0.617,0.612,0.187,0.5,0.6,0.5,0.3,110.0,-5.5,0.061,0.023,0.08
1627863,Danuel House Jr.,1610612755,PHI,2022-23,0.6,0.566,0.133,0.8,1.69,0.3,0.2,112.5,0.3,0.061,0.012,0.107
203967,Dario Šarić,1610612760,OKC,2022-23,0.583,0.54,0.186,1.3,1.35,0.4,0.1,111.2,1.6,0.099,0.064,0.195
1629647,Darius Bazley,1610612756,PHX,2022-23,0.524,0.508,0.165,0.9,1.41,0.5,0.8,109.2,-3.6,0.088,0.053,0.157
1630620,Darius Days,1610612745,HOU,2022-23,0.582,0.542,0.21,0.3,0.0,0.0,0.3,109.6,-0.2,0.145,0.034,0.227
1629636,Darius Garland,1610612739,CLE,2022-23,0.587,0.537,0.262,7.8,2.7,1.2,0.1,108.8,8.0,0.13,0.012,0.067
1630561,David Duke Jr.,1610612751,BKN,2022-23,0.497,0.468,0.187,0.9,1.17,0.4,0.0,111.5,-6.3,0.05,0.049,0.078
1631223,David Roddy,1610612763,MEM,2022-23,0.519,0.506,0.163,0.8,1.04,0.4,0.3,112.5,-1.9,0.056,0.037,0.107
1630558,Davion Mitchell,1610612758,SAC,2022-23,0.545,0.533,0.14,2.3,2.98,0.6,0.2,111.8,2.7,0.061,0.012,0.062
202722,Davis Bertans,1610612742,DAL,2022-23,0.618,0.603,0.155,0.5,2.1,0.2,0.2,114.8,-4.3,0.069,0.02,0.086
1628432,Davon Reed,1610612743,DEN,2022-23,0.471,0.435,0.142,0.5,1.15,0.3,0.1,111.7,-14.1,0.046,0.031,0.146
1630549,Day'Ron Sharpe,1610612751,BKN,2022-23,0.581,0.561,0.173,0.8,0.88,0.3,0.7,119.0,-8.8,0.093,0.168,0.19
1628368,De'Aaron Fox,1610612758,SAC,2022-23,0.599,0.557,0.288,6.1,2.47,1.1,0.3,116.8,3.1,0.137,0.017,0.111
1629631,De'Andre Hunter,1610612737,ATL,2022-23,0.563,0.522,0.193,1.4,1.15,0.5,0.3,115.5,-0.6,0.069,0.021,0.112
1629001,De'Anthony Melton,1610612755,PHI,2022-23,0.566,0.546,0.162,2.6,1.93,1.6,0.5,112.8,2.7,0.079,0.034,0.114
201599,DeAndre Jordan,1610612743,DEN,2022-23,0.731,0.77,0.134,0.9,0.71,0.3,0.6,115.4,-8.4,0.107,0.094,0.252
201942,DeMar DeRozan,1610612741,CHI,2022-23,0.592,0.522,0.272,5.1,2.46,1.1,0.5,110.7,1.5,0.138,0.013,0.116
1629731,Dean Wade,1610612739,CLE,2022-23,0.55,0.54,0.1,0.8,2.18,0.6,0.5,103.2,6.5,0.061,0.023,0.146
1629028,Deandre Ayton,1610612756,PHX,2022-23,0.617,0.592,0.231,1.7,0.96,0.6,0.8,113.2,0.0,0.145,0.084,0.247
1627749,Dejounte Murray,1610612737,ATL,2022-23,0.54,0.514,0.239,6.1,2.8,1.5,0.3,115.4,-1.1,0.12,0.019,0.127
1626153,Delon Wright,1610612764,WAS,2022-23,0.581,0.545,0.125,3.9,4.41,1.8,0.3,110.9,3.2,0.107,0.05,0.097
1630166,Deni Avdija,1610612764,WAS,2022-23,0.535,0.497,0.165,2.8,1.72,0.9,0.4,114.1,-0.8,0.084,0.038,0.196
203471,Dennis Schröder,1610612747,LAL,2022-23,0.545,0.472,0.183,4.5,2.66,0.8,0.2,112.2,2.8,0.077,0.011,0.067
1628372,Dennis Smith Jr.,1610612766,CHA,2022-23,0.475,0.438,0.175,4.8,3.18,1.4,0.5,106.2,-2.6,0.09,0.018,0.093
1629126,Deonte Burton,1610612758,SAC,2022-23,0.0,0.0,0.133,0.0,0.0,0.0,0.0,112.5,51.8,-0.045,0.0,0.0
1631220,Dereon Seabron,1610612740,NOP,2022-23,0.4,0.4,0.156,0.0,0.0,0.0,0.0,79.2,36.8,0.011,0.067,0.0
1627884,Derrick Jones Jr.,1610612741,CHI,2022-23,0.597,0.559,0.138,0.5,1.36,0.5,0.6,106.0,6.7,0.077,0.069,0.098
201565,Derrick Rose,1610612752,NYK,2022-23,0.463,0.443,0.22,1.7,2.09,0.3,0.2,107.8,-3.5,0.076,0.022,0.082
1628401,Derrick White,1610612738,BOS,2022-23,0.604,0.56,0.174,3.9,3.38,0.7,0.9,107.2,11.0,0.1,0.023,0.098
1630217,Desmond Bane,1610612763,MEM,2022-23,0.606,0.568,0.252,4.4,2.02,1.0,0.4,107.4,9.0,0.131,0.022,0.123
1626164,Devin Booker,1610612756,PHX,2022-23,0.601,0.546,0.311,5.5,2.02,1.0,0.3,113.4,6.2,0.147,0.025,0.105
1630170,Devin Vassell,1610612759,SAS,2022-23,0.55,0.525,0.24,3.6,2.39,1.1,0.4,118.8,-11.7,0.108,0.006,0.125
1629653,Devon Dotson,1610612764,WAS,2022-23,0.15,0.15,0.102,1.3,2.67,0.8,0.0,107.5,-5.7,0.012,0.107,0.085
1628984,Devonte' Graham,1610612759,SAS,2022-23,0.552,0.512,0.165,2.7,3.7,0.6,0.2,113.7,-6.2,0.083,0.013,0.081
203473,Dewayne Dedmon,1610612755,PHI,2022-23,0.577,0.55,0.195,0.7,1.04,0.2,0.5,110.0,-10.6,0.104,0.075,0.231
1628415,Dillon Brooks,1610612763,MEM,2022-23,0.494,0.468,0.214,2.6,1.82,0.9,0.2,108.5,4.9,0.06,0.019,0.084
1627734,Domantas Sabonis,1610612758,SAC,2022-23,0.668,0.632,0.213,7.3,2.49,0.8,0.5,116.8,3.9,0.161,0.096,0.275
1631230,Dominick Barlow,1610612759,SAS,2022-23,0.567,0.535,0.107,0.9,1.6,0.4,0.7,115.9,-10.7,0.064,0.1,0.131
1628378,Donovan Mitchell,1610612739,CLE,2022-23,0.614,0.572,0.31,4.4,1.67,1.5,0.4,110.4,5.9,0.149,0.027,0.097
1631495,Donovan Williams,1610612737,ATL,2022-23,0.4,0.4,0.385,0.0,0.0,0.0,0.0,60.0,60.0,0.162,0.0,0.4
1628978,Donte DiVincenzo,1610612744,GSW,2022-23,0.593,0.574,0.146,3.5,2.25,1.3,0.1,110.6,2.9,0.092,0.041,0.123
1627827,Dorian Finney-Smith,1610612751,BKN,2022-23,0.523,0.505,0.129,1.5,1.61,0.8,0.5,114.3,-0.3,0.056,0.055,0.105
203926,Doug McDermott,1610612759,SAS,2022-23,0.59,0.575,0.186,1.4,1.57,0.2,0.1,118.4,-9.7,0.071,0.016,0.085
203110,Draymond Green,1610612744,GSW,2022-23,0.592,0.57,0.129,6.8,2.45,1.0,0.8,109.2,7.0,0.1,0.029,0.185
1629234,Drew Eubanks,1610612757,POR,2022-23,0.666,0.651,0.122,1.3,1.54,0.5,1.3,117.1,-4.1,0.098,0.084,0.183
1630696,Dru Smith,1610612751,BKN,2022-23,0.475,0.456,0.133,1.5,7.33,0.7,0.3,109.1,-8.8,0.076,0.012,0.132
1630613,Duane Washington Jr.,1610612752,NYK,2022-23,0.458,0.445,0.298,2.0,1.85,0.2,0.1,107.9,-0.5,0.08,0.004,0.085
1629130,Duncan Robinson,1610612748,MIA,2022-23,0.534,0.504,0.172,1.1,1.64,0.3,0.0,113.8,-5.0,0.049,0.012,0.094
203939,Dwight Powell,1610612742,DAL,2022-23,0.738,0.732,0.123,0.9,1.06,0.6,0.3,113.2,6.2,0.078,0.106,0.12
1629685,Dylan Windler,1610612739,CLE,2022-23,0.833,0.833,0.182,0.3,1.0,0.3,0.0,90.0,4.4,0.161,0.0,0.0
1630700,Dyson Daniels,1610612740,NOP,2022-23,0.503,0.483,0.113,2.3,2.35,0.7,0.2,106.7,0.4,0.068,0.035,0.14
1628410,Edmond Sumner,1610612751,BKN,2022-23,0.597,0.519,0.209,1.3,1.36,0.6,0.2,110.1,1.7,0.088,0.019,0.086
201569,Eric Gordon,1610612746,LAC,2022-23,0.587,0.547,0.171,2.7,1.76,0.6,0.4,116.4,-5.8,0.078,0.008,0.059
1630647,Eugene Omoruyi,1610612765,DET,2022-23,0.533,0.498,0.192,0.7,0.82,0.7,0.1,113.1,-1.9,0.06,0.065,0.11
203095,Evan Fournier,1610612752,NYK,2022-23,0.471,0.443,0.179,1.3,1.64,0.6,0.1,113.8,-4.7,0.046,0.008,0.096
1630596,Evan Mobley,1610612739,CLE,2022-23,0.591,0.566,0.199,2.8,1.53,0.8,1.5,109.0,6.5,0.124,0.073,0.2
1630267,Facundo Campazzo,1610612742,DAL,2022-23,0.36,0.346,0.144,1.1,3.0,0.8,0.0,89.0,11.0,0.068,0.0,0.041
1628402,Frank Jackson,1610612756,PHX,2022-23,0.0,0.0,0.25,1.0,0.0,0.0,0.0,122.2,-22.2,-0.026,0.125,0.333
1626163,Frank Kaminsky,1610612745,HOU,2022-23,0.635,0.595,0.146,0.9,3.56,0.2,0.1,111.3,-1.9,0.107,0.029,0.207
1628373,Frank Ntilikina,1610612742,DAL,2022-23,0.461,0.428,0.125,1.2,2.0,0.3,0.1,108.4,5.1,0.033,0.011,0.086
1630532,Franz Wagner,1610612753,ORL,2022-23,0.589,0.543,0.23,3.5,1.69,1.0,0.2,110.1,1.2,0.11,0.027,0.098
1627832,Fred VanVleet,1610612761,TOR,2022-23,0.54,0.486,0.225,7.2,3.54,1.8,0.6,112.8,3.3,0.113,0.011,0.11
1627788,Furkan Korkmaz,1610612755,PHI,2022-23,0.552,0.514,0.176,0.6,0.92,0.3,0.1,103.7,1.4,0.073,0.017,0.099
1629216,Gabe Vincent,1610612748,MIA,2022-23,0.533,0.505,0.17,2.5,1.82,0.9,0.1,111.7,-0.7,0.058,0.016,0.071
1628221,Gabe York,1610612754,IND,2022-23,0.548,0.524,0.173,1.7,0.0,0.7,0.0,110.3,17.4,0.073,0.0,0.094
202066,Garrett Temple,1610612740,NOP,2022-23,0.535,0.522,0.123,0.5,3.25,0.4,0.1,105.5,-5.3,0.061,0.027,0.069
1629726,Garrison Mathews,1610612737,ATL,2022-23,0.573,0.52,0.139,0.5,1.37,0.4,0.1,109.5,-6.4,0.064,0.014,0.082
203914,Gary Harris,1610612753,ORL,2022-23,0.62,0.603,0.125,1.2,2.11,0.9,0.3,115.8,-2.8,0.058,0.018,0.069
1627780,Gary Payton II,1610612744,GSW,2022-23,0.701,0.688,0.101,1.4,1.88,1.0,0.2,118.3,5.4,0.076,0.069,0.121
1629018,Gary Trent Jr.,1610612761,TOR,2022-23,0.56,0.522,0.209,1.6,1.93,1.6,0.2,113.8,-2.1,0.091,0.013,0.073
201588,George Hill,1610612754,IND,2022-23,0.61,0.572,0.11,2.4,3.24,0.6,0.1,106.9,1.9,0.079,0.017,0.077
1627777,Georges Niang,1610612755,PHI,2022-23,0.61,0.596,0.162,1.0,1.43,0.4,0.2,111.1,1.3,0.072,0.013,0.109
203507,Giannis Antetokounmpo,1610612749,MIL,2022-23,0.605,0.572,0.373,5.7,1.46,0.8,0.8,109.2,7.2,0.204,0.065,0.268
1629048,Goga Bitadze,1610612753,ORL,2022-23,0.582,0.576,0.147,1.0,1.77,0.4,0.7,105.4,3.7,0.105,0.123,0.167
201609,Goran Dragic,1610612749,MIL,2022-23,0.514,0.499,0.198,2.6,2.4,0.2,0.1,112.2,-0.6,0.073,0.018,0.075
202330,Gordon Hayward,1610612766,CHA,2022-23,0.563,0.52,0.196,4.1,2.08,0.8,0.2,111.7,-3.3,0.101,0.02,0.112
203476,Gorgui Dieng,1610612759,SAS,2022-23,0.493,0.474,0.177,1.7,1.66,0.1,0.5,118.2,-18.6,0.076,0.063,0.22
1629684,Grant Williams,1610612738,BOS,2022-23,0.605,0.575,0.128,1.7,1.6,0.5,0.4,109.0,5.9,0.069,0.042,0.134
1628960,Grayson Allen,1610612749,MIL,2022-23,0.612,0.571,0.143,2.3,2.26,0.9,0.2,109.1,4.9,0.078,0.03,0.082
1630535,Greg Brown III,1610612757,POR,2022-23,0.421,0.411,0.17,0.2,0.5,0.3,0.3,92.6,-3.4,0.047,0.019,0.175
1628977,Hamidou Diallo,1610612765,DET,2022-23,0.593,0.58,0.21,1.0,0.77,0.9,0.3,109.5,-0.6,0.1,0.056,0.136
203084,Harrison Barnes,1610612758,SAC,2022-23,0.632,0.556,0.168,1.6,1.49,0.7,0.1,115.2,4.8,0.088,0.034,0.107
1629312,Haywood Highsmith,1610612748,MIA,2022-23,0.517,0.516,0.121,0.8,0.96,0.7,0.3,110.0,-5.2,0.058,0.055,0.135
1630529,Herbert Jones,1610612740,NOP,2022-23,0.567,0.525,0.144,2.5,1.84,1.6,0.6,111.8,3.9,0.068,0.051,0.089
1630193,Immanuel Quickley,1610612752,NYK,2022-23,0.578,0.537,0.203,3.4,2.79,1.0,0.2,108.1,6.2,0.118,0.024,0.11
1630171,Isaac Okoro,1610612739,CLE,2022-23,0.614,0.582,0.117,1.1,2.07,0.7,0.4,109.0,5.4,0.06,0.033,0.085
1628392,Isaiah Hartenstein,1610612752,NYK,2022-23,0.567,0.547,0.107,1.2,1.55,0.6,0.8,110.2,4.4,0.087,0.122,0.192
1630543,Isaiah Jackson,1610612754,IND,2022-23,0.595,0.566,0.165,0.8,1.0,0.5,1.5,115.2,-5.6,0.093,0.1,0.159
1630198,Isaiah Joe,1610612760,OKC,2022-23,0.626,0.599,0.17,1.2,2.26,0.7,0.1,112.2,5.1,0.093,0.018,0.108
1630587,Isaiah Livers,1610612765,DET,2022-23,0.567,0.545,0.117,0.8,1.37,0.5,0.5,115.6,-7.8,0.053,0.023,0.096
1630600,Isaiah Mobley,1610612739,CLE,2022-23,0.521,0.482,0.166,0.3,3.0,0.3,0.3,86.1,19.8,0.111,0.053,0.174
1629676,Isaiah Roby,1610612752,NYK,2022-23,0.497,0.49,0.173,0.9,1.23,0.4,0.2,112.9,-10.4,0.07,0.04,0.188
1630191,Isaiah Stewart,1610612765,DET,2022-23,0.56,0.518,0.17,1.4,1.03,0.4,0.7,116.9,-8.0,0.091,0.078,0.202
1630225,Isaiah Todd,1610612764,WAS,2022-23,0.226,0.184,0.143,0.7,2.0,0.2,0.0,103.7,-6.7,0.012,0.027,0.152
202397,Ish Smith,1610612743,DEN,2022-23,0.407,0.405,0.187,2.3,2.27,0.2,0.2,107.5,-5.3,0.072,0.014,0.116
1630688,Ish Wainright,1610612756,PHX,2022-23,0.522,0.496,0.117,0.9,2.41,0.6,0.4,106.6,6.1,0.051,0.045,0.097
1627826,Ivica Zubac,1610612746,LAC,2022-23,0.661,0.634,0.149,1.0,0.66,0.4,1.3,113.4,-0.6,0.109,0.114,0.238
1631120,JD Davison,1610612738,BOS,2022-23,0.478,0.474,0.157,0.9,2.75,0.2,0.2,108.7,-5.8,0.069,0.033,0.093
1630550,JT Thor,1610612766,CHA,2022-23,0.506,0.481,0.13,0.5,0.82,0.3,0.3,110.2,-7.5,0.051,0.035,0.115
1629630,Ja Morant,1610612763,MEM,2022-23,0.557,0.504,0.338,8.1,2.39,1.1,0.3,108.5,7.3,0.175,0.029,0.139
203210,JaMychal Green,1610612744,GSW,2022-23,0.65,0.623,0.169,0.9,0.98,0.4,0.4,116.4,-8.2,0.097,0.087,0.164
201580,JaVale McGee,1610612742,DAL,2022-23,0.65,0.648,0.214,0.3,0.31,0.1,0.6,113.4,-7.3,0.105,0.086,0.199
1631095,Jabari Smith Jr.,1610612745,HOU,2022-23,0.514,0.475,0.183,1.3,0.97,0.5,0.9,120.4,-11.3,0.077,0.047,0.18
1631133,Jabari Walker,1610612757,POR,2022-23,0.496,0.46,0.164,0.6,1.17,0.2,0.2,113.8,-9.0,0.06,0.074,0.135
1631298,Jack White,1610612743,DEN,2022-23,0.517,0.5,0.133,0.2,2.0,0.2,0.1,104.5,-14.1,0.087,0.086,0.177
1631367,Jacob Gilyard,1610612763,MEM,2022-23,0.5,0.5,0.052,7.0,3.5,3.0,0.0,116.1,-14.9,0.056,0.0,0.095
1630702,Jaden Hardy,1610612742,DAL,2022-23,0.571,0.533,0.248,1.4,1.41,0.4,0.1,115.6,-3.1,0.09,0.015,0.106
1631093,Jaden Ivey,1610612765,DET,2022-23,0.528,0.477,0.251,5.2,1.63,0.8,0.2,120.1,-13.0,0.081,0.03,0.094
1630183,Jaden McDaniels,1610612750,MIN,2022-23,0.611,0.591,0.156,1.9,1.32,0.9,1.0,111.6,2.0,0.069,0.039,0.086
1630531,Jaden Springer,1610612755,PHI,2022-23,0.545,0.514,0.188,0.5,2.67,0.4,0.2,110.9,-2.1,0.085,0.063,0.091
203109,Jae Crowder,1610612749,MIL,2022-23,0.624,0.606,0.125,1.5,3.86,0.7,0.3,111.8,-0.8,0.096,0.046,0.134
1630256,Jae'Sean Tate,1610612745,HOU,2022-23,0.546,0.509,0.178,2.7,1.79,0.7,0.2,114.8,-7.3,0.076,0.054,0.114
1631222,Jake LaRavia,1610612763,MEM,2022-23,0.531,0.516,0.117,0.6,1.17,0.3,0.1,113.9,-7.6,0.04,0.044,0.1
1627751,Jakob Poeltl,1610612761,TOR,2022-23,0.635,0.629,0.18,2.7,1.58,0.9,1.2,115.5,-3.1,0.13,0.117,0.24
1628973,Jalen Brunson,1610612752,NYK,2022-23,0.597,0.547,0.266,6.2,2.96,0.9,0.2,117.1,2.1,0.138,0.016,0.085
1631105,Jalen Duren,1610612765,DET,2022-23,0.655,0.648,0.139,1.1,0.82,0.7,0.9,116.2,-8.3,0.116,0.13,0.221
1630224,Jalen Green,1610612745,HOU,2022-23,0.538,0.485,0.274,3.7,1.41,0.8,0.2,120.0,-8.7,0.096,0.016,0.093
1630552,Jalen Johnson,1610612737,ATL,2022-23,0.554,0.537,0.156,1.2,2.02,0.5,0.5,110.8,0.3,0.099,0.047,0.214
1629667,Jalen McDaniels,1610612755,PHI,2022-23,0.557,0.518,0.165,1.6,1.4,1.0,0.4,113.9,-3.4,0.08,0.031,0.145
1630188,Jalen Smith,1610612754,IND,2022-23,0.565,0.53,0.201,1.0,0.92,0.3,0.9,115.3,-3.8,0.099,0.093,0.201
1630591,Jalen Suggs,1610612753,ORL,2022-23,0.528,0.493,0.196,2.9,1.65,1.3,0.5,111.0,-1.3,0.077,0.044,0.083
1631114,Jalen Williams,1610612760,OKC,2022-23,0.601,0.567,0.18,3.3,2.02,1.4,0.5,112.6,-1.0,0.102,0.035,0.109
1631288,Jamal Cain,1610612748,MIA,2022-23,0.647,0.614,0.139,0.7,2.0,0.6,0.1,102.5,5.5,0.114,0.064,0.142
1627750,Jamal Murray,1610612743,DEN,2022-23,0.571,0.537,0.256,6.2,2.76,1.0,0.2,112.5,6.4,0.121,0.024,0.099
1631123,Jamaree Bouyea,1610612748,MIA,2022-23,0.504,0.5,0.12,0.8,1.0,0.8,0.4,119.7,-13.2,0.039,0.016,0.086
1630547,James Bouknight,1610612766,CHA,2022-23,0.463,0.443,0.192,1.2,1.28,0.4,0.1,110.9,-8.3,0.05,0.015,0.116
201935,James Harden,1610612755,PHI,2022-23,0.607,0.536,0.247,10.7,3.17,1.2,0.5,113.3,6.1,0.159,0.021,0.151
201949,James Johnson,1610612754,IND,2022-23,0.486,0.48,0.152,0.8,1.88,0.4,0.3,103.9,-1.1,0.055,0.022,0.173
1630164,James Wiseman,1610612765,DET,2022-23,0.589,0.563,0.212,0.7,0.59,0.2,0.6,121.9,-17.2,0.104,0.084,0.231
1630215,Jared Butler,1610612760,OKC,2022-23,0.578,0.578,0.208,1.3,1.6,0.8,0.0,103.6,2.6,0.085,0.013,0.034
1631197,Jared Rhoden,1610612765,DET,2022-23,0.482,0.443,0.106,0.3,1.33,0.3,0.1,110.6,4.3,0.041,0.055,0.135
1628991,Jaren Jackson Jr.,1610612763,MEM,2022-23,0.613,0.567,0.243,1.0,0.56,1.0,3.0,106.6,9.8,0.125,0.058,0.159
1629020,Jarred Vanderbilt,1610612747,LAL,2022-23,0.604,0.58,0.136,2.4,1.9,1.1,0.3,116.2,-1.5,0.105,0.09,0.216
1629714,Jarrell Brantley,1610612762,UTA,2022-23,0.739,0.714,0.172,0.8,1.5,0.0,0.5,94.9,16.2,0.134,0.02,0.093
1628386,Jarrett Allen,1610612739,CLE,2022-23,0.67,0.645,0.162,1.7,1.22,0.8,1.2,108.8,7.7,0.134,0.107,0.21
1629633,Jarrett Culver,1610612737,ATL,2022-23,0.452,0.407,0.164,0.6,0.86,0.6,0.2,114.1,-5.7,0.068,0.065,0.219
1630554,Jason Preston,1610612746,LAC,2022-23,0.489,0.5,0.166,1.9,2.7,0.1,0.0,111.6,-1.6,0.094,0.014,0.175
1629750,Javonte Green,1610612741,CHI,2022-23,0.646,0.625,0.128,0.7,1.15,0.8,0.7,106.5,5.9,0.082,0.057,0.119
1629637,Jaxson Hayes,1610612740,NOP,2022-23,0.605,0.561,0.149,0.7,1.1,0.4,0.4,108.8,-5.4,0.09,0.058,0.153
1630643,Jay Huff,1610612764,WAS,2022-23,0.796,0.72,0.155,1.4,2.0,0.4,0.6,118.5,-1.1,0.116,0.06,0.153
1630206,Jay Scrubb,1610612753,ORL,2022-23,0.825,0.857,0.151,0.5,0.33,1.0,0.0,127.0,-28.5,0.104,0.0,0.3
1627759,Jaylen Brown,1610612738,BOS,2022-23,0.581,0.55,0.307,3.5,1.18,1.1,0.4,111.2,5.4,0.132,0.032,0.152
1629669,Jaylen Nowell,1610612750,MIN,2022-23,0.527,0.502,0.238,2.0,2.03,0.6,0.1,111.3,0.0,0.095,0.028,0.107
1631119,Jaylin Williams,1610612760,OKC,2022-23,0.559,0.534,0.133,1.6,2.05,0.6,0.2,115.7,-4.6,0.08,0.045,0.23
1628369,Jayson Tatum,1610612738,BOS,2022-23,0.607,0.543,0.319,4.6,1.61,1.1,0.7,110.8,8.5,0.167,0.029,0.2
1630288,Jeff Dowtin Jr.,1610612761,TOR,2022-23,0.5,0.482,0.106,1.2,6.2,0.4,0.1,113.3,-0.6,0.067,0.022,0.069
201145,Jeff Green,1610612743,DEN,2022-23,0.576,0.534,0.167,1.2,1.5,0.3,0.3,115.0,-8.0,0.071,0.035,0.096
203924,Jerami Grant,1610612757,POR,2022-23,0.606,0.554,0.227,2.4,1.29,0.8,0.8,117.3,-1.2,0.099,0.025,0.104
1630526,Jeremiah Robinson-Earl,1610612760,OKC,2022-23,0.548,0.518,0.143,1.0,2.26,0.6,0.3,113.8,-0.9,0.076,0.082,0.129
1631110,Jeremy Sochan,1610612759,SAS,2022-23,0.509,0.483,0.195,2.5,1.46,0.8,0.4,117.6,-7.0,0.074,0.06,0.14
1630579,Jericho Sims,1610612752,NYK,2022-23,0.78,0.776,0.074,0.5,0.93,0.3,0.5,114.9,-6.7,0.086,0.117,0.175
1628975,Jevon Carter,1610612749,MIL,2022-23,0.56,0.549,0.149,2.4,2.53,0.8,0.4,107.2,1.9,0.073,0.018,0.084
202710,Jimmy Butler III,1610612748,MIA,2022-23,0.647,0.56,0.248,5.3,3.37,1.8,0.3,113.7,1.2,0.177,0.068,0.121
1629111,Jock Landale,1610612756,PHX,2022-23,0.595,0.559,0.182,1.0,1.15,0.2,0.4,105.1,7.9,0.106,0.114,0.164
203925,Joe Harris,1610612751,BKN,2022-23,0.621,0.618,0.141,1.4,2.46,0.5,0.2,113.2,-1.0,0.067,0.016,0.089
204060,Joe Ingles,1610612749,MIL,2022-23,0.616,0.603,0.122,3.3,2.73,0.7,0.1,112.4,2.5,0.076,0.012,0.102
1630580,Joe Wieskamp,1610612761,TOR,2022-23,0.321,0.321,0.115,0.3,3.0,0.0,0.0,92.5,1.0,0.006,0.0,0.068
203954,Joel Embiid,1610612755,PHI,2022-23,0.655,0.573,0.37,4.2,1.21,1.0,1.7,110.2,8.8,0.213,0.057,0.243
1631219,John Butler Jr.,1610612757,POR,2022-23,0.411,0.396,0.102,0.6,11.0,0.4,0.5,116.7,-16.1,0.024,0.012,0.065
1628381,John Collins,1610612737,ATL,2022-23,0.593,0.557,0.168,1.2,1.08,0.6,1.0,115.2,-0.2,0.086,0.035,0.18
1629723,John Konchar,1610612763,MEM,2022-23,0.542,0.525,0.1,1.4,2.7,1.1,0.3,107.5,7.0,0.079,0.04,0.152
202322,John Wall,1610612746,LAC,2022-23,0.497,0.456,0.259,5.2,2.23,0.8,0.4,111.6,-6.6,0.102,0.018,0.096
1631098,Johnny Davis,1610612764,WAS,2022-23,0.446,0.436,0.192,1.0,1.65,0.4,0.3,107.9,-6.2,0.051,0.02,0.125
1630548,Johnny Juzang,1610612762,UTA,2022-23,0.411,0.409,0.187,0.4,2.67,0.2,0.2,115.6,-17.7,0.049,0.029,0.122
202685,Jonas Valančiūnas,1610612740,NOP,2022-23,0.61,0.57,0.229,1.8,0.88,0.3,0.7,113.5,-0.7,0.14,0.115,0.293
1628371,Jonathan Isaac,1610612753,ORL,2022-23,0.483,0.472,0.198,0.5,1.5,1.3,0.4,107.7,-5.8,0.153,0.099,0.25
1630228,Jonathan Kuminga,1610612744,GSW,2022-23,0.597,0.579,0.195,1.9,1.32,0.6,0.5,113.0,-1.4,0.085,0.052,0.113
203903,Jordan Clarkson,1610612762,UTA,2022-23,0.558,0.519,0.273,4.4,1.45,0.5,0.2,116.6,0.8,0.102,0.036,0.083
1630692,Jordan Goodwin,1610612764,WAS,2022-23,0.531,0.501,0.165,2.7,2.95,0.9,0.4,111.7,-4.5,0.102,0.05,0.131
1631160,Jordan Hall,1610612759,SAS,2022-23,0.438,0.375,0.197,1.2,1.57,0.1,0.0,108.0,-13.1,0.054,0.033,0.129
1629162,Jordan McLaughlin,1610612750,MIN,2022-23,0.526,0.503,0.112,3.4,4.48,0.7,0.1,105.9,5.8,0.086,0.022,0.065
1629670,Jordan Nwora,1610612754,IND,2022-23,0.561,0.533,0.187,1.4,1.33,0.4,0.2,117.2,-10.2,0.089,0.041,0.147
1629673,Jordan Poole,1610612744,GSW,2022-23,0.573,0.514,0.282,4.5,1.46,0.8,0.3,111.8,-0.8,0.104,0.013,0.073
1630648,Jordan Schakel,1610612764,WAS,2022-23,0.75,0.75,0.154,0.5,0.0,0.5,0.0,83.3,50.0,0.118,0.0,0.0
1630631,Jose Alvarado,1610612740,NOP,2022-23,0.525,0.496,0.191,3.0,2.3,1.1,0.2,108.4,3.7,0.079,0.022,0.087
1630528,Josh Christopher,1610612745,HOU,2022-23,0.523,0.497,0.215,1.1,1.22,0.5,0.2,119.3,-13.9,0.073,0.024,0.068
1630581,Josh Giddey,1610612760,OKC,2022-23,0.533,0.516,0.239,6.2,2.22,0.8,0.4,114.0,-2.2,0.131,0.058,0.189
1630182,Josh Green,1610612742,DAL,2022-23,0.645,0.626,0.14,1.7,1.43,0.7,0.1,112.8,2.5,0.067,0.037,0.087
1628404,Josh Hart,1610612752,NYK,2022-23,0.622,0.588,0.124,3.8,2.48,1.2,0.3,113.5,5.9,0.101,0.06,0.185
1631169,Josh Minott,1610612750,MIN,2022-23,0.582,0.528,0.176,0.3,1.67,0.3,0.4,105.9,10.4,0.106,0.054,0.194
1629006,Josh Okogie,1610612756,PHX,2022-23,0.531,0.471,0.174,1.5,1.67,0.8,0.5,108.0,4.9,0.078,0.078,0.102
1626196,Josh Richardson,1610612740,NOP,2022-23,0.555,0.528,0.18,2.7,2.02,1.1,0.3,113.6,-5.2,0.083,0.026,0.087
1630563,Joshua Primo,1610612759,SAS,2022-23,0.467,0.404,0.173,4.5,1.64,0.3,0.5,111.0,1.7,0.053,0.019,0.113
201950,Jrue Holiday,1610612749,MIL,2022-23,0.586,0.556,0.244,7.4,2.51,1.2,0.4,107.9,9.2,0.135,0.035,0.107
1629308,Juan Toscano-Anderson,1610612762,UTA,2022-23,0.505,0.476,0.109,1.3,1.91,0.3,0.2,113.7,-9.9,0.053,0.037,0.128
1627823,Juancho Hernangomez,1610612761,TOR,2022-23,0.504,0.496,0.092,0.6,1.67,0.4,0.1,113.8,0.5,0.056,0.042,0.169
1630577,Julian Champagnie,1610612759,SAS,2022-23,0.6,0.581,0.181,0.6,0.91,0.4,0.3,118.8,-10.6,0.086,0.027,0.147
203944,Julius Randle,1610612752,NYK,2022-23,0.581,0.536,0.288,4.1,1.46,0.6,0.3,115.4,2.7,0.148,0.05,0.226
1630551,Justin Champagnie,1610612738,BOS,2022-23,0.367,0.367,0.188,0.8,0.0,0.2,0.0,126.9,-9.5,0.061,0.088,0.179
203200,Justin Holiday,1610612742,DAL,2022-23,0.494,0.49,0.132,0.9,1.86,0.4,0.4,113.9,-9.1,0.037,0.007,0.067
1628382,Justin Jackson,1610612738,BOS,2022-23,0.359,0.352,0.122,0.4,4.5,0.2,0.2,111.3,-28.3,0.052,0.017,0.119
1631303,Justin Minaya,1610612757,POR,2022-23,0.363,0.37,0.123,1.0,1.0,0.5,1.3,120.2,-12.0,0.022,0.03,0.135
1626159,Justise Winslow,1610612757,POR,2022-23,0.466,0.444,0.139,3.4,2.28,1.0,0.4,112.3,-2.6,0.063,0.062,0.123
203994,Jusuf Nurkić,1610612757,POR,2022-23,0.589,0.561,0.218,2.9,1.25,0.8,0.8,114.3,0.3,0.119,0.084,0.258
1630231,KJ Martin,1610612745,HOU,2022-23,0.635,0.617,0.16,1.5,1.35,0.5,0.4,118.7,-8.0,0.102,0.052,0.143
1629644,KZ Okpala,1610612758,SAC,2022-23,0.554,0.513,0.081,0.4,1.86,0.2,0.2,105.0,1.5,0.031,0.028,0.102
1630539,Kai Jones,1610612766,CHA,2022-23,0.597,0.575,0.121,0.3,0.48,0.4,0.7,108.4,-3.1,0.073,0.065,0.146
1626157,Karl-Anthony Towns,1610612750,MIN,2022-23,0.618,0.565,0.25,4.8,1.63,0.7,0.6,109.4,1.8,0.138,0.05,0.181
202695,Kawhi Leonard,1610612746,LAC,2022-23,0.623,0.572,0.267,3.9,2.32,1.4,0.5,112.1,6.1,0.159,0.034,0.16
1631099,Keegan Murray,1610612758,SAC,2022-23,0.597,0.584,0.156,1.2,1.63,0.8,0.5,117.1,1.7,0.073,0.038,0.123
1628966,Keita Bates-Diop,1610612759,SAS,2022-23,0.609,0.568,0.165,1.5,1.84,0.7,0.3,116.6,-8.5,0.099,0.042,0.13
1629640,Keldon Johnson,1610612759,SAS,2022-23,0.551,0.512,0.273,2.9,1.37,0.7,0.2,121.4,-11.3,0.103,0.025,0.133
203482,Kelly Olynyk,1610612762,UTA,2022-23,0.643,0.583,0.176,3.7,1.5,0.9,0.5,116.0,0.4,0.1,0.042,0.164
1626162,Kelly Oubre Jr.,1610612766,CHA,2022-23,0.534,0.497,0.257,1.1,0.84,1.4,0.4,115.3,-7.7,0.094,0.038,0.121
202689,Kemba Walker,1610612742,DAL,2022-23,0.543,0.482,0.215,2.1,4.75,0.2,0.2,112.4,-1.9,0.103,0.02,0.09
1631112,Kendall Brown,1610612754,IND,2022-23,0.571,0.571,0.093,0.5,1.5,0.7,0.0,99.0,8.2,0.04,0.051,0.089
1629134,Kendrick Nunn,1610612764,WAS,2022-23,0.53,0.512,0.227,1.3,1.36,0.4,0.1,112.6,-2.3,0.076,0.015,0.09
1631113,Kennedy Chandler,1610612763,MEM,2022-23,0.44,0.434,0.15,1.6,3.22,0.3,0.1,108.4,-5.4,0.085,0.029,0.103
1631254,Kenneth Lofton Jr.,1610612763,MEM,2022-23,0.572,0.559,0.267,0.8,1.67,0.2,0.1,116.7,-13.4,0.129,0.097,0.198
1629026,Kenrich Williams,1610612760,OKC,2022-23,0.585,0.59,0.134,2.0,3.28,0.8,0.3,109.2,4.1,0.096,0.075,0.137
203484,Kentavious Caldwell-Pope,1610612743,DEN,2022-23,0.598,0.569,0.136,2.4,2.13,1.5,0.5,111.5,9.8,0.066,0.016,0.074
1631165,Keon Ellis,1610612758,SAC,2022-23,0.629,0.625,0.124,0.4,6.0,0.3,0.1,112.2,-14.3,0.067,0.056,0.063
1630553,Keon Johnson,1610612757,POR,2022-23,0.482,0.455,0.237,1.5,1.37,0.5,0.2,119.3,-16.2,0.059,0.025,0.086
1630556,Kessler Edwards,1610612758,SAC,2022-23,0.502,0.478,0.119,0.6,1.77,0.4,0.2,115.8,2.2,0.044,0.059,0.102
201142,Kevin Durant,1610612756,PHX,2022-23,0.677,0.614,0.305,5.0,1.51,0.7,1.4,110.3,6.8,0.185,0.012,0.166
1628989,Kevin Huerter,1610612758,SAC,2022-23,0.617,0.603,0.197,2.9,2.28,1.1,0.3,116.6,4.5,0.091,0.02,0.1
1628995,Kevin Knox II,1610612757,POR,2022-23,0.579,0.556,0.175,0.5,0.66,0.4,0.2,115.8,-11.4,0.077,0.033,0.152
201567,Kevin Love,1610612748,MIA,2022-23,0.548,0.506,0.185,1.9,1.66,0.3,0.2,109.8,3.9,0.115,0.05,0.287
1629645,Kevin Porter Jr.,1610612745,HOU,2022-23,0.565,0.522,0.239,5.7,1.8,1.4,0.3,119.5,-8.3,0.112,0.036,0.117
1630284,Kevon Harris,1610612753,ORL,2022-23,0.564,0.514,0.129,0.5,0.76,0.5,0.1,109.7,0.3,0.051,0.057,0.092
1626172,Kevon Looney,1610612744,GSW,2022-23,0.639,0.63,0.104,2.5,4.6,0.6,0.6,112.0,4.4,0.116,0.135,0.234
203920,Khem Birch,1610612759,SAS,2022-23,0.629,0.609,0.113,0.4,0.88,0.3,0.3,107.8,2.8,0.05,0.051,0.118
203114,Khris Middleton,1610612749,MIL,2022-23,0.551,0.499,0.259,4.9,2.3,0.7,0.2,108.8,6.1,0.123,0.034,0.122
1630165,Killian Hayes,1610612765,DET,2022-23,0.455,0.426,0.201,6.2,2.72,1.4,0.4,117.6,-10.9,0.075,0.012,0.092
1630184,Kira Lewis Jr.,1610612740,NOP,2022-23,0.584,0.54,0.192,0.9,2.3,0.4,0.1,104.0,11.2,0.096,0.021,0.109
202691,Klay Thompson,1610612744,GSW,2022-23,0.576,0.556,0.256,2.4,1.33,0.7,0.4,112.6,2.9,0.1,0.017,0.101
1628424,Kobi Simmons,1610612766,CHA,2022-23,0.363,0.25,0.119,1.0,5.0,0.0,0.4,115.3,-34.9,0.078,0.036,0.088
1627739,Kris Dunn,1610612762,UTA,2022-23,0.606,0.576,0.195,5.6,3.54,1.1,0.5,115.9,-4.3,0.133,0.015,0.148
204001,Kristaps Porziņģis,1610612764,WAS,2022-23,0.627,0.565,0.272,2.7,1.27,0.9,1.5,114.8,1.4,0.145,0.057,0.194
203937,Kyle Anderson,1610612750,MIN,2022-23,0.583,0.553,0.143,4.9,3.25,1.1,0.9,111.7,2.3,0.108,0.035,0.152
1628398,Kyle Kuzma,1610612764,WAS,2022-23,0.544,0.518,0.273,3.7,1.26,0.6,0.5,112.6,0.3,0.109,0.025,0.172
200768,Kyle Lowry,1610612748,MIA,2022-23,0.565,0.514,0.162,5.1,2.73,1.0,0.4,111.3,1.1,0.089,0.025,0.112
202681,Kyrie Irving,1610612742,DAL,2022-23,0.613,0.572,0.286,5.5,2.59,1.1,0.8,113.2,4.7,0.146,0.029,0.107
1630163,LaMelo Ball,1610612766,CHA,2022-23,0.541,0.51,0.289,8.4,2.36,1.3,0.3,117.3,-4.7,0.122,0.031,0.147
1630205,Lamar Stevens,1610612739,CLE,2022-23,0.524,0.5,0.136,0.5,1.22,0.4,0.3,111.1,1.2,0.067,0.046,0.145
1629013,Landry Shamet,1610612756,PHX,2022-23,0.537,0.502,0.186,2.3,2.58,0.7,0.1,107.7,2.2,0.075,0.013,0.07
1626204,Larry Nance Jr.,1610612740,NOP,2022-23,0.649,0.633,0.118,1.8,2.83,0.9,0.6,107.4,6.7,0.11,0.081,0.184
1628374,Lauri Markkanen,1610612762,UTA,2022-23,0.64,0.586,0.259,1.9,0.97,0.6,0.6,113.6,3.8,0.154,0.055,0.183
2544,LeBron James,1610612747,LAL,2022-23,0.583,0.549,0.322,6.8,2.11,0.9,0.6,111.0,4.6,0.172,0.033,0.191
1630195,Leandro Bolmaro,1610612762,UTA,2022-23,0.15,0.15,0.155,0.5,1.0,0.2,0.1,98.0,0.7,-0.055,0.051,0.04
1631311,Lester Quinones,1610612744,GSW,2022-23,0.654,0.6,0.283,0.5,0.4,0.3,0.0,97.6,14.6,0.073,0.071,0.087
1629623,Lindell Wigginton,1610612749,MIL,2022-23,0.61,0.568,0.251,2.0,1.17,0.0,0.3,121.8,-20.2,0.083,0.0,0.077
1630322,Lindy Waters III,1610612760,OKC,2022-23,0.573,0.556,0.148,0.7,2.8,0.3,0.3,104.8,10.5,0.073,0.028,0.103
1629022,Lonnie Walker IV,1610612747,LAL,2022-23,0.57,0.534,0.198,1.1,1.39,0.5,0.3,116.1,-7.3,0.074,0.011,0.069
1629663,Louis King,1610612755,PHI,2022-23,0.744,0.769,0.205,2.0,1.0,1.0,0.0,120.6,5.2,0.107,0.067,0.074
1629652,Luguentz Dort,1610612760,OKC,2022-23,0.513,0.466,0.194,2.1,1.67,1.0,0.3,114.1,0.9,0.062,0.053,0.092
1629029,Luka Dončić,1610612742,DAL,2022-23,0.609,0.56,0.368,8.0,2.24,1.4,0.5,116.0,2.1,0.202,0.024,0.224
1630568,Luka Garza,1610612750,MIN,2022-23,0.652,0.603,0.245,0.6,1.29,0.1,0.1,119.4,2.0,0.111,0.13,0.128
1629677,Luka Samanic,1610612762,UTA,2022-23,0.55,0.526,0.193,2.1,1.5,0.9,0.3,111.3,-1.7,0.079,0.0,0.161
1628379,Luke Kennard,1610612763,MEM,2022-23,0.684,0.666,0.144,1.5,1.98,0.5,0.1,109.1,7.3,0.089,0.012,0.104
1628436,Luke Kornet,1610612738,BOS,2022-23,0.697,0.674,0.111,0.8,2.12,0.2,0.7,107.9,3.9,0.099,0.106,0.125
1630644,Mac McClung,1610612755,PHI,2022-23,0.563,0.55,0.243,4.5,3.0,0.0,0.0,95.7,19.6,0.139,0.073,0.152
1630201,Malachi Flynn,1610612761,TOR,2022-23,0.479,0.457,0.168,1.3,2.8,0.4,0.1,113.4,-3.5,0.056,0.019,0.097
1631103,Malaki Branham,1610612759,SAS,2022-23,0.524,0.503,0.188,1.9,1.67,0.5,0.1,119.4,-11.1,0.065,0.017,0.098
1627763,Malcolm Brogdon,1610612738,BOS,2022-23,0.615,0.574,0.223,3.7,2.53,0.7,0.3,109.3,5.1,0.133,0.024,0.132
1630792,Malcolm Hill,1610612741,CHI,2022-23,0.625,0.625,0.167,0.0,0.0,0.0,0.0,65.2,39.1,0.147,0.0,0.214
1627736,Malik Beasley,1610612747,LAL,2022-23,0.531,0.52,0.207,1.5,1.38,0.8,0.1,114.6,-2.2,0.079,0.016,0.116
1628370,Malik Monk,1610612758,SAC,2022-23,0.587,0.538,0.247,3.9,2.04,0.6,0.3,112.7,1.0,0.116,0.019,0.097
1629603,Mamadi Diakite,1610612739,CLE,2022-23,0.56,0.55,0.164,0.4,0.67,0.2,0.4,103.9,0.7,0.057,0.051,0.133
1630699,MarJon Beauchamp,1610612749,MIL,2022-23,0.513,0.492,0.175,0.7,0.78,0.4,0.1,112.9,-7.2,0.051,0.05,0.103
202694,Marcus Morris Sr.,1610612746,LAC,2022-23,0.534,0.513,0.176,1.8,2.04,0.6,0.3,113.9,-0.3,0.072,0.017,0.127
203935,Marcus Smart,1610612738,BOS,2022-23,0.538,0.511,0.176,6.3,2.67,1.5,0.4,111.7,6.3,0.076,0.024,0.073
1631109,Mark Williams,1610612766,CHA,2022-23,0.659,0.637,0.168,0.4,0.45,0.7,1.0,110.3,-4.7,0.133,0.106,0.232
1628365,Markelle Fultz,1610612753,ORL,2022-23,0.564,0.534,0.208,5.7,2.45,1.5,0.4,114.0,-3.7,0.111,0.038,0.095
202693,Markieff Morris,1610612742,DAL,2022-23,0.553,0.53,0.159,0.9,1.72,0.3,0.1,109.5,1.7,0.066,0.037,0.15
1630250,Marko Simonovic,1610612741,CHI,2022-23,0.381,0.357,0.145,0.0,0.0,0.0,0.0,80.9,27.3,-0.045,0.043,0.059
1628963,Marvin Bagley III,1610612765,DET,2022-23,0.587,0.554,0.202,0.9,0.78,0.5,0.7,117.9,-10.6,0.112,0.091,0.179
203486,Mason Plumlee,1610612746,LAC,2022-23,0.689,0.68,0.149,3.1,2.09,0.6,0.6,117.4,-5.9,0.127,0.105,0.238
1629680,Matisse Thybulle,1610612757,POR,2022-23,0.552,0.542,0.102,0.7,2.21,1.2,0.5,110.3,-0.5,0.055,0.032,0.085
1630346,Matt Ryan,1610612750,MIN,2022-23,0.538,0.519,0.157,0.5,2.29,0.1,0.0,110.1,2.2,0.047,0.013,0.067
203521,Matthew Dellavedova,1610612758,SAC,2022-23,0.443,0.43,0.122,1.3,4.1,0.2,0.0,107.1,-8.8,0.051,0.005,0.054
1631108,Max Christie,1610612747,LAL,2022-23,0.566,0.538,0.1,0.5,1.62,0.2,0.2,113.2,-7.1,0.058,0.012,0.126
1629622,Max Strus,1610612748,MIA,2022-23,0.557,0.535,0.17,2.1,2.48,0.5,0.2,113.1,-3.8,0.073,0.021,0.097
1628467,Maxi Kleber,1610612742,DAL,2022-23,0.592,0.571,0.1,1.4,1.93,0.3,0.8,113.6,-2.9,0.056,0.033,0.116
1630593,McKinley Wright IV,1610612742,DAL,2022-23,0.536,0.515,0.16,2.1,3.05,0.3,0.2,117.6,-14.9,0.091,0.026,0.109
203086,Meyers Leonard,1610612749,MIL,2022-23,0.652,0.603,0.14,0.1,0.17,0.2,0.0,122.2,-12.5,0.068,0.103,0.195
1629662,Mfiondu Kabengele,1610612738,BOS,2022-23,0.381,0.286,0.107,0.0,0.0,0.5,0.0,115.3,-6.9,0.046,0.132,0.152
1630695,Micah Potter,1610612762,UTA,2022-23,0.8,0.8,0.121,0.6,2.0,0.1,0.0,100.0,-4.2,0.159,0.046,0.22
203487,Michael Carter-Williams,1610612753,ORL,2022-23,0.498,0.464,0.191,1.8,1.75,0.3,0.3,128.1,-32.4,0.055,0.021,0.125
1630701,Michael Foster Jr.,1610612755,PHI,2022-23,0.0,0.0,0.0,0.0,0.0,0.0,0.0,100.0,-100.0,0.0,0.0,0.0
1629008,Michael Porter Jr.,1610612743,DEN,2022-23,0.621,0.602,0.22,1.0,0.96,0.6,0.5,112.2,10.4,0.103,0.038,0.151
1628969,Mikal Bridges,1610612751,BKN,2022-23,0.587,0.535,0.223,3.3,2.15,1.1,0.7,113.2,0.8,0.112,0.026,0.094
201144,Mike Conley,1610612750,MIN,2022-23,0.583,0.539,0.161,6.7,4.37,1.1,0.2,116.1,1.3,0.099,0.016,0.075
203488,Mike Muscala,1610612738,BOS,2022-23,0.608,0.587,0.146,0.8,2.17,0.2,0.4,107.6,8.8,0.087,0.038,0.161
1630540,Miles McBride,1610612752,NYK,2022-23,0.475,0.451,0.141,1.1,2.88,0.6,0.1,107.3,3.6,0.049,0.016,0.047
1629011,Mitchell Robinson,1610612752,NYK,2022-23,0.652,0.671,0.101,0.9,1.29,0.9,1.8,112.6,7.3,0.101,0.164,0.178
1628964,Mo Bamba,1610612747,LAL,2022-23,0.602,0.585,0.166,0.9,1.53,0.3,0.9,111.5,1.5,0.101,0.076,0.198
1626149,Montrezl Harrell,1610612755,PHI,2022-23,0.631,0.598,0.178,0.6,0.94,0.3,0.4,109.6,2.2,0.103,0.1,0.133
1628420,Monté Morris,1610612764,WAS,2022-23,0.579,0.555,0.155,5.3,5.43,0.7,0.2,117.3,0.1,0.102,0.016,0.106
1629021,Moritz Wagner,1610612753,ORL,2022-23,0.63,0.564,0.201,1.5,1.24,0.6,0.2,110.6,-1.1,0.115,0.06,0.172
1629650,Moses Brown,1610612746,LAC,2022-23,0.607,0.635,0.188,0.1,0.27,0.1,0.4,108.1,3.5,0.133,0.165,0.262
1630541,Moses Moody,1610612744,GSW,2022-23,0.603,0.584,0.141,0.8,1.5,0.3,0.1,111.3,-0.6,0.07,0.034,0.091
1631217,Moussa Diabaté,1610612746,LAC,2022-23,0.546,0.521,0.125,0.2,0.44,0.3,0.4,112.4,-3.2,0.068,0.137,0.106
1626167,Myles Turner,1610612754,IND,2022-23,0.651,0.612,0.225,1.4,0.86,0.6,2.3,116.3,-1.2,0.125,0.049,0.205
1630230,Naji Marshall,1610612740,NOP,2022-23,0.539,0.49,0.172,2.5,1.95,0.7,0.2,111.4,-0.1,0.086,0.027,0.132
1629642,Nassir Little,1610612757,POR,2022-23,0.555,0.538,0.158,0.9,1.39,0.4,0.4,119.9,-8.8,0.068,0.028,0.122
1631466,Nate Williams,1610612757,POR,2022-23,0.657,0.654,0.139,2.0,2.5,0.6,0.4,120.7,-11.0,0.067,0.07,0.039
1630233,Nathan Knight,1610612750,MIN,2022-23,0.655,0.617,0.177,0.3,0.62,0.3,0.2,111.9,-2.3,0.076,0.072,0.118
1629675,Naz Reid,1610612750,MIN,2022-23,0.617,0.602,0.242,1.1,0.84,0.6,0.8,113.3,-4.2,0.122,0.058,0.205
1629674,Neemias Queta,1610612758,SAC,2022-23,0.607,0.667,0.141,0.2,1.0,0.0,0.4,121.7,-43.5,0.089,0.135,0.214
203457,Nerlens Noel,1610612751,BKN,2022-23,0.424,0.375,0.113,0.6,0.77,0.9,0.6,114.2,-16.8,0.046,0.047,0.189
1629651,Nic Claxton,1610612751,BKN,2022-23,0.691,0.705,0.155,1.9,1.5,0.9,2.5,111.3,3.7,0.134,0.088,0.213
1630208,Nick Richards,1610612766,CHA,2022-23,0.676,0.631,0.151,0.6,0.64,0.2,1.1,112.0,-4.5,0.12,0.113,0.21
1629638,Nickeil Alexander-Walker,1610612750,MIN,2022-23,0.565,0.547,0.177,1.8,1.96,0.5,0.4,111.8,-2.0,0.077,0.017,0.095
201587,Nicolas Batum,1610612746,LAC,2022-23,0.594,0.583,0.111,1.6,2.42,0.7,0.6,110.0,4.5,0.072,0.036,0.135
203999,Nikola Jokić,1610612743,DEN,2022-23,0.701,0.66,0.263,9.8,2.74,1.3,0.7,111.6,12.5,0.211,0.08,0.283
1631107,Nikola Jović,1610612748,MIA,2022-23,0.53,0.464,0.185,0.7,1.0,0.5,0.1,109.2,-3.5,0.07,0.043,0.119
202696,Nikola Vučević,1610612741,CHI,2022-23,0.594,0.573,0.218,3.2,1.91,0.7,0.7,112.8,-0.5,0.143,0.062,0.274
203943,Noah Vonleh,1610612738,BOS,2022-23,0.502,0.479,0.09,0.3,0.64,0.1,0.3,113.2,-1.4,0.024,0.11,0.174
1626181,Norman Powell,1610612746,LAC,2022-23,0.612,0.559,0.251,1.8,1.08,0.8,0.3,113.0,-3.8,0.11,0.015,0.093
1628384,OG Anunoby,1610612761,TOR,2022-23,0.586,0.556,0.192,2.0,0.99,1.9,0.7,111.4,3.0,0.087,0.037,0.11
1630167,Obi Toppin,1610612752,NYK,2022-23,0.565,0.548,0.187,1.0,1.74,0.3,0.2,110.4,2.4,0.095,0.026,0.139
1630534,Ochai Agbaji,1610612762,UTA,2022-23,0.561,0.532,0.154,1.1,1.63,0.3,0.3,114.6,-0.2,0.052,0.034,0.058
1630846,Olivier Sarr,1610612760,OKC,2022-23,0.544,0.517,0.13,0.4,1.0,0.1,0.6,104.2,6.8,0.069,0.09,0.147
1630209,Omer Yurtseven,1610612748,MIA,2022-23,0.675,0.648,0.159,0.2,0.5,0.2,0.2,115.5,1.7,0.088,0.089,0.179
1630168,Onyeka Okongwu,1610612737,ATL,2022-23,0.678,0.642,0.15,1.0,1.0,0.7,1.3,112.4,1.8,0.111,0.117,0.19
1631115,Orlando Robinson,1610612748,MIA,2022-23,0.565,0.528,0.116,0.8,1.56,0.4,0.4,106.6,3.8,0.086,0.108,0.201
1629052,Oshae Brissett,1610612754,IND,2022-23,0.52,0.461,0.155,0.7,1.29,0.5,0.2,111.8,0.6,0.073,0.054,0.144
203490,Otto Porter Jr.,1610612761,TOR,2022-23,0.656,0.6,0.104,1.0,2.0,1.4,0.0,114.6,-5.0,0.09,0.038,0.096
1631172,Ousmane Dieng,1610612760,OKC,2022-23,0.505,0.492,0.154,1.2,1.77,0.4,0.2,107.4,2.9,0.074,0.03,0.141
200782,P.J. Tucker,1610612755,PHI,2022-23,0.566,0.549,0.066,0.8,1.36,0.5,0.2,113.3,4.0,0.032,0.055,0.108
1629023,P.J. Washington,1610612766,CHA,2022-23,0.542,0.52,0.2,2.4,1.59,0.9,1.1,114.8,-7.2,0.083,0.028,0.118
1628408,PJ Dozier,1610612758,SAC,2022-23,0.333,0.333,0.203,0.6,2.0,0.4,0.1,107.0,-12.9,0.058,0.012,0.171
1631094,Paolo Banchero,1610612753,ORL,2022-23,0.529,0.465,0.272,3.7,1.35,0.8,0.5,115.3,-4.2,0.108,0.035,0.174
1627783,Pascal Siakam,1610612761,TOR,2022-23,0.565,0.515,0.27,5.8,2.46,0.9,0.5,113.3,2.4,0.135,0.047,0.177
1626192,Pat Connaughton,1610612749,MIL,2022-23,0.531,0.521,0.133,1.3,2.33,0.6,0.2,109.9,3.4,0.075,0.033,0.144
1631116,Patrick Baldwin Jr.,1610612744,GSW,2022-23,0.546,0.541,0.227,0.4,1.0,0.2,0.1,113.2,-12.3,0.092,0.004,0.188
201976,Patrick Beverley,1610612741,CHI,2022-23,0.534,0.511,0.107,2.9,3.23,0.9,0.6,113.1,-1.5,0.056,0.025,0.111
1630172,Patrick Williams,1610612741,CHI,2022-23,0.576,0.549,0.156,1.2,0.99,0.9,0.9,113.2,-2.4,0.069,0.036,0.107
201988,Patty Mills,1610612751,BKN,2022-23,0.554,0.529,0.182,1.4,1.87,0.4,0.1,117.0,-5.8,0.069,0.014,0.062
202331,Paul George,1610612746,LAC,2022-23,0.588,0.536,0.294,5.1,1.64,1.5,0.4,112.5,4.0,0.135,0.025,0.153
1630194,Paul Reed,1610612755,PHI,2022-23,0.62,0.596,0.152,0.4,0.6,0.7,0.7,111.5,-0.4,0.106,0.147,0.207
1630202,Payton Pritchard,1610612738,BOS,2022-23,0.536,0.527,0.193,1.3,1.6,0.3,0.0,106.5,1.4,0.076,0.038,0.094
1631212,Peyton Watson,1610612743,DEN,2022-23,0.553,0.542,0.174,0.5,1.38,0.1,0.5,113.5,-12.0,0.087,0.043,0.139
1630173,Precious Achiuwa,1610612761,TOR,2022-23,0.554,0.521,0.19,0.9,0.85,0.6,0.5,115.6,-1.6,0.1,0.083,0.213
1629656,Quentin Grimes,1610612752,NYK,2022-23,0.619,0.599,0.142,2.1,2.17,0.7,0.4,114.2,4.4,0.07,0.022,0.085
1631245,Quenton Jackson,1610612764,WAS,2022-23,0.542,0.464,0.164,1.7,3.75,0.4,0.1,111.3,-6.7,0.071,0.014,0.044
1630181,R.J. Hampton,1610612765,DET,2022-23,0.558,0.517,0.175,1.1,1.29,0.6,0.2,115.8,-8.7,0.074,0.024,0.093
1629628,RJ Barrett,1610612752,NYK,2022-23,0.531,0.485,0.256,2.8,1.23,0.4,0.2,116.5,-1.2,0.087,0.023,0.121
1630564,RaiQuan Gray,1610612751,BKN,2022-23,0.621,0.583,0.205,7.0,1.75,0.0,1.0,125.7,-17.5,0.107,0.075,0.176
203526,Raul Neto,1610612739,CLE,2022-23,0.628,0.573,0.133,1.6,3.29,0.4,0.1,109.8,1.4,0.087,0.022,0.071
203493,Reggie Bullock Jr.,1610612742,DAL,2022-23,0.577,0.569,0.098,1.4,3.0,0.7,0.2,116.5,-1.8,0.052,0.014,0.112
202704,Reggie Jackson,1610612743,DEN,2022-23,0.514,0.486,0.205,3.4,2.03,0.7,0.1,111.7,-2.2,0.073,0.015,0.071
1626158,Richaun Holmes,1610612758,SAC,2022-23,0.668,0.646,0.132,0.2,0.64,0.1,0.3,113.5,-9.3,0.078,0.082,0.149
201937,Ricky Rubio,1610612739,CLE,2022-23,0.442,0.402,0.172,3.5,3.71,0.8,0.2,104.2,3.0,0.084,0.015,0.112
203496,Robert Covington,1610612746,LAC,2022-23,0.584,0.563,0.149,1.2,1.78,0.8,0.7,110.2,-1.0,0.097,0.038,0.164
1629057,Robert Williams III,1610612738,BOS,2022-23,0.742,0.747,0.113,1.4,1.47,0.6,1.4,105.0,11.4,0.13,0.124,0.209
201577,Robin Lopez,1610612739,CLE,2022-23,0.675,0.653,0.156,0.5,0.76,0.1,0.2,111.0,-8.7,0.07,0.075,0.097
203585,Rodney McGruder,1610612765,DET,2022-23,0.566,0.543,0.135,0.9,2.55,0.5,0.0,114.9,-3.5,0.067,0.035,0.109
1629641,Romeo Langford,1610612759,SAS,2022-23,0.524,0.498,0.148,1.2,1.67,0.6,0.3,115.5,-8.5,0.059,0.06,0.067
1631199,Ron Harper Jr.,1610612761,TOR,2022-23,0.608,0.594,0.136,0.4,0.0,0.0,0.1,98.0,21.8,0.098,0.054,0.093
1626220,Royce O'Neale,1610612751,BKN,2022-23,0.538,0.524,0.136,3.7,2.48,0.9,0.6,111.8,2.1,0.067,0.025,0.129
200752,Rudy Gay,1610612762,UTA,2022-23,0.475,0.437,0.173,1.0,1.54,0.3,0.3,108.6,2.9,0.07,0.038,0.148
203497,Rudy Gobert,1610612750,MIN,2022-23,0.675,0.659,0.161,1.2,0.71,0.8,1.4,110.3,0.4,0.137,0.111,0.26
1629060,Rui Hachimura,1610612747,LAL,2022-23,0.556,0.53,0.194,0.9,1.09,0.3,0.4,109.7,-1.2,0.098,0.036,0.141
201566,Russell Westbrook,1610612746,LAC,2022-23,0.513,0.481,0.266,7.5,2.16,1.0,0.5,114.3,-0.2,0.115,0.042,0.147
1627853,Ryan Arcidiacono,1610612752,NYK,2022-23,0.351,0.351,0.106,1.2,3.29,0.3,0.0,105.9,-12.8,0.026,0.0,0.09
1631157,Ryan Rollins,1610612744,GSW,2022-23,0.508,0.425,0.26,0.5,0.38,0.1,0.1,111.3,-38.1,0.009,0.043,0.153
1630240,Saben Lee,1610612756,PHX,2022-23,0.517,0.45,0.184,2.7,2.79,0.8,0.0,105.1,-4.4,0.097,0.03,0.082
1630180,Saddiq Bey,1610612737,ATL,2022-23,0.564,0.513,0.194,1.5,1.66,0.9,0.2,117.0,-3.1,0.094,0.044,0.127
1630573,Sam Hauser,1610612738,BOS,2022-23,0.634,0.631,0.141,0.9,2.37,0.4,0.3,106.4,7.7,0.084,0.027,0.121
1630241,Sam Merrill,1610612739,CLE,2022-23,0.546,0.523,0.177,1.0,0.0,0.8,0.0,102.5,-3.3,0.12,0.0,0.167
1630572,Sandro Mamukelashvili,1610612759,SAS,2022-23,0.516,0.487,0.177,1.4,1.77,0.3,0.3,116.4,-10.1,0.091,0.093,0.178
1630583,Santi Aldama,1610612763,MEM,2022-23,0.591,0.56,0.157,1.3,1.62,0.6,0.6,110.2,2.6,0.093,0.047,0.162
1630567,Scottie Barnes,1610612761,TOR,2022-23,0.524,0.487,0.2,4.8,2.41,1.1,0.8,111.6,3.2,0.103,0.063,0.135
1630590,Scotty Pippen Jr.,1610612747,LAL,2022-23,0.439,0.375,0.231,0.3,1.0,0.3,0.2,90.9,-1.5,0.051,0.05,0.057
201586,Serge Ibaka,1610612749,MIL,2022-23,0.553,0.537,0.159,0.3,0.36,0.1,0.4,107.6,-6.5,0.068,0.073,0.153
203552,Seth Curry,1610612751,BKN,2022-23,0.593,0.568,0.188,1.6,1.94,0.6,0.1,113.9,-3.5,0.079,0.011,0.071
1631101,Shaedon Sharpe,1610612757,POR,2022-23,0.568,0.551,0.186,1.2,1.13,0.5,0.3,118.4,-7.6,0.071,0.037,0.102
1628983,Shai Gilgeous-Alexander,1610612760,OKC,2022-23,0.626,0.531,0.318,5.5,1.93,1.6,1.0,113.3,2.7,0.175,0.023,0.109
1629003,Shake Milton,1610612755,PHI,2022-23,0.575,0.535,0.175,3.2,2.55,0.3,0.2,110.2,3.9,0.09,0.026,0.096
1627885,Shaquille Harrison,1610612747,LAL,2022-23,0.516,0.458,0.162,6.0,5.0,2.2,0.4,113.4,-0.4,0.117,0.008,0.184
1631323,Simone Fontecchio,1610612762,UTA,2022-23,0.495,0.47,0.192,0.8,1.08,0.3,0.2,118.3,-13.1,0.046,0.036,0.07
1630219,Skylar Mays,1610612757,POR,2022-23,0.624,0.588,0.182,8.3,5.0,1.0,0.2,124.8,-16.3,0.113,0.01,0.097
203915,Spencer Dinwiddie,1610612751,BKN,2022-23,0.573,0.524,0.22,6.5,3.55,0.8,0.3,114.2,-0.1,0.113,0.01,0.092
1626169,Stanley Johnson,1610612762,UTA,2022-23,0.625,0.607,0.148,2.2,2.03,0.5,0.2,118.5,-7.0,0.093,0.047,0.15
1630649,Stanley Umude,1610612765,DET,2022-23,0.532,0.0,0.5,0.0,0.0,1.0,1.0,80.0,95.0,0.25,0.0,0.0
201939,Stephen Curry,1610612744,GSW,2022-23,0.656,0.614,0.297,6.3,1.97,0.9,0.4,112.4,5.8,0.166,0.02,0.147
1628425,Sterling Brown,1610612747,LAL,2022-23,0.0,0.0,0.061,0.5,0.0,0.8,0.0,106.3,0.4,0.031,0.091,0.152
203500,Steven Adams,1610612763,MEM,2022-23,0.564,0.597,0.139,2.3,1.23,0.9,1.1,109.0,9.7,0.112,0.171,0.222
1629004,Svi Mykhailiuk,1610612766,CHA,2022-23,0.584,0.566,0.191,1.7,2.21,0.5,0.1,108.5,1.0,0.092,0.032,0.079
204456,T.J. McConnell,1610612754,IND,2022-23,0.59,0.568,0.182,5.3,2.78,1.1,0.1,112.9,-2.4,0.134,0.028,0.123
203933,T.J. Warren,1610612756,PHX,2022-23,0.55,0.53,0.185,1.0,2.0,0.5,0.3,108.4,4.4,0.09,0.038,0.131
201959,Taj Gibson,1610612764,WAS,2022-23,0.585,0.552,0.151,0.7,1.31,0.3,0.2,111.7,-1.1,0.059,0.068,0.143
1629659,Talen Horton-Tucker,1610612762,UTA,2022-23,0.508,0.467,0.25,3.8,1.95,0.6,0.4,112.0,0.1,0.1,0.03,0.117
1631106,Tari Eason,1610612745,HOU,2022-23,0.525,0.493,0.184,1.1,0.87,1.2,0.6,113.4,-4.8,0.095,0.101,0.172
1627752,Taurean Prince,1610612750,MIN,2022-23,0.597,0.565,0.165,1.6,1.22,0.5,0.3,111.0,0.9,0.065,0.013,0.096
1629611,Terance Mann,1610612746,LAC,2022-23,0.619,0.593,0.149,2.3,2.3,0.5,0.3,113.5,0.3,0.087,0.042,0.107
1629056,Terence Davis,1610612758,SAC,2022-23,0.563,0.545,0.215,1.0,1.26,0.7,0.2,111.4,4.0,0.08,0.024,0.14
203082,Terrence Ross,1610612756,PHX,2022-23,0.544,0.532,0.166,1.5,2.21,0.6,0.2,114.7,-2.6,0.069,0.016,0.099
1626179,Terry Rozier,1610612766,CHA,2022-23,0.517,0.484,0.262,5.1,2.38,1.2,0.3,115.6,-6.2,0.101,0.021,0.095
1630678,Terry Taylor,1610612741,CHI,2022-23,0.557,0.553,0.129,0.3,1.11,0.1,0.2,108.8,4.5,0.059,0.088,0.076
201152,Thaddeus Young,1610612761,TOR,2022-23,0.573,0.561,0.131,1.4,1.79,1.0,0.1,115.0,-5.6,0.084,0.083,0.136
203648,Thanasis Antetokounmpo,1610612749,MIL,2022-23,0.458,0.435,0.138,0.4,1.25,0.1,0.1,120.1,-26.6,0.041,0.075,0.139
1630177,Theo Maledon,1610612766,CHA,2022-23,0.515,0.457,0.166,3.5,2.58,0.8,0.3,115.8,-8.9,0.091,0.016,0.128
1629033,Theo Pinson,1610612742,DAL,2022-23,0.512,0.483,0.136,1.2,3.83,0.2,0.0,116.2,-7.6,0.073,0.029,0.163
1628418,Thomas Bryant,1610612743,DEN,2022-23,0.682,0.659,0.181,0.5,0.82,0.3,0.5,115.8,-4.7,0.129,0.081,0.223
203501,Tim Hardaway Jr.,1610612742,DAL,2022-23,0.554,0.527,0.201,1.8,2.15,0.7,0.2,114.5,3.4,0.081,0.01,0.108
202699,Tobias Harris,1610612755,PHI,2022-23,0.602,0.575,0.18,2.5,2.09,0.9,0.5,111.7,5.5,0.105,0.03,0.15
1628396,Tony Bradley,1610612741,CHI,2022-23,0.69,0.625,0.174,0.1,1.0,0.1,0.1,96.2,9.9,0.147,0.029,0.278
1628470,Torrey Craig,1610612756,PHX,2022-23,0.566,0.556,0.128,1.5,1.6,0.6,0.8,115.5,-3.7,0.073,0.073,0.146
1629027,Trae Young,1610612737,ATL,2022-23,0.573,0.485,0.313,10.2,2.47,1.1,0.1,114.6,1.3,0.143,0.021,0.062
1630200,Tre Jones,1610612759,SAS,2022-23,0.534,0.489,0.189,6.6,4.07,1.3,0.1,118.8,-7.8,0.111,0.026,0.099
1630544,Tre Mann,1610612760,OKC,2022-23,0.492,0.474,0.2,1.8,1.94,0.6,0.2,108.2,1.0,0.072,0.021,0.104
1630570,Trendon Watford,1610612757,POR,2022-23,0.625,0.599,0.158,2.1,1.83,0.5,0.2,117.9,-7.1,0.097,0.037,0.173
1630235,Trent Forrest,1610612737,ATL,2022-23,0.424,0.417,0.116,1.7,2.53,0.3,0.1,114.4,-10.1,0.055,0.018,0.117
1630243,Trevelin Queen,1610612755,PHI,2022-23,0.337,0.276,0.194,0.9,0.86,0.3,0.7,98.0,9.2,0.046,0.086,0.138
1631309,Trevor Hudgins,1610612745,HOU,2022-23,0.436,0.333,0.177,0.6,3.0,0.0,0.0,98.3,7.0,0.032,0.0,0.0
1631211,Trevor Keels,1610612752,NYK,2022-23,0.375,0.375,0.211,0.0,0.0,0.0,0.0,136.8,-94.7,0.058,0.0,0.25
1626168,Trey Lyles,1610612758,SAC,2022-23,0.607,0.565,0.174,0.9,1.03,0.4,0.4,112.3,4.0,0.099,0.054,0.184
1630530,Trey Murphy III,1610612740,NOP,2022-23,0.65,0.61,0.159,1.4,1.84,1.1,0.5,112.8,0.5,0.094,0.025,0.092
1628972,Troy Brown Jr.,1610612747,LAL,2022-23,0.561,0.545,0.119,1.3,1.94,0.8,0.2,112.5,-0.5,0.067,0.033,0.123
1629660,Ty Jerome,1610612744,GSW,2022-23,0.594,0.56,0.147,3.0,4.5,0.5,0.1,116.3,-5.6,0.092,0.009,0.091
1631102,TyTy Washington Jr.,1610612745,HOU,2022-23,0.432,0.422,0.17,1.5,3.36,0.5,0.1,111.0,-6.1,0.057,0.004,0.099
1628416,Tyler Dorsey,1610612742,DAL,2022-23,0.9,0.9,0.227,0.0,0.0,0.0,0.0,81.3,7.0,0.365,0.1,0.1
1629639,Tyler Herro,1610612748,MIA,2022-23,0.566,0.531,0.25,4.2,1.77,0.8,0.2,111.3,2.7,0.119,0.012,0.154
1630169,Tyrese Haliburton,1610612754,IND,2022-23,0.624,0.586,0.238,10.4,4.15,1.6,0.4,117.9,-1.0,0.159,0.018,0.092
1631213,Tyrese Martin,1610612737,ATL,2022-23,0.44,0.413,0.164,0.1,1.0,0.1,0.0,104.4,2.3,0.054,0.065,0.109
1630178,Tyrese Maxey,1610612755,PHI,2022-23,0.605,0.568,0.236,3.5,2.65,0.8,0.1,112.6,5.4,0.109,0.012,0.079
1626145,Tyus Jones,1610612763,MEM,2022-23,0.546,0.523,0.175,5.2,5.64,1.0,0.1,111.6,2.0,0.116,0.014,0.084
1628962,Udoka Azubuike,1610612762,UTA,2022-23,0.774,0.819,0.113,0.3,0.61,0.2,0.4,114.9,-11.7,0.114,0.082,0.224
2617,Udonis Haslem,1610612748,MIA,2022-23,0.433,0.397,0.185,0.0,0.0,0.1,0.3,115.7,-11.8,0.022,0.047,0.101
1630586,Usman Garuba,1610612745,HOU,2022-23,0.569,0.554,0.099,0.9,1.36,0.6,0.4,115.5,-12.2,0.079,0.11,0.194
1630176,Vernon Carey Jr.,1610612762,UTA,2022-23,0.338,0.25,0.147,0.3,1.5,0.2,0.2,91.9,-17.3,0.11,0.081,0.296
203506,Victor Oladipo,1610612748,MIA,2022-23,0.513,0.484,0.204,3.5,1.68,1.4,0.3,111.5,-1.5,0.076,0.014,0.109
1631246,Vince Williams Jr.,1610612763,MEM,2022-23,0.367,0.35,0.176,0.3,0.8,0.4,0.1,104.0,-14.8,0.024,0.03,0.12
1628427,Vlatko Čančar,1610612743,DEN,2022-23,0.606,0.57,0.134,1.3,2.16,0.4,0.2,113.1,-3.9,0.076,0.027,0.119
1630249,Vít Krejčí,1610612737,ATL,2022-23,0.475,0.473,0.108,0.6,3.4,0.2,0.0,109.5,-1.8,0.053,0.036,0.125
1631117,Walker Kessler,1610612762,UTA,2022-23,0.702,0.721,0.13,0.9,1.19,0.4,2.3,112.7,3.0,0.128,0.133,0.205
1628976,Wendell Carter Jr.,1610612753,ORL,2022-23,0.621,0.591,0.204,2.3,1.25,0.5,0.6,111.4,-0.8,0.126,0.074,0.221
1631111,Wendell Moore Jr.,1610612750,MIN,2022-23,0.465,0.442,0.139,0.6,2.25,0.3,0.2,112.9,-13.5,0.06,0.025,0.086
1629117,Wenyen Gabriel,1610612747,LAL,2022-23,0.626,0.615,0.135,0.5,0.78,0.4,0.5,111.4,-0.2,0.082,0.111,0.152
202083,Wesley Matthews,1610612749,MIL,2022-23,0.519,0.484,0.095,0.7,1.89,0.4,0.3,108.3,2.8,0.041,0.04,0.087
203115,Will Barton,1610612761,TOR,2022-23,0.493,0.47,0.182,2.0,2.33,0.5,0.2,113.2,-8.4,0.078,0.014,0.125
1626195,Willy Hernangomez,1610612740,NOP,2022-23,0.61,0.536,0.222,0.9,0.85,0.4,0.3,106.8,1.7,0.141,0.118,0.262
1641645,Xavier Cooks,1610612764,WAS,2022-23,0.586,0.607,0.127,0.6,0.75,0.6,0.4,107.3,7.4,0.078,0.113,0.152
1629875,Xavier Moon,1610612746,LAC,2022-23,0.389,0.389,0.233,1.3,5.0,0.0,0.0,82.5,9.8,0.1,0.0,0.15
1630270,Xavier Sneed,1610612766,CHA,2022-23,0.723,0.65,0.136,1.3,1.67,0.0,0.3,110.4,-24.8,0.074,0.0,0.085
1630214,Xavier Tillman,1610612763,MEM,2022-23,0.621,0.621,0.136,1.6,2.18,1.0,0.5,110.1,0.7,0.105,0.095,0.155
1629139,Yuta Watanabe,1610612751,BKN,2022-23,0.637,0.621,0.127,0.8,2.18,0.4,0.3,112.9,-0.6,0.076,0.034,0.117
1628380,Zach Collins,1610612759,SAS,2022-23,0.599,0.568,0.209,2.9,1.4,0.6,0.8,116.3,-7.5,0.11,0.076,0.19
203897,Zach LaVine,1610612741,CHI,2022-23,0.607,0.558,0.278,4.2,1.69,0.9,0.2,111.7,0.3,0.126,0.016,0.108
1630192,Zeke Nnaji,1610612743,DEN,2022-23,0.62,0.605,0.149,0.3,0.58,0.3,0.4,107.4,-5.9,0.072,0.087,0.099
1630533,Ziaire Williams,1610612763,MEM,2022-23,0.511,0.492,0.178,0.9,0.95,0.4,0.2,112.2,-5.2,0.052,0.028,0.105
1629627,Zion Williamson,1610612740,NOP,2022-23,0.652,0.615,0.288,4.6,1.34,1.1,0.6,108.4,7.8,0.171,0.06,0.148
1630639,A.J. Lawson,1610612742,DAL,2023-24,0.519,0.5,0.18,0.5,1.43,0.2,0.1,105.3,1.2,0.076,0.039,0.105
1631260,AJ Green,1610612749,MIL,2023-24,0.617,0.599,0.15,0.5,2.5,0.2,0.1,110.5,3.5,0.068,0.015,0.089
1631100,AJ Griffin,1610612737,ATL,2023-24,0.382,0.371,0.167,0.3,0.63,0.1,0.1,120.1,-14.0,0.017,0.011,0.108
203932,Aaron Gordon,1610612743,DEN,2023-24,0.607,0.584,0.174,3.5,2.47,0.8,0.6,111.1,8.7,0.103,0.078,0.129
1628988,Aaron Holiday,1610612745,HOU,2023-24,0.578,0.547,0.158,1.8,2.64,0.5,0.1,107.6,2.9,0.078,0.017,0.075
1630174,Aaron Nesmith,1610612754,IND,2023-24,0.631,0.606,0.158,1.5,1.69,0.9,0.7,115.0,4.3,0.071,0.032,0.103
1630598,Aaron Wiggins,1610612760,OKC,2023-24,0.664,0.645,0.163,1.1,1.54,0.7,0.2,110.0,5.7,0.096,0.052,0.095
1641745,Adam Flagler,1610612760,OKC,2023-24,0.214,0.214,0.212,2.0,0.0,0.0,0.0,109.7,0.0,0.013,0.0,0.0
1641766,Adama Sanogo,1610612741,CHI,2023-24,0.558,0.519,0.21,0.0,0.0,0.1,0.0,93.6,21.7,0.149,0.253,0.266
1629678,Admiral Schofield,1610612753,ORL,2023-24,0.484,0.5,0.167,0.3,1.4,0.0,0.0,95.6,-5.2,0.063,0.035,0.149
201143,Al Horford,1610612738,BOS,2023-24,0.65,0.64,0.119,2.6,3.5,0.6,1.0,109.5,11.4,0.105,0.048,0.178
202692,Alec Burks,1610612752,NYK,2023-24,0.536,0.478,0.234,1.3,1.83,0.4,0.2,118.5,-10.7,0.087,0.019,0.103
1630197,Aleksej Pokusevski,1610612766,CHA,2023-24,0.525,0.479,0.172,1.3,1.84,0.5,0.5,113.2,-9.7,0.095,0.042,0.173
1627936,Alex Caruso,1610612741,CHI,2023-24,0.613,0.593,0.146,3.5,2.42,1.7,1.0,110.6,0.3,0.089,0.031,0.103
1641788,Alex Fudge,1610612742,DAL,2023-24,0.472,0.433,0.176,0.0,0.0,0.5,0.0,129.1,-47.3,0.052,0.087,0.029
203458,Alex Len,1610612758,SAC,2023-24,0.625,0.617,0.114,1.0,1.85,0.2,0.7,100.8,15.4,0.092,0.098,0.179
1631214,Alondes Williams,1610612748,MIA,2023-24,0.296,0.25,0.25,0.0,0.0,0.0,0.1,110.5,-52.6,-0.067,0.0,0.067
1630578,Alperen Sengun,1610612745,HOU,2023-24,0.585,0.553,0.27,5.0,1.93,1.2,0.7,113.2,0.8,0.149,0.086,0.193
1641735,Amari Bailey,1610612766,CHA,2023-24,0.425,0.354,0.207,0.7,1.75,0.3,0.0,106.0,5.4,0.058,0.098,0.041
1641708,Amen Thompson,1610612745,HOU,2023-24,0.576,0.545,0.173,2.6,1.81,1.3,0.6,109.3,2.1,0.121,0.095,0.184
1629599,Amir Coffey,1610612746,LAC,2023-24,0.604,0.571,0.119,1.1,2.3,0.6,0.2,118.0,-3.4,0.059,0.02,0.08
203083,Andre Drummond,1610612741,CHI,2023-24,0.576,0.556,0.201,0.5,0.46,0.9,0.6,113.3,0.8,0.155,0.187,0.331
1641748,Andre Jackson Jr.,1610612749,MIL,2023-24,0.596,0.585,0.097,0.9,1.79,0.3,0.1,119.6,-7.3,0.044,0.077,0.127
1641847,Andrew Funk,1610612741,CHI,2023-24,0.0,0.0,0.108,0.0,0.0,0.2,0.2,93.3,17.0,-0.045,0.0,0.0
1629614,Andrew Nembhard,1610612754,IND,2023-24,0.573,0.557,0.161,4.1,2.77,0.9,0.1,114.0,2.2,0.075,0.021,0.06
203952,Andrew Wiggins,1610612744,GSW,2023-24,0.544,0.511,0.206,1.7,1.37,0.6,0.6,116.3,-1.3,0.078,0.055,0.105
1629014,Anfernee Simons,1610612757,POR,2023-24,0.568,0.523,0.276,5.5,2.02,0.5,0.1,120.5,-10.6,0.111,0.013,0.097
1641710,Anthony Black,1610612753,ORL,2023-24,0.56,0.54,0.123,1.3,1.63,0.5,0.3,108.9,-1.0,0.054,0.029,0.093
203076,Anthony Davis,1610612747,LAL,2023-24,0.621,0.567,0.261,3.5,1.67,1.2,2.3,114.0,2.6,0.168,0.093,0.252
1630162,Anthony Edwards,1610612750,MIN,2023-24,0.575,0.522,0.314,5.1,1.68,1.3,0.5,108.5,7.3,0.145,0.02,0.131
1630264,Anthony Gill,1610612764,WAS,2023-24,0.537,0.5,0.177,0.7,1.48,0.3,0.2,112.1,1.2,0.074,0.078,0.117
1629717,Armoni Brooks,1610612751,BKN,2023-24,0.448,0.446,0.188,0.5,1.67,0.1,0.1,114.0,13.7,0.054,0.061,0.098
1630204,Ashton Hagans,1610612757,POR,2023-24,0.51,0.465,0.144,2.8,1.8,0.6,0.5,106.5,-1.1,0.068,0.041,0.101
1641709,Ausar Thompson,1610612765,DET,2023-24,0.522,0.505,0.161,1.9,1.43,1.1,0.9,113.1,-5.3,0.084,0.077,0.173
1630559,Austin Reaves,1610612747,LAL,2023-24,0.613,0.568,0.198,5.5,2.59,0.8,0.3,115.6,-1.0,0.105,0.023,0.107
1630245,Ayo Dosunmu,1610612741,CHI,2023-24,0.604,0.583,0.168,3.2,2.35,0.9,0.5,114.9,-3.3,0.083,0.024,0.072
1628389,Bam Adebayo,1610612748,MIA,2023-24,0.576,0.529,0.247,3.9,1.72,1.1,0.9,109.3,0.8,0.152,0.067,0.242
1641767,Ben Sheppard,1610612754,IND,2023-24,0.524,0.5,0.125,0.9,3.53,0.6,0.0,114.2,4.7,0.046,0.018,0.092
1627732,Ben Simmons,1610612751,BKN,2023-24,0.571,0.581,0.126,5.7,3.19,0.8,0.6,113.0,-3.4,0.119,0.08,0.241
1631097,Bennedict Mathurin,1610612754,IND,2023-24,0.562,0.507,0.226,2.0,1.23,0.6,0.2,117.9,-2.9,0.087,0.038,0.113
1641731,Bilal Coulibaly,1610612764,WAS,2023-24,0.543,0.509,0.139,1.7,1.26,0.9,0.8,118.4,-11.0,0.057,0.031,0.116
202687,Bismack Biyombo,1610612760,OKC,2023-24,0.562,0.565,0.106,1.3,1.26,0.3,0.9,114.1,-3.8,0.065,0.076,0.179
1631104,Blake Wesley,1610612759,SAS,2023-24,0.537,0.502,0.144,2.7,3.02,0.5,0.1,112.4,-7.8,0.069,0.019,0.084
1626246,Boban Marjanovic,1610612745,HOU,2023-24,0.56,0.529,0.247,0.4,1.2,0.1,0.1,115.3,-13.4,0.157,0.1,0.309
1626171,Bobby Portis,1610612749,MIL,2023-24,0.581,0.562,0.224,1.3,1.14,0.8,0.4,116.0,-0.1,0.122,0.071,0.228
203992,Bogdan Bogdanović,1610612737,ATL,2023-24,0.569,0.537,0.218,3.1,2.21,1.2,0.3,114.4,1.9,0.092,0.021,0.092
202711,Bojan Bogdanovic,1610612752,NYK,2023-24,0.581,0.551,0.242,1.7,0.96,0.5,0.1,121.3,-11.4,0.083,0.015,0.092
1629626,Bol Bol,1610612756,PHX,2023-24,0.7,0.689,0.156,0.4,0.89,0.2,0.6,108.8,0.1,0.133,0.069,0.202
1630538,Bones Hyland,1610612746,LAC,2023-24,0.49,0.474,0.241,2.5,2.11,0.7,0.1,111.5,-6.0,0.081,0.009,0.088
203078,Bradley Beal,1610612756,PHX,2023-24,0.607,0.582,0.224,5.0,2.02,1.0,0.5,113.2,3.0,0.106,0.033,0.099
1641764,Brandin Podziemski,1610612744,GSW,2023-24,0.54,0.529,0.149,3.7,3.1,0.8,0.2,111.6,5.9,0.094,0.058,0.149
1630527,Brandon Boston,1610612746,LAC,2023-24,0.476,0.447,0.24,0.4,0.54,0.3,0.3,118.0,-15.7,0.046,0.05,0.093
1629634,Brandon Clarke,1610612763,MEM,2023-24,0.548,0.568,0.188,1.5,3.0,0.8,1.0,104.6,-3.9,0.126,0.077,0.145
1627742,Brandon Ingram,1610612740,NOP,2023-24,0.578,0.534,0.269,5.7,2.23,0.8,0.6,112.6,4.0,0.126,0.021,0.133
1641706,Brandon Miller,1610612766,CHA,2023-24,0.552,0.524,0.235,2.4,1.33,0.9,0.6,119.1,-10.2,0.083,0.025,0.112
1630314,Brandon Williams,1610612742,DAL,2023-24,0.439,0.398,0.239,1.0,2.43,0.1,0.1,113.6,-21.7,0.069,0.028,0.076
1630296,Braxton Key,1610612743,DEN,2023-24,0.536,0.471,0.148,0.5,9.0,0.1,0.1,103.8,-8.3,0.143,0.049,0.242
1641729,Brice Sensabaugh,1610612762,UTA,2023-24,0.511,0.468,0.201,1.7,1.17,0.4,0.2,123.5,-14.2,0.065,0.027,0.151
201572,Brook Lopez,1610612749,MIL,2023-24,0.608,0.583,0.156,1.6,1.61,0.5,2.4,111.9,5.2,0.083,0.049,0.11
1628971,Bruce Brown,1610612761,TOR,2023-24,0.563,0.523,0.161,2.9,2.23,0.9,0.3,121.4,-5.8,0.076,0.028,0.126
1628981,Bruno Fernando,1610612737,ATL,2023-24,0.615,0.583,0.172,1.0,1.05,0.6,0.6,113.9,-6.4,0.096,0.088,0.201
1631121,Bryce McGowens,1610612766,CHA,2023-24,0.565,0.513,0.147,0.9,1.7,0.4,0.2,116.3,-13.0,0.06,0.019,0.098
1631205,Buddy Boeheim,1610612765,DET,2023-24,0.509,0.448,0.161,0.3,0.0,0.0,0.1,104.0,10.2,0.057,0.034,0.073
1627741,Buddy Hield,1610612755,PHI,2023-24,0.578,0.565,0.186,2.8,2.29,0.8,0.5,115.7,1.1,0.083,0.027,0.098
203468,CJ McCollum,1610612740,NOP,2023-24,0.592,0.572,0.244,4.6,2.77,0.9,0.6,112.2,3.7,0.118,0.018,0.116
1630595,Cade Cunningham,1610612765,DET,2023-24,0.546,0.5,0.298,7.5,2.19,0.9,0.4,117.8,-7.9,0.126,0.016,0.115
1631216,Caleb Houstan,1610612753,ORL,2023-24,0.582,0.563,0.122,0.5,1.81,0.3,0.1,111.2,-1.8,0.051,0.034,0.067
1628997,Caleb Martin,1610612748,MIA,2023-24,0.531,0.504,0.168,2.2,1.86,0.7,0.5,111.1,1.9,0.075,0.042,0.119
1629629,Cam Reddish,1610612747,LAL,2023-24,0.504,0.468,0.123,1.0,1.55,1.0,0.3,112.5,-2.8,0.044,0.028,0.071
1630560,Cam Thomas,1610612751,BKN,2023-24,0.554,0.503,0.296,2.9,1.55,0.7,0.2,116.7,-5.2,0.105,0.013,0.089
1641715,Cam Whitmore,1610612745,HOU,2023-24,0.561,0.539,0.255,0.7,0.72,0.6,0.4,111.6,-1.0,0.11,0.044,0.148
1629661,Cameron Johnson,1610612751,BKN,2023-24,0.582,0.557,0.19,2.4,2.42,0.8,0.3,114.9,-3.4,0.097,0.032,0.124
1626166,Cameron Payne,1610612755,PHI,2023-24,0.566,0.541,0.185,2.6,3.11,0.5,0.1,113.2,-0.8,0.083,0.016,0.073
1627747,Caris LeVert,1610612739,CLE,2023-24,0.524,0.487,0.224,5.1,2.96,1.1,0.5,111.2,2.8,0.107,0.02,0.121
1641717,Cason Wallace,1610612760,OKC,2023-24,0.612,0.602,0.127,1.5,2.67,0.9,0.5,110.0,3.9,0.071,0.032,0.077
1626224,Cedi Osman,1610612759,SAS,2023-24,0.601,0.591,0.146,1.7,2.53,0.5,0.2,119.2,-13.2,0.077,0.018,0.122
1629646,Charles Bassey,1610612759,SAS,2023-24,0.739,0.725,0.11,1.1,1.4,0.4,0.9,116.7,-11.6,0.116,0.102,0.265
1629718,Charlie Brown Jr.,1610612752,NYK,2023-24,0.3,0.3,0.145,0.0,0.0,0.0,0.3,105.1,-1.0,-0.047,0.025,0.027
1631096,Chet Holmgren,1610612760,OKC,2023-24,0.632,0.598,0.21,2.4,1.53,0.6,2.3,109.2,9.0,0.133,0.056,0.198
1629002,Chimezie Metu,1610612765,DET,2023-24,0.61,0.561,0.162,0.9,0.88,0.8,0.3,112.0,-6.6,0.1,0.05,0.177
1628449,Chris Boucher,1610612761,TOR,2023-24,0.625,0.578,0.167,0.5,0.82,0.3,0.5,113.6,2.4,0.106,0.084,0.202
1630537,Chris Duarte,1610612758,SAC,2023-24,0.512,0.486,0.146,0.7,1.69,0.5,0.1,113.5,-3.1,0.052,0.034,0.113
1641753,Chris Livingston,1610612749,MIL,2023-24,0.547,0.523,0.136,0.2,1.0,0.1,0.0,116.8,-14.3,0.053,0.037,0.222
101108,Chris Paul,1610612744,GSW,2023-24,0.544,0.525,0.154,6.8,5.17,1.2,0.1,111.0,2.8,0.116,0.011,0.126
1631128,Christian Braun,1610612743,DEN,2023-24,0.554,0.525,0.152,1.6,2.4,0.5,0.4,109.3,0.7,0.084,0.046,0.126
1626174,Christian Wood,1610612747,LAL,2023-24,0.568,0.532,0.173,1.0,0.98,0.3,0.7,109.9,0.0,0.101,0.048,0.226
1629643,Chuma Okeke,1610612753,ORL,2023-24,0.465,0.46,0.131,0.4,1.25,0.2,0.1,106.8,-7.3,0.066,0.039,0.145
203991,Clint Capela,1610612737,ATL,2023-24,0.59,0.571,0.167,1.2,1.23,0.6,1.5,115.6,-0.1,0.121,0.157,0.232
1629632,Coby White,1610612741,CHI,2023-24,0.57,0.534,0.224,5.1,2.44,0.7,0.2,115.8,-0.7,0.099,0.015,0.11
1628998,Cody Martin,1610612766,CHA,2023-24,0.46,0.444,0.157,3.7,2.36,1.1,0.6,117.0,-10.5,0.066,0.024,0.124
203469,Cody Zeller,1610612740,NOP,2023-24,0.483,0.427,0.116,0.9,2.44,0.2,0.1,108.0,6.3,0.075,0.133,0.185
1641732,Colby Jones,1610612758,SAC,2023-24,0.422,0.408,0.178,0.7,2.0,0.2,0.2,103.3,1.5,0.053,0.076,0.12
1630175,Cole Anthony,1610612753,ORL,2023-24,0.545,0.496,0.232,2.9,1.87,0.8,0.5,110.0,2.6,0.109,0.036,0.14
1631306,Cole Swider,1610612748,MIA,2023-24,0.54,0.526,0.226,0.3,0.63,0.1,0.1,110.0,-11.1,0.057,0.011,0.075
1630658,Colin Castleton,1610612747,LAL,2023-24,0.644,0.563,0.157,0.2,1.0,0.1,0.0,117.6,-35.2,0.078,0.094,0.118
1631221,Collin Gillespie,1610612743,DEN,2023-24,0.586,0.572,0.166,1.1,1.93,0.5,0.0,109.2,2.5,0.071,0.004,0.085
1629012,Collin Sexton,1610612762,UTA,2023-24,0.607,0.549,0.267,4.9,2.32,0.8,0.2,120.4,-3.4,0.12,0.033,0.064
1630557,Corey Kispert,1610612764,WAS,2023-24,0.62,0.602,0.191,2.0,1.6,0.5,0.2,119.4,-10.7,0.084,0.014,0.091
202709,Cory Joseph,1610612744,GSW,2023-24,0.47,0.461,0.108,1.6,3.5,0.2,0.1,117.2,-3.0,0.042,0.019,0.083
1641854,Craig Porter Jr.,1610612739,CLE,2023-24,0.564,0.535,0.201,2.3,2.62,0.4,0.3,113.4,-1.6,0.113,0.035,0.138
1626156,D'Angelo Russell,1610612747,LAL,2023-24,0.588,0.56,0.222,6.3,3.09,0.9,0.5,113.9,2.6,0.103,0.012,0.079
1641793,D'Moi Hodge,1610612747,LAL,2023-24,0.441,0.433,0.172,0.7,5.0,0.1,0.1,130.6,-44.2,0.027,0.0,0.0
1630618,D.J. Carton,1610612761,TOR,2023-24,0.539,0.438,0.125,0.8,3.0,0.3,0.0,122.8,-41.3,0.06,0.051,0.043
1628391,D.J. Wilson,1610612755,PHI,2023-24,0.833,0.833,0.182,1.0,0.0,0.0,1.0,117.2,2.8,0.172,0.083,0.071
1629610,DaQuan Jeffries,1610612752,NYK,2023-24,0.391,0.412,0.193,0.3,1.67,0.0,0.1,95.0,-7.4,0.038,0.0,0.096
1630227,Daishen Nix,1610612750,MIN,2023-24,0.507,0.5,0.241,0.4,1.2,0.3,0.0,99.1,20.2,0.068,0.018,0.043
1630625,Dalano Banton,1610612757,POR,2023-24,0.504,0.463,0.25,2.4,1.65,0.6,0.4,114.7,-10.2,0.1,0.036,0.13
1631207,Dalen Terry,1610612741,CHI,2023-24,0.512,0.494,0.127,1.4,2.53,0.5,0.3,110.7,2.2,0.063,0.042,0.124
1627745,Damian Jones,1610612739,CLE,2023-24,0.659,0.618,0.149,0.4,1.15,0.2,0.3,112.6,-18.7,0.115,0.075,0.167
203081,Damian Lillard,1610612749,MIL,2023-24,0.59,0.51,0.274,7.0,2.63,1.0,0.2,112.4,6.9,0.132,0.014,0.102
1629655,Daniel Gafford,1610612742,DAL,2023-24,0.731,0.725,0.145,1.6,1.55,0.9,2.1,116.0,-2.2,0.121,0.105,0.186
1628464,Daniel Theis,1610612746,LAC,2023-24,0.597,0.577,0.15,1.0,1.45,0.4,0.9,113.2,2.4,0.084,0.084,0.15
201568,Danilo Gallinari,1610612749,MIL,2023-24,0.601,0.516,0.171,1.1,2.39,0.3,0.1,117.5,-8.4,0.093,0.032,0.146
201980,Danny Green,1610612755,PHI,2023-24,0.0,0.0,0.043,0.5,0.0,0.5,0.0,120.5,-5.9,0.012,0.0,0.111
203957,Danté Exum,1610612742,DAL,2023-24,0.645,0.621,0.148,2.9,3.2,0.4,0.1,110.5,10.3,0.093,0.023,0.108
1627863,Danuel House Jr.,1610612755,PHI,2023-24,0.575,0.519,0.116,0.8,1.47,0.4,0.1,107.7,2.3,0.053,0.03,0.081
203967,Dario Šarić,1610612744,GSW,2023-24,0.6,0.562,0.19,2.3,1.85,0.5,0.2,115.3,-1.6,0.111,0.063,0.192
1641727,Dariq Whitehead,1610612751,BKN,2023-24,0.255,0.2,0.094,1.5,0.0,0.0,0.5,153.7,-42.8,0.035,0.0,0.19
1629647,Darius Bazley,1610612762,UTA,2023-24,0.68,0.633,0.118,0.8,0.88,0.7,0.8,125.2,-11.3,0.089,0.051,0.132
1629636,Darius Garland,1610612739,CLE,2023-24,0.56,0.524,0.249,6.5,2.12,1.3,0.1,111.4,2.1,0.104,0.017,0.064
1630561,David Duke Jr.,1610612759,SAS,2023-24,0.673,0.639,0.179,1.3,1.67,0.5,0.0,110.9,4.4,0.114,0.042,0.14
1631223,David Roddy,1610612756,PHX,2023-24,0.484,0.462,0.177,1.2,1.4,0.4,0.2,113.6,-9.3,0.068,0.042,0.134
1630558,Davion Mitchell,1610612758,SAC,2023-24,0.555,0.54,0.147,1.9,3.12,0.2,0.0,112.1,-2.6,0.064,0.017,0.071
202722,Davis Bertans,1610612766,CHA,2023-24,0.583,0.556,0.169,0.8,1.94,0.6,0.3,114.2,-7.2,0.069,0.013,0.081
1630549,Day'Ron Sharpe,1610612751,BKN,2023-24,0.596,0.578,0.185,1.4,1.21,0.4,0.7,108.0,4.8,0.131,0.163,0.235
1628368,De'Aaron Fox,1610612758,SAC,2023-24,0.567,0.534,0.3,5.6,2.15,2.0,0.4,112.3,4.3,0.128,0.024,0.104
1629631,De'Andre Hunter,1610612737,ATL,2023-24,0.595,0.547,0.204,1.5,1.05,0.7,0.3,117.9,-1.3,0.079,0.018,0.116
1629001,De'Anthony Melton,1610612755,PHI,2023-24,0.533,0.493,0.177,3.0,2.92,1.6,0.4,112.0,10.0,0.079,0.027,0.111
201599,DeAndre Jordan,1610612743,DEN,2023-24,0.61,0.624,0.147,0.7,1.13,0.2,0.4,115.9,-10.7,0.11,0.126,0.237
1630610,DeJon Jarreau,1610612763,MEM,2023-24,0.392,0.38,0.171,2.9,2.89,0.7,0.2,107.5,-4.6,0.09,0.043,0.238
201942,DeMar DeRozan,1610612741,CHI,2023-24,0.584,0.507,0.252,5.3,3.12,1.1,0.6,114.6,-1.0,0.129,0.014,0.101
1629731,Dean Wade,1610612739,CLE,2023-24,0.598,0.584,0.101,0.8,2.15,0.7,0.5,103.5,8.3,0.073,0.033,0.154
1629028,Deandre Ayton,1610612757,POR,2023-24,0.587,0.571,0.211,1.6,0.91,1.0,0.8,115.3,-8.7,0.141,0.096,0.25
1627749,Dejounte Murray,1610612737,ATL,2023-24,0.555,0.528,0.259,6.4,2.5,1.4,0.3,119.5,-2.7,0.122,0.021,0.13
1626153,Delon Wright,1610612748,MIA,2023-24,0.505,0.46,0.127,2.5,8.5,1.1,0.2,109.7,1.0,0.093,0.025,0.089
1630166,Deni Avdija,1610612764,WAS,2023-24,0.597,0.56,0.196,3.8,1.79,0.8,0.5,116.2,-6.5,0.109,0.036,0.192
203471,Dennis Schröder,1610612751,BKN,2023-24,0.55,0.509,0.202,6.1,3.19,0.8,0.2,115.4,-2.8,0.095,0.015,0.082
1628372,Dennis Smith Jr.,1610612751,BKN,2023-24,0.508,0.482,0.174,3.6,2.99,1.2,0.2,109.9,-0.1,0.092,0.046,0.108
1641726,Dereck Lively II,1610612742,DAL,2023-24,0.728,0.747,0.124,1.1,1.2,0.7,1.4,115.6,5.0,0.102,0.106,0.179
1631220,Dereon Seabron,1610612740,NOP,2023-24,0.448,0.346,0.122,0.8,0.0,0.3,0.2,92.5,26.3,0.069,0.021,0.082
1627884,Derrick Jones Jr.,1610612742,DAL,2023-24,0.592,0.566,0.146,1.0,1.15,0.7,0.7,112.3,1.7,0.068,0.045,0.089
201565,Derrick Rose,1610612763,MEM,2023-24,0.54,0.506,0.222,3.3,2.52,0.3,0.1,107.7,-3.8,0.108,0.017,0.089
1628401,Derrick White,1610612738,BOS,2023-24,0.611,0.578,0.183,5.2,3.37,1.0,1.2,109.9,12.5,0.106,0.022,0.1
1630217,Desmond Bane,1610612763,MEM,2023-24,0.589,0.552,0.273,5.5,2.05,1.0,0.5,115.4,-7.2,0.128,0.023,0.104
1626164,Devin Booker,1610612756,PHX,2023-24,0.611,0.55,0.289,6.9,2.65,0.9,0.4,113.5,5.8,0.142,0.024,0.098
1630170,Devin Vassell,1610612759,SAS,2023-24,0.578,0.55,0.229,4.1,2.56,1.1,0.3,114.6,-6.0,0.112,0.012,0.102
1628984,Devonte' Graham,1610612759,SAS,2023-24,0.495,0.468,0.175,2.1,2.88,0.4,0.1,105.6,3.3,0.077,0.016,0.095
1641926,Dexter Dennis,1610612742,DAL,2023-24,0.541,0.553,0.278,1.0,1.33,0.0,0.3,100.0,-11.0,0.164,0.025,0.211
1628415,Dillon Brooks,1610612745,HOU,2023-24,0.549,0.515,0.176,1.7,1.35,0.9,0.1,113.6,0.0,0.056,0.023,0.084
1631376,Dmytro Skapintsev,1610612752,NYK,2023-24,0.0,0.0,0.25,0.0,0.0,0.0,0.0,60.0,15.0,-0.167,0.0,0.0
1627734,Domantas Sabonis,1610612758,SAC,2023-24,0.637,0.609,0.22,8.2,2.47,0.9,0.6,115.2,0.8,0.169,0.097,0.295
1631230,Dominick Barlow,1610612759,SAS,2023-24,0.548,0.509,0.139,1.1,4.0,0.4,0.4,117.8,-4.5,0.084,0.098,0.167
1628378,Donovan Mitchell,1610612739,CLE,2023-24,0.595,0.545,0.301,6.1,2.16,1.8,0.5,108.6,7.3,0.15,0.024,0.116
1628978,Donte DiVincenzo,1610612752,NYK,2023-24,0.597,0.584,0.209,2.7,1.91,1.3,0.4,114.2,3.7,0.098,0.026,0.102
1627827,Dorian Finney-Smith,1610612751,BKN,2023-24,0.546,0.535,0.132,1.6,1.81,0.8,0.6,113.2,-2.2,0.062,0.053,0.107
203926,Doug McDermott,1610612754,IND,2023-24,0.6,0.599,0.144,1.1,2.5,0.3,0.0,120.9,-9.3,0.054,0.011,0.054
203110,Draymond Green,1610612744,GSW,2023-24,0.587,0.566,0.148,6.0,2.46,1.0,0.9,110.7,4.9,0.108,0.05,0.2
1629234,Drew Eubanks,1610612756,PHX,2023-24,0.645,0.607,0.129,0.8,1.03,0.4,0.8,112.3,-4.1,0.099,0.09,0.176
1641809,Drew Peterson,1610612738,BOS,2023-24,0.917,0.917,0.123,0.3,1.0,0.7,0.0,116.0,16.0,0.088,0.0,0.042
1630696,Dru Smith,1610612748,MIA,2023-24,0.576,0.561,0.128,1.6,2.8,1.0,0.3,112.5,-15.0,0.083,0.041,0.058
1629130,Duncan Robinson,1610612748,MIA,2023-24,0.612,0.589,0.184,2.8,2.02,0.7,0.2,111.0,0.5,0.082,0.008,0.084
1641871,Duop Reath,1610612757,POR,2023-24,0.571,0.549,0.202,1.0,1.29,0.5,0.6,116.8,-7.1,0.088,0.069,0.138
203939,Dwight Powell,1610612742,DAL,2023-24,0.716,0.684,0.087,1.3,2.63,0.4,0.3,114.4,0.3,0.079,0.109,0.139
1629685,Dylan Windler,1610612737,ATL,2023-24,0.717,0.717,0.129,0.6,5.0,0.1,0.0,112.1,-4.6,0.101,0.03,0.109
1630700,Dyson Daniels,1610612740,NOP,2023-24,0.529,0.514,0.123,2.7,2.78,1.4,0.4,111.7,3.3,0.08,0.046,0.126
1630604,E.J. Liddell,1610612740,NOP,2023-24,0.291,0.167,0.148,0.1,0.5,0.3,0.3,109.8,-11.7,0.045,0.0,0.217
1641734,Emoni Bates,1610612739,CLE,2023-24,0.404,0.408,0.196,0.7,1.25,0.1,0.1,124.0,-30.7,0.03,0.007,0.11
201569,Eric Gordon,1610612756,PHX,2023-24,0.58,0.565,0.162,2.0,1.9,1.0,0.4,112.2,3.5,0.07,0.009,0.052
1630647,Eugene Omoruyi,1610612764,WAS,2023-24,0.549,0.524,0.208,0.8,1.67,0.6,0.1,114.2,-14.1,0.09,0.078,0.13
203095,Evan Fournier,1610612765,DET,2023-24,0.464,0.432,0.187,1.5,2.29,0.9,0.2,109.9,-12.1,0.06,0.008,0.088
1630596,Evan Mobley,1610612739,CLE,2023-24,0.626,0.6,0.2,3.2,1.78,0.9,1.4,110.1,1.2,0.139,0.074,0.221
1630196,Filip Petrusev,1610612758,SAC,2023-24,0.521,0.5,0.15,0.0,0.0,0.0,0.0,80.0,30.0,0.026,0.0,0.083
1628373,Frank Ntilikina,1610612766,CHA,2023-24,0.253,0.167,0.111,0.8,4.0,0.0,0.0,121.1,0.2,0.007,0.021,0.111
1630532,Franz Wagner,1610612753,ORL,2023-24,0.575,0.525,0.25,3.7,1.96,1.1,0.4,108.2,4.3,0.131,0.031,0.137
1627832,Fred VanVleet,1610612745,HOU,2023-24,0.568,0.527,0.194,8.1,4.67,1.4,0.8,111.6,3.0,0.118,0.012,0.089
1627788,Furkan Korkmaz,1610612755,PHI,2023-24,0.519,0.487,0.126,0.7,2.5,0.4,0.1,110.2,6.4,0.061,0.013,0.087
1641713,GG Jackson,1610612763,MEM,2023-24,0.554,0.519,0.238,1.2,0.91,0.6,0.5,111.4,-7.1,0.095,0.04,0.114
1629216,Gabe Vincent,1610612747,LAL,2023-24,0.341,0.337,0.105,1.9,4.2,0.8,0.0,103.0,6.8,0.014,0.019,0.022
202066,Garrett Temple,1610612761,TOR,2023-24,0.502,0.449,0.147,1.0,2.0,0.4,0.1,113.4,-13.1,0.059,0.058,0.093
1629726,Garrison Mathews,1610612737,ATL,2023-24,0.665,0.644,0.11,0.6,1.95,0.3,0.1,115.8,-4.0,0.047,0.017,0.079
203914,Gary Harris,1610612753,ORL,2023-24,0.587,0.569,0.114,1.6,2.81,0.9,0.3,110.3,3.3,0.057,0.019,0.055
1627780,Gary Payton II,1610612744,GSW,2023-24,0.621,0.617,0.13,1.1,1.78,0.9,0.4,108.9,5.8,0.078,0.066,0.097
1629018,Gary Trent Jr.,1610612761,TOR,2023-24,0.548,0.531,0.195,1.7,2.53,1.1,0.1,118.2,-4.6,0.077,0.012,0.083
1627777,Georges Niang,1610612739,CLE,2023-24,0.583,0.567,0.173,1.2,1.36,0.4,0.2,113.9,0.6,0.069,0.012,0.138
203507,Giannis Antetokounmpo,1610612749,MIL,2023-24,0.649,0.624,0.32,6.5,1.9,1.2,1.1,113.2,6.6,0.197,0.077,0.237
1629048,Goga Bitadze,1610612753,ORL,2023-24,0.629,0.608,0.129,1.3,1.8,0.5,1.2,110.3,1.8,0.113,0.11,0.187
202330,Gordon Hayward,1610612760,OKC,2023-24,0.548,0.51,0.175,3.1,2.39,0.8,0.3,118.0,-6.0,0.087,0.03,0.116
1641711,Gradey Dick,1610612761,TOR,2023-24,0.546,0.524,0.167,1.1,1.36,0.6,0.0,119.1,-13.9,0.059,0.02,0.085
1629684,Grant Williams,1610612766,CHA,2023-24,0.588,0.56,0.157,2.3,1.6,0.6,0.5,116.6,-5.7,0.065,0.04,0.11
1628960,Grayson Allen,1610612756,PHX,2023-24,0.679,0.649,0.143,3.0,2.39,0.9,0.6,113.9,5.1,0.087,0.021,0.094
1630535,Greg Brown III,1610612742,DAL,2023-24,0.501,0.5,0.178,0.7,1.0,0.0,0.7,110.6,-9.6,0.044,0.064,0.122
1630611,Gui Santos,1610612744,GSW,2023-24,0.656,0.6,0.142,0.6,2.0,0.2,0.1,110.1,3.4,0.101,0.079,0.153
1628977,Hamidou Diallo,1610612764,WAS,2023-24,0.5,0.5,0.188,0.5,1.0,1.0,0.0,50.0,31.8,0.261,0.182,0.0
203084,Harrison Barnes,1610612758,SAC,2023-24,0.611,0.576,0.154,1.2,1.71,0.7,0.1,115.7,-1.7,0.073,0.027,0.079
1628385,Harry Giles III,1610612747,LAL,2023-24,0.503,0.49,0.233,0.3,1.0,0.1,0.1,123.3,-15.8,0.081,0.103,0.178
1629312,Haywood Highsmith,1610612748,MIA,2023-24,0.587,0.581,0.121,1.1,2.06,0.8,0.5,109.0,1.1,0.067,0.048,0.107
1630929,Henri Drell,1610612741,CHI,2023-24,0.506,0.5,0.155,1.0,2.0,0.5,0.3,113.4,7.2,0.043,0.029,0.111
1630529,Herbert Jones,1610612740,NOP,2023-24,0.636,0.595,0.141,2.6,2.14,1.4,0.8,111.0,5.5,0.076,0.033,0.084
1641816,Hunter Tyson,1610612743,DEN,2023-24,0.5,0.5,0.186,0.1,1.0,0.1,0.0,98.1,2.7,0.038,0.022,0.148
1630641,Ibou Badji,1610612757,POR,2023-24,0.623,0.636,0.079,0.6,0.87,0.1,0.9,112.3,-16.8,0.033,0.081,0.14
1630193,Immanuel Quickley,1610612761,TOR,2023-24,0.577,0.53,0.233,4.9,3.28,0.7,0.1,114.2,-1.0,0.119,0.008,0.12
1630171,Isaac Okoro,1610612739,CLE,2023-24,0.599,0.577,0.136,1.9,2.44,0.8,0.5,110.7,2.4,0.067,0.036,0.072
1628392,Isaiah Hartenstein,1610612752,NYK,2023-24,0.67,0.645,0.116,2.5,2.02,1.2,1.1,110.3,10.0,0.113,0.129,0.201
1630543,Isaiah Jackson,1610612754,IND,2023-24,0.689,0.665,0.165,0.8,1.28,0.6,1.0,111.7,2.7,0.122,0.121,0.187
1630198,Isaiah Joe,1610612760,OKC,2023-24,0.626,0.609,0.157,1.3,2.11,0.6,0.3,107.5,9.1,0.09,0.022,0.098
1630587,Isaiah Livers,1610612765,DET,2023-24,0.46,0.44,0.122,1.1,1.56,0.6,0.2,125.4,-19.3,0.026,0.03,0.073
1630600,Isaiah Mobley,1610612739,CLE,2023-24,0.471,0.479,0.16,0.6,3.0,0.2,0.0,113.8,-20.0,0.058,0.041,0.115
1630191,Isaiah Stewart,1610612765,DET,2023-24,0.6,0.575,0.143,1.6,1.11,0.4,0.8,114.5,-4.2,0.081,0.053,0.161
202738,Isaiah Thomas,1610612756,PHX,2023-24,0.4,0.4,0.227,0.5,0.0,0.0,0.0,133.3,-42.9,0.047,0.0,0.0
1631209,Isaiah Wong,1610612754,IND,2023-24,0.333,0.333,0.375,0.0,0.0,0.0,0.0,122.2,-47.2,0.0,0.0,0.0
202397,Ish Smith,1610612766,CHA,2023-24,0.435,0.43,0.119,3.4,3.09,0.4,0.1,119.2,-17.5,0.057,0.014,0.094
1630688,Ish Wainright,1610612756,PHX,2023-24,0.462,0.438,0.166,0.1,0.5,0.4,0.1,84.8,-6.3,0.089,0.038,0.169
1627826,Ivica Zubac,1610612746,LAC,2023-24,0.671,0.649,0.165,1.4,1.18,0.3,1.2,112.4,4.7,0.125,0.117,0.235
1631167,Izaiah Brockington,1610612740,NOP,2023-24,0.4,0.4,0.385,0.0,0.0,0.0,0.0,100.0,50.0,0.128,0.125,0.167
1631120,JD Davison,1610612738,BOS,2023-24,0.581,0.542,0.16,1.3,5.0,0.1,0.1,83.1,29.6,0.145,0.048,0.16
1630550,JT Thor,1610612766,CHA,2023-24,0.519,0.514,0.113,0.5,1.93,0.2,0.4,110.7,-3.2,0.059,0.053,0.132
1629630,Ja Morant,1610612763,MEM,2023-24,0.57,0.512,0.296,8.1,2.7,0.8,0.6,111.1,-0.2,0.157,0.019,0.134
201580,JaVale McGee,1610612758,SAC,2023-24,0.609,0.602,0.214,0.4,0.5,0.3,0.4,110.4,-1.9,0.127,0.115,0.235
1631095,Jabari Smith Jr.,1610612745,HOU,2023-24,0.571,0.537,0.174,1.6,1.36,0.7,0.8,113.8,-1.9,0.099,0.053,0.191
1631133,Jabari Walker,1610612757,POR,2023-24,0.546,0.5,0.159,1.0,1.08,0.6,0.3,116.5,-9.5,0.093,0.082,0.222
1631298,Jack White,1610612763,MEM,2023-24,0.188,0.188,0.11,0.3,0.5,1.0,0.3,111.1,-22.1,0.011,0.047,0.136
1631367,Jacob Gilyard,1610612751,BKN,2023-24,0.573,0.57,0.112,3.3,4.57,0.8,0.1,117.7,-12.0,0.077,0.012,0.056
1631210,Jacob Toppin,1610612752,NYK,2023-24,0.658,0.611,0.133,0.3,3.0,0.0,0.1,118.4,-19.8,0.09,0.077,0.148
1630702,Jaden Hardy,1610612742,DAL,2023-24,0.517,0.492,0.238,1.5,1.76,0.3,0.1,114.5,-6.5,0.081,0.019,0.11
1631093,Jaden Ivey,1610612765,DET,2023-24,0.536,0.492,0.244,3.8,1.56,0.7,0.5,117.7,-7.7,0.076,0.038,0.081
1630183,Jaden McDaniels,1610612750,MIN,2023-24,0.571,0.557,0.156,1.4,1.16,0.9,0.6,110.4,3.8,0.056,0.028,0.078
1630531,Jaden Springer,1610612738,BOS,2023-24,0.49,0.432,0.167,0.9,1.29,0.7,0.3,112.9,-0.5,0.055,0.064,0.093
203109,Jae Crowder,1610612749,MIL,2023-24,0.546,0.53,0.113,1.3,2.87,0.8,0.2,114.9,-2.6,0.059,0.026,0.113
1630256,Jae'Sean Tate,1610612745,HOU,2023-24,0.538,0.522,0.115,1.0,1.73,0.6,0.2,105.0,5.1,0.059,0.055,0.127
1630186,Jahmi'us Ramsey,1610612761,TOR,2023-24,0.538,0.512,0.18,1.1,1.14,1.0,0.0,110.8,-10.4,0.085,0.033,0.13
1631170,Jaime Jaquez Jr.,1610612748,MIA,2023-24,0.574,0.536,0.181,2.6,1.77,1.0,0.3,110.4,2.8,0.084,0.039,0.094
1631222,Jake LaRavia,1610612763,MEM,2023-24,0.54,0.477,0.201,1.7,1.29,0.8,0.3,111.9,-6.7,0.083,0.056,0.093
1627751,Jakob Poeltl,1610612761,TOR,2023-24,0.653,0.656,0.16,2.5,1.65,0.7,1.5,114.2,-0.6,0.117,0.11,0.214
1628973,Jalen Brunson,1610612752,NYK,2023-24,0.592,0.543,0.311,6.7,2.79,0.9,0.2,112.6,8.6,0.156,0.015,0.088
1630622,Jalen Crutcher,1610612740,NOP,2023-24,0.0,0.0,0.167,0.0,0.0,0.0,0.0,100.0,20.0,-0.08,0.0,0.0
1631105,Jalen Duren,1610612765,DET,2023-24,0.653,0.619,0.181,2.4,1.14,0.5,0.8,117.0,-7.6,0.137,0.105,0.285
1630224,Jalen Green,1610612745,HOU,2023-24,0.541,0.498,0.27,3.5,1.52,0.8,0.3,113.8,0.0,0.111,0.015,0.143
1641720,Jalen Hood-Schifino,1610612747,LAL,2023-24,0.316,0.244,0.242,0.4,0.89,0.1,0.1,111.9,-23.0,-0.018,0.017,0.096
1630552,Jalen Johnson,1610612737,ATL,2023-24,0.584,0.562,0.184,3.6,2.01,1.2,0.8,115.2,-1.9,0.117,0.036,0.211
1629667,Jalen McDaniels,1610612761,TOR,2023-24,0.412,0.376,0.179,0.7,1.23,0.4,0.1,115.0,-14.1,0.036,0.031,0.11
1629618,Jalen Pickett,1610612743,DEN,2023-24,0.571,0.557,0.164,0.8,2.33,0.1,0.0,104.8,-2.4,0.076,0.009,0.1
1641771,Jalen Slawson,1610612758,SAC,2023-24,0.667,0.667,0.088,0.2,1.0,0.1,0.1,114.9,-9.5,0.046,0.027,0.162
1630188,Jalen Smith,1610612754,IND,2023-24,0.682,0.67,0.187,1.0,1.43,0.3,0.6,118.6,1.0,0.124,0.104,0.219
1630591,Jalen Suggs,1610612753,ORL,2023-24,0.602,0.578,0.191,2.7,1.55,1.4,0.6,110.8,1.0,0.088,0.024,0.095
1631114,Jalen Williams,1610612760,OKC,2023-24,0.621,0.592,0.232,4.5,2.62,1.1,0.6,108.9,8.8,0.123,0.017,0.102
1630592,Jalen Wilson,1610612751,BKN,2023-24,0.537,0.492,0.138,1.0,2.37,0.3,0.1,113.0,-1.6,0.075,0.068,0.128
1631288,Jamal Cain,1610612748,MIA,2023-24,0.544,0.5,0.158,0.4,1.25,0.4,0.2,108.8,-3.4,0.068,0.058,0.087
1627750,Jamal Murray,1610612743,DEN,2023-24,0.586,0.554,0.273,6.5,3.07,1.0,0.7,112.4,8.2,0.137,0.024,0.105
1631123,Jamaree Bouyea,1610612759,SAS,2023-24,0.375,0.375,0.162,1.2,1.22,0.1,0.0,101.5,-7.5,0.041,0.028,0.17
1630547,James Bouknight,1610612766,CHA,2023-24,0.597,0.598,0.24,0.4,3.0,0.1,0.1,115.2,-7.3,0.111,0.012,0.118
201935,James Harden,1610612746,LAC,2023-24,0.612,0.541,0.202,8.5,3.32,1.1,0.8,115.2,5.6,0.131,0.015,0.134
201949,James Johnson,1610612754,IND,2023-24,0.368,0.3,0.137,0.9,1.6,0.6,0.1,108.8,3.8,0.019,0.021,0.075
1630164,James Wiseman,1610612765,DET,2023-24,0.637,0.613,0.158,0.9,0.82,0.2,0.6,118.2,-13.4,0.097,0.096,0.207
1641716,Jarace Walker,1610612754,IND,2023-24,0.527,0.509,0.155,1.2,2.35,0.5,0.3,114.6,2.7,0.08,0.036,0.159
1630215,Jared Butler,1610612764,WAS,2023-24,0.579,0.547,0.194,3.2,2.52,0.7,0.2,111.4,-3.8,0.103,0.015,0.083
1631197,Jared Rhoden,1610612765,DET,2023-24,0.597,0.591,0.135,0.8,2.0,0.2,0.8,115.0,-9.4,0.068,0.012,0.123
1628991,Jaren Jackson Jr.,1610612763,MEM,2023-24,0.553,0.495,0.302,2.3,0.96,1.2,1.6,113.9,-7.3,0.111,0.037,0.132
1629020,Jarred Vanderbilt,1610612747,LAL,2023-24,0.578,0.553,0.111,1.2,1.29,1.2,0.2,109.4,4.2,0.077,0.073,0.164
1628386,Jarrett Allen,1610612739,CLE,2023-24,0.664,0.634,0.191,2.7,1.74,0.7,1.1,110.7,4.8,0.149,0.103,0.231
1630554,Jason Preston,1610612762,UTA,2023-24,0.316,0.316,0.121,2.3,8.0,0.3,0.1,105.3,15.1,0.079,0.082,0.133
1631241,Javon Freeman-Liberty,1610612761,TOR,2023-24,0.547,0.484,0.17,1.8,1.6,0.5,0.2,120.7,-18.2,0.08,0.038,0.141
1629750,Javonte Green,1610612741,CHI,2023-24,0.681,0.667,0.159,0.6,0.71,1.1,0.9,112.8,5.0,0.121,0.09,0.219
1630606,Javonte Smart,1610612755,PHI,2023-24,0.0,0.0,0.0,0.0,0.0,0.0,0.0,150.0,-150.0,0.0,0.0,0.0
1629637,Jaxson Hayes,1610612747,LAL,2023-24,0.718,0.72,0.121,0.5,0.77,0.5,0.4,114.4,-4.7,0.079,0.083,0.149
1630643,Jay Huff,1610612743,DEN,2023-24,0.724,0.7,0.14,0.1,2.0,0.1,0.2,98.2,-7.9,0.117,0.041,0.167
1627759,Jaylen Brown,1610612738,BOS,2023-24,0.58,0.557,0.283,3.6,1.5,1.2,0.5,111.6,8.7,0.116,0.037,0.119
1629669,Jaylen Nowell,1610612765,DET,2023-24,0.494,0.474,0.176,1.5,2.71,0.3,0.2,111.0,-7.4,0.066,0.026,0.082
1631119,Jaylin Williams,1610612760,OKC,2023-24,0.561,0.533,0.133,1.6,3.24,0.4,0.4,107.9,6.8,0.096,0.041,0.216
1628369,Jayson Tatum,1610612738,BOS,2023-24,0.604,0.552,0.296,4.9,1.94,1.0,0.6,110.5,11.2,0.155,0.026,0.187
1630288,Jeff Dowtin Jr.,1610612755,PHI,2023-24,0.689,0.681,0.124,2.3,5.4,0.6,0.1,104.1,6.8,0.139,0.02,0.114
201145,Jeff Green,1610612745,HOU,2023-24,0.59,0.529,0.152,0.9,1.52,0.2,0.4,112.7,-2.9,0.076,0.033,0.099
203924,Jerami Grant,1610612757,POR,2023-24,0.573,0.516,0.255,2.8,1.31,0.8,0.6,117.5,-9.6,0.1,0.019,0.087
1630526,Jeremiah Robinson-Earl,1610612740,NOP,2023-24,0.564,0.542,0.144,0.5,1.31,0.3,0.1,108.1,-1.9,0.09,0.067,0.151
1631110,Jeremy Sochan,1610612759,SAS,2023-24,0.513,0.483,0.187,3.4,1.78,0.8,0.5,115.0,-7.0,0.082,0.06,0.153
1630579,Jericho Sims,1610612752,NYK,2023-24,0.702,0.691,0.06,0.6,1.56,0.2,0.4,109.7,-0.7,0.074,0.092,0.153
1631257,Jermaine Samuels Jr.,1610612745,HOU,2023-24,0.672,0.643,0.098,0.2,0.0,0.1,0.1,114.0,-9.6,0.096,0.05,0.167
1629010,Jerome Robinson,1610612744,GSW,2023-24,0.41,0.364,0.188,0.2,2.5,0.0,0.1,95.4,12.4,0.034,0.011,0.057
1641724,Jett Howard,1610612753,ORL,2023-24,0.457,0.45,0.22,0.3,2.0,0.1,0.1,91.9,3.3,0.067,0.016,0.082
1628975,Jevon Carter,1610612741,CHI,2023-24,0.485,0.484,0.168,1.3,2.61,0.5,0.2,108.6,1.4,0.053,0.01,0.049
202710,Jimmy Butler III,1610612748,MIA,2023-24,0.626,0.537,0.235,5.0,2.92,1.3,0.3,110.5,5.5,0.145,0.054,0.106
1629111,Jock Landale,1610612745,HOU,2023-24,0.584,0.539,0.139,1.2,2.1,0.4,0.6,105.3,9.6,0.092,0.106,0.102
203925,Joe Harris,1610612765,DET,2023-24,0.489,0.487,0.104,0.6,2.5,0.2,0.1,119.4,-14.5,0.022,0.017,0.057
204060,Joe Ingles,1610612753,ORL,2023-24,0.612,0.59,0.111,3.0,3.03,0.6,0.1,110.3,5.8,0.081,0.017,0.111
203954,Joel Embiid,1610612755,PHI,2023-24,0.644,0.561,0.387,5.6,1.46,1.2,1.7,109.5,10.3,0.225,0.074,0.239
1628381,John Collins,1610612762,UTA,2023-24,0.621,0.59,0.199,1.1,0.79,0.6,0.9,121.7,-7.5,0.111,0.079,0.222
1629723,John Konchar,1610612763,MEM,2023-24,0.537,0.514,0.096,2.0,2.39,0.9,0.9,112.2,-5.9,0.082,0.058,0.164
1631098,Johnny Davis,1610612764,WAS,2023-24,0.462,0.448,0.117,0.6,2.46,0.4,0.2,115.2,-10.3,0.036,0.027,0.088
1630548,Johnny Juzang,1610612762,UTA,2023-24,0.62,0.609,0.147,1.2,1.77,0.2,0.1,116.1,-1.8,0.064,0.018,0.073
202685,Jonas Valančiūnas,1610612740,NOP,2023-24,0.619,0.585,0.207,2.1,1.56,0.4,0.8,113.4,3.9,0.135,0.1,0.272
1628371,Jonathan Isaac,1610612753,ORL,2023-24,0.61,0.584,0.16,0.5,1.11,0.7,1.2,102.1,10.9,0.136,0.083,0.201
1630228,Jonathan Kuminga,1610612744,GSW,2023-24,0.598,0.56,0.237,2.2,1.34,0.7,0.5,112.2,2.9,0.109,0.047,0.126
1629007,Jontay Porter,1610612761,TOR,2023-24,0.514,0.481,0.155,2.3,2.86,0.8,0.8,115.0,-9.2,0.093,0.071,0.153
203903,Jordan Clarkson,1610612762,UTA,2023-24,0.521,0.469,0.255,5.0,1.9,0.6,0.1,119.7,-5.7,0.09,0.028,0.083
1630259,Jordan Ford,1610612758,SAC,2023-24,0.761,0.714,0.184,0.3,2.0,0.0,0.0,100.0,28.9,0.119,0.0,0.1
1630692,Jordan Goodwin,1610612763,MEM,2023-24,0.451,0.424,0.182,2.7,2.77,0.8,0.3,109.7,-4.1,0.097,0.077,0.151
1641722,Jordan Hawkins,1610612740,NOP,2023-24,0.533,0.501,0.188,1.0,1.75,0.3,0.1,114.3,-0.9,0.067,0.024,0.1
1629162,Jordan McLaughlin,1610612750,MIN,2023-24,0.638,0.628,0.119,2.0,5.79,0.6,0.1,100.1,11.0,0.108,0.029,0.087
1641757,Jordan Miller,1610612746,LAC,2023-24,0.658,0.611,0.153,0.0,0.0,0.0,0.0,119.7,-24.4,0.084,0.103,0.057
1629670,Jordan Nwora,1610612761,TOR,2023-24,0.565,0.535,0.213,1.2,1.17,0.5,0.3,116.8,-13.7,0.103,0.038,0.166
1629673,Jordan Poole,1610612764,WAS,2023-24,0.529,0.491,0.256,4.4,1.82,1.1,0.3,119.5,-11.1,0.076,0.013,0.074
1641775,Jordan Walsh,1610612738,BOS,2023-24,0.472,0.467,0.092,0.6,1.67,0.6,0.1,90.2,29.9,0.058,0.053,0.153
1630631,Jose Alvarado,1610612740,NOP,2023-24,0.54,0.525,0.168,2.1,2.93,1.1,0.3,105.2,12.0,0.081,0.024,0.096
1630581,Josh Giddey,1610612760,OKC,2023-24,0.547,0.523,0.223,4.8,2.3,0.7,0.6,111.5,8.2,0.122,0.058,0.19
1630182,Josh Green,1610612742,DAL,2023-24,0.588,0.575,0.129,2.3,2.17,0.8,0.2,118.8,-2.1,0.063,0.026,0.096
1628404,Josh Hart,1610612752,NYK,2023-24,0.522,0.493,0.133,4.1,2.81,0.9,0.3,110.6,6.6,0.1,0.046,0.205
1631169,Josh Minott,1610612750,MIN,2023-24,0.593,0.528,0.173,0.3,4.0,0.2,0.2,99.5,6.0,0.124,0.039,0.141
1629006,Josh Okogie,1610612756,PHX,2023-24,0.552,0.488,0.125,1.1,1.78,0.8,0.4,111.5,1.3,0.068,0.079,0.081
1626196,Josh Richardson,1610612748,MIA,2023-24,0.573,0.539,0.159,2.4,2.92,0.6,0.3,113.7,-5.0,0.08,0.017,0.094
1630563,Joshua Primo,1610612746,LAC,2023-24,0.333,0.333,0.259,0.0,0.0,0.0,0.5,104.5,-12.9,-0.076,0.111,0.0
201950,Jrue Holiday,1610612738,BOS,2023-24,0.597,0.581,0.161,4.8,2.69,0.9,0.8,110.9,9.7,0.099,0.038,0.117
1629308,Juan Toscano-Anderson,1610612758,SAC,2023-24,0.292,0.292,0.106,0.4,2.0,0.1,0.1,99.2,-0.1,0.013,0.068,0.167
1631262,Jules Bernard,1610612764,WAS,2023-24,0.544,0.539,0.189,0.8,2.0,0.2,0.1,104.9,6.3,0.086,0.056,0.106
1630577,Julian Champagnie,1610612759,SAS,2023-24,0.57,0.534,0.14,1.4,1.81,0.6,0.6,113.5,-4.5,0.068,0.028,0.111
1641763,Julian Phillips,1610612741,CHI,2023-24,0.521,0.494,0.121,0.3,1.3,0.2,0.2,111.7,0.4,0.03,0.035,0.077
1631124,Julian Strawther,1610612743,DEN,2023-24,0.482,0.462,0.193,0.9,2.04,0.3,0.1,115.4,-9.8,0.055,0.008,0.096
203944,Julius Randle,1610612752,NYK,2023-24,0.569,0.518,0.287,5.0,1.44,0.5,0.3,113.8,6.0,0.134,0.059,0.198
1630551,Justin Champagnie,1610612764,WAS,2023-24,0.526,0.494,0.162,1.3,1.9,0.7,0.6,117.5,-11.1,0.088,0.07,0.141
203200,Justin Holiday,1610612743,DEN,2023-24,0.598,0.595,0.104,1.2,4.79,0.6,0.2,109.1,3.7,0.059,0.01,0.069
1628382,Justin Jackson,1610612750,MIN,2023-24,0.0,0.0,0.0,0.0,0.0,0.0,0.0,0.0,0.0,0.0,0.0,0.0
1631303,Justin Minaya,1610612757,POR,2023-24,0.391,0.378,0.093,0.6,2.33,0.3,0.3,108.4,-8.6,0.027,0.066,0.072
203994,Jusuf Nurkić,1610612756,PHX,2023-24,0.559,0.528,0.187,4.0,1.72,1.1,1.1,111.3,9.2,0.12,0.115,0.284
1630231,KJ Martin,1610612755,PHI,2023-24,0.563,0.558,0.127,0.9,1.59,0.4,0.2,110.5,0.2,0.058,0.052,0.12
1629232,Kaiser Gates,1610612740,NOP,2023-24,0.0,0.0,0.222,0.0,0.0,0.0,0.0,88.2,-7.0,-0.15,0.0,0.091
1626157,Karl-Anthony Towns,1610612750,MIN,2023-24,0.625,0.575,0.268,3.0,1.07,0.7,0.7,109.1,7.2,0.14,0.05,0.204
202695,Kawhi Leonard,1610612746,LAC,2023-24,0.626,0.585,0.261,3.6,2.05,1.6,0.9,111.1,8.2,0.154,0.039,0.138
1631099,Keegan Murray,1610612758,SAC,2023-24,0.569,0.548,0.178,1.7,2.02,1.0,0.8,113.4,2.7,0.082,0.039,0.126
1628966,Keita Bates-Diop,1610612751,BKN,2023-24,0.534,0.497,0.128,0.7,2.53,0.5,0.4,113.1,-3.8,0.078,0.049,0.118
1629640,Keldon Johnson,1610612759,SAS,2023-24,0.565,0.527,0.212,2.8,1.95,0.7,0.3,116.1,-7.7,0.098,0.043,0.135
203482,Kelly Olynyk,1610612761,TOR,2023-24,0.661,0.616,0.171,4.4,2.28,0.9,0.4,119.1,-7.3,0.116,0.061,0.169
1626162,Kelly Oubre Jr.,1610612755,PHI,2023-24,0.535,0.498,0.22,1.5,1.16,1.1,0.7,114.0,0.1,0.081,0.043,0.121
1631112,Kendall Brown,1610612754,IND,2023-24,0.567,0.533,0.135,0.3,2.5,0.0,0.0,103.8,-19.5,0.04,0.045,0.033
1631254,Kenneth Lofton Jr.,1610612762,UTA,2023-24,0.537,0.506,0.207,1.6,2.36,0.3,0.2,111.2,-1.8,0.096,0.056,0.122
1629026,Kenrich Williams,1610612760,OKC,2023-24,0.568,0.568,0.132,1.3,2.91,0.6,0.1,106.7,8.4,0.079,0.062,0.14
203484,Kentavious Caldwell-Pope,1610612743,DEN,2023-24,0.602,0.566,0.126,2.4,2.44,1.3,0.6,111.0,11.3,0.061,0.014,0.062
1631165,Keon Ellis,1610612758,SAC,2023-24,0.627,0.612,0.123,1.5,2.3,0.9,0.5,109.0,5.5,0.068,0.031,0.094
1630553,Keon Johnson,1610612751,BKN,2023-24,0.59,0.476,0.212,0.6,0.6,0.6,0.2,134.4,-19.5,0.061,0.044,0.078
1630556,Kessler Edwards,1610612758,SAC,2023-24,0.541,0.537,0.134,0.3,3.75,0.2,0.1,104.6,-6.3,0.073,0.029,0.126
201142,Kevin Durant,1610612756,PHX,2023-24,0.626,0.581,0.283,5.0,1.55,0.9,1.2,113.3,4.8,0.148,0.016,0.155
1628989,Kevin Huerter,1610612758,SAC,2023-24,0.564,0.553,0.173,2.6,3.13,0.7,0.4,115.0,2.5,0.077,0.024,0.124
1628995,Kevin Knox II,1610612765,DET,2023-24,0.57,0.546,0.157,0.7,1.05,0.4,0.2,117.2,-7.8,0.062,0.03,0.108
201567,Kevin Love,1610612748,MIA,2023-24,0.597,0.557,0.21,2.1,2.4,0.3,0.2,108.2,6.5,0.144,0.062,0.295
1630284,Kevon Harris,1610612753,ORL,2023-24,0.667,0.667,0.286,0.5,1.0,0.0,0.0,133.3,9.5,0.053,0.0,0.286
1626172,Kevon Looney,1610612744,GSW,2023-24,0.62,0.597,0.11,1.8,2.66,0.4,0.4,114.0,1.4,0.102,0.116,0.222
1641749,Keyontae Johnson,1610612760,OKC,2023-24,0.344,0.344,0.128,0.4,1.0,0.1,0.0,105.8,-5.8,0.015,0.065,0.095
1641718,Keyonte George,1610612762,UTA,2023-24,0.533,0.482,0.224,4.4,1.77,0.5,0.1,118.9,-9.3,0.081,0.007,0.095
203114,Khris Middleton,1610612749,MIL,2023-24,0.595,0.566,0.23,5.3,2.3,0.9,0.3,114.6,3.4,0.117,0.027,0.134
1630165,Killian Hayes,1610612765,DET,2023-24,0.474,0.452,0.147,4.9,4.02,0.9,0.5,117.6,-11.1,0.077,0.011,0.107
1630184,Kira Lewis Jr.,1610612762,UTA,2023-24,0.441,0.391,0.178,1.3,2.64,0.3,0.1,111.1,-11.4,0.068,0.031,0.056
202691,Klay Thompson,1610612744,GSW,2023-24,0.576,0.551,0.234,2.3,1.5,0.6,0.5,116.1,-0.3,0.09,0.015,0.093
1641738,Kobe Brown,1610612746,LAC,2023-24,0.49,0.489,0.104,0.6,2.78,0.3,0.1,116.2,-10.5,0.043,0.046,0.105
1641723,Kobe Bufkin,1610612737,ATL,2023-24,0.424,0.418,0.221,1.6,2.7,0.4,0.3,105.0,-7.9,0.077,0.028,0.13
1628424,Kobi Simmons,1610612761,TOR,2023-24,0.476,0.476,0.141,3.0,12.0,1.5,0.5,116.5,-22.3,0.102,0.014,0.09
1627739,Kris Dunn,1610612762,UTA,2023-24,0.546,0.535,0.132,3.8,3.22,1.0,0.4,117.2,0.4,0.078,0.039,0.109
1631200,Kris Murray,1610612757,POR,2023-24,0.481,0.463,0.136,1.3,1.45,0.9,0.3,112.1,-6.0,0.059,0.057,0.107
204001,Kristaps Porziņģis,1610612738,BOS,2023-24,0.647,0.589,0.247,2.0,1.29,0.7,1.9,109.6,11.2,0.138,0.059,0.163
203937,Kyle Anderson,1610612750,MIN,2023-24,0.513,0.472,0.14,4.2,3.64,0.9,0.6,105.1,5.1,0.097,0.034,0.116
1628398,Kyle Kuzma,1610612764,WAS,2023-24,0.547,0.521,0.295,4.2,1.54,0.5,0.7,120.8,-11.0,0.114,0.026,0.17
200768,Kyle Lowry,1610612755,PHI,2023-24,0.594,0.562,0.128,4.2,2.98,1.0,0.4,111.6,-0.3,0.077,0.02,0.098
202681,Kyrie Irving,1610612742,DAL,2023-24,0.608,0.573,0.274,5.2,2.82,1.3,0.5,112.6,6.9,0.144,0.021,0.116
1630163,LaMelo Ball,1610612766,CHA,2023-24,0.561,0.515,0.315,8.0,2.12,1.8,0.2,120.2,-8.4,0.133,0.038,0.122
1630205,Lamar Stevens,1610612763,MEM,2023-24,0.516,0.479,0.213,0.7,1.17,0.6,0.6,104.0,1.3,0.11,0.058,0.148
1629013,Landry Shamet,1610612764,WAS,2023-24,0.556,0.527,0.181,1.2,1.8,0.5,0.2,119.2,-9.9,0.058,0.021,0.065
1626204,Larry Nance Jr.,1610612740,NOP,2023-24,0.653,0.629,0.112,1.9,2.31,1.0,0.3,108.4,3.3,0.103,0.079,0.176
1628374,Lauri Markkanen,1610612762,UTA,2023-24,0.631,0.578,0.241,2.0,1.43,0.9,0.5,116.9,0.6,0.136,0.065,0.176
2544,LeBron James,1610612747,LAL,2023-24,0.63,0.599,0.285,8.3,2.4,1.3,0.5,113.6,3.8,0.169,0.026,0.172
1641778,Leaky Black,1610612766,CHA,2023-24,0.589,0.567,0.099,0.9,4.0,0.3,0.4,109.2,-4.0,0.079,0.031,0.132
1631159,Leonard Miller,1610612750,MIN,2023-24,0.694,0.7,0.157,0.5,8.0,0.1,0.1,101.7,3.2,0.178,0.089,0.3
1631311,Lester Quinones,1610612744,GSW,2023-24,0.533,0.511,0.171,1.0,2.12,0.2,0.1,109.0,0.6,0.069,0.047,0.126
1629623,Lindell Wigginton,1610612749,MIL,2023-24,0.51,0.4,0.412,0.0,0.0,0.0,0.0,131.3,-66.5,0.029,0.0,0.0
1630322,Lindy Waters III,1610612760,OKC,2023-24,0.653,0.649,0.167,0.6,3.43,0.1,0.2,111.4,-7.7,0.1,0.024,0.113
1629022,Lonnie Walker IV,1610612751,BKN,2023-24,0.545,0.528,0.235,1.3,1.45,0.6,0.3,111.8,-0.6,0.09,0.013,0.11
1629652,Luguentz Dort,1610612760,OKC,2023-24,0.593,0.557,0.152,1.4,1.53,0.9,0.6,112.1,7.8,0.06,0.035,0.089
1629029,Luka Dončić,1610612742,DAL,2023-24,0.617,0.573,0.355,9.8,2.43,1.4,0.5,113.8,5.8,0.2,0.022,0.218
1630568,Luka Garza,1610612750,MIN,2023-24,0.576,0.54,0.278,0.2,0.67,0.2,0.0,108.5,-0.6,0.098,0.129,0.105
1629677,Luka Samanic,1610612762,UTA,2023-24,0.485,0.421,0.21,0.4,0.68,0.1,0.2,112.0,-5.5,0.073,0.051,0.177
1628379,Luke Kennard,1610612763,MEM,2023-24,0.641,0.617,0.166,3.5,2.52,0.5,0.1,115.2,-8.8,0.099,0.011,0.105
1628436,Luke Kornet,1610612738,BOS,2023-24,0.736,0.702,0.107,1.1,3.19,0.4,1.0,109.7,12.1,0.113,0.117,0.141
1630201,Malachi Flynn,1610612765,DET,2023-24,0.533,0.505,0.199,1.9,2.06,0.6,0.1,114.6,-9.8,0.088,0.022,0.106
1631103,Malaki Branham,1610612759,SAS,2023-24,0.526,0.506,0.192,2.1,1.71,0.4,0.1,117.0,-11.1,0.062,0.016,0.074
1627763,Malcolm Brogdon,1610612757,POR,2023-24,0.56,0.522,0.226,5.5,3.57,0.7,0.2,114.5,-3.7,0.122,0.024,0.108
1630608,Malcolm Cazalon,1610612765,DET,2023-24,0.0,0.0,0.0,0.0,0.0,0.0,0.0,100.0,83.3,0.0,0.0,0.0
1627736,Malik Beasley,1610612749,MIL,2023-24,0.603,0.598,0.142,1.4,2.0,0.7,0.1,112.6,5.8,0.065,0.017,0.098
1628370,Malik Monk,1610612758,SAC,2023-24,0.564,0.526,0.247,5.1,2.47,0.6,0.5,115.1,0.1,0.11,0.014,0.101
1642013,Malik Williams,1610612761,TOR,2023-24,0.272,0.279,0.148,0.3,0.67,0.4,0.6,118.1,-24.9,0.027,0.127,0.197
1629603,Mamadi Diakite,1610612752,NYK,2023-24,0.694,0.667,0.175,0.3,2.0,0.2,0.2,82.7,7.5,0.163,0.04,0.111
1641970,Maozinha Pereira,1610612763,MEM,2023-24,0.609,0.586,0.143,0.3,0.4,0.9,0.6,96.5,2.7,0.126,0.077,0.206
1630699,MarJon Beauchamp,1610612749,MIL,2023-24,0.592,0.578,0.141,0.6,1.15,0.3,0.1,114.5,-1.0,0.064,0.037,0.123
202694,Marcus Morris Sr.,1610612739,CLE,2023-24,0.558,0.53,0.162,0.7,1.2,0.3,0.3,114.6,-3.9,0.072,0.026,0.139
1631204,Marcus Sasser,1610612765,DET,2023-24,0.542,0.516,0.195,3.3,2.62,0.6,0.2,115.7,-8.7,0.086,0.008,0.085
203935,Marcus Smart,1610612763,MEM,2023-24,0.552,0.519,0.225,4.3,1.39,2.1,0.3,109.2,-0.8,0.083,0.009,0.073
1631109,Mark Williams,1610612766,CHA,2023-24,0.675,0.649,0.162,1.2,1.29,0.8,1.1,116.4,-1.2,0.129,0.143,0.209
1628365,Markelle Fultz,1610612753,ORL,2023-24,0.492,0.479,0.182,2.8,2.4,1.0,0.3,109.0,0.6,0.086,0.062,0.094
202693,Markieff Morris,1610612742,DAL,2023-24,0.467,0.449,0.153,0.6,1.33,0.2,0.1,115.1,-15.3,0.063,0.017,0.152
1641806,Markquis Nowell,1610612761,TOR,2023-24,0.532,0.0,0.222,2.0,0.0,1.0,0.0,62.5,66.1,0.357,0.5,0.0
1629716,Marques Bolden,1610612766,CHA,2023-24,0.691,0.68,0.108,0.4,1.33,0.3,0.6,113.5,-8.5,0.103,0.09,0.183
1628963,Marvin Bagley III,1610612764,WAS,2023-24,0.629,0.597,0.204,1.1,0.93,0.4,0.7,115.5,-6.0,0.122,0.119,0.175
1630222,Mason Jones,1610612758,SAC,2023-24,0.394,0.375,0.155,1.0,2.5,0.2,0.0,96.6,-8.9,0.065,0.026,0.143
203486,Mason Plumlee,1610612746,LAC,2023-24,0.621,0.569,0.147,1.2,1.53,0.3,0.4,115.5,0.3,0.108,0.09,0.244
1629680,Matisse Thybulle,1610612757,POR,2023-24,0.537,0.524,0.105,1.4,2.25,1.7,0.8,115.1,-7.4,0.061,0.019,0.074
1630562,Matt Hurt,1610612763,MEM,2023-24,0.453,0.426,0.134,0.5,2.0,0.4,0.4,104.8,-6.0,0.054,0.07,0.06
1630346,Matt Ryan,1610612740,NOP,2023-24,0.638,0.615,0.144,0.6,0.95,0.2,0.0,106.5,1.4,0.062,0.014,0.079
1631108,Max Christie,1610612747,LAL,2023-24,0.544,0.515,0.132,0.9,1.71,0.3,0.3,110.3,-1.1,0.063,0.017,0.122
1629622,Max Strus,1610612739,CLE,2023-24,0.553,0.533,0.167,4.0,2.53,0.9,0.4,109.7,5.6,0.081,0.03,0.117
1628467,Maxi Kleber,1610612742,DAL,2023-24,0.573,0.541,0.096,1.6,2.43,0.4,0.7,109.9,6.6,0.057,0.035,0.125
1641721,Maxwell Lewis,1610612747,LAL,2023-24,0.246,0.214,0.127,0.2,0.6,0.1,0.0,105.8,-32.6,-0.031,0.018,0.019
1630695,Micah Potter,1610612762,UTA,2023-24,0.609,0.588,0.109,0.4,1.2,0.3,0.4,114.4,-8.4,0.08,0.051,0.168
1629008,Michael Porter Jr.,1610612743,DEN,2023-24,0.601,0.586,0.202,1.5,1.33,0.5,0.7,112.1,8.1,0.106,0.042,0.177
1628969,Mikal Bridges,1610612751,BKN,2023-24,0.56,0.521,0.238,3.6,1.82,1.0,0.4,114.3,-3.3,0.105,0.022,0.105
201144,Mike Conley,1610612750,MIN,2023-24,0.627,0.595,0.157,5.9,4.4,1.2,0.2,108.0,5.7,0.115,0.018,0.081
203488,Mike Muscala,1610612760,OKC,2023-24,0.47,0.449,0.132,0.7,1.68,0.2,0.2,114.0,-7.6,0.049,0.062,0.139
1628970,Miles Bridges,1610612766,CHA,2023-24,0.556,0.527,0.242,3.3,1.67,0.9,0.5,120.1,-12.1,0.111,0.027,0.176
1630540,Miles McBride,1610612752,NYK,2023-24,0.59,0.572,0.164,1.7,3.8,0.7,0.1,110.6,0.0,0.08,0.022,0.053
1629011,Mitchell Robinson,1610612752,NYK,2023-24,0.554,0.575,0.099,0.6,0.72,1.2,1.1,116.2,1.1,0.082,0.17,0.173
1628964,Mo Bamba,1610612755,PHI,2023-24,0.575,0.553,0.149,0.7,1.05,0.4,1.1,110.5,-3.0,0.098,0.095,0.218
1628420,Monté Morris,1610612750,MIN,2023-24,0.508,0.493,0.151,2.1,9.86,0.6,0.3,104.1,9.4,0.094,0.014,0.105
1629021,Moritz Wagner,1610612753,ORL,2023-24,0.676,0.636,0.22,1.2,0.99,0.5,0.3,110.8,3.1,0.139,0.087,0.168
1629650,Moses Brown,1610612757,POR,2023-24,0.477,0.508,0.176,0.3,0.64,0.2,0.3,118.9,-14.4,0.08,0.155,0.254
1630541,Moses Moody,1610612744,GSW,2023-24,0.578,0.548,0.176,0.9,1.3,0.6,0.4,110.2,3.1,0.087,0.052,0.108
1631338,Mouhamadou Gueye,1610612761,TOR,2023-24,0.31,0.289,0.189,0.5,0.42,0.3,1.6,110.9,-30.9,0.002,0.087,0.08
1631243,Mouhamed Gueye,1610612737,ATL,2023-24,0.468,0.413,0.144,0.7,4.0,0.8,0.7,115.1,-25.2,0.079,0.111,0.188
1631217,Moussa Diabaté,1610612746,LAC,2023-24,0.576,0.526,0.171,0.4,2.0,0.5,0.1,121.1,-3.4,0.141,0.227,0.129
1626167,Myles Turner,1610612754,IND,2023-24,0.626,0.587,0.234,1.3,0.92,0.5,1.9,115.5,5.1,0.116,0.056,0.198
1630230,Naji Marshall,1610612740,NOP,2023-24,0.576,0.542,0.158,1.9,1.97,0.7,0.2,106.8,8.7,0.092,0.042,0.142
1629642,Nassir Little,1610612756,PHX,2023-24,0.572,0.544,0.132,0.5,1.5,0.2,0.2,112.7,-9.5,0.073,0.03,0.12
1630207,Nate Hinton,1610612745,HOU,2023-24,0.585,0.558,0.156,0.7,3.33,0.2,0.1,100.0,9.3,0.111,0.086,0.169
1631466,Nate Williams,1610612745,HOU,2023-24,0.565,0.56,0.173,0.3,1.75,0.2,0.0,104.2,6.9,0.09,0.081,0.071
1641877,Nathan Mensah,1610612766,CHA,2023-24,0.496,0.429,0.068,0.4,0.64,0.2,0.6,114.5,-19.6,0.007,0.087,0.127
1629675,Naz Reid,1610612750,MIN,2023-24,0.595,0.576,0.223,1.3,0.95,0.8,0.9,105.5,5.7,0.115,0.038,0.17
1629674,Neemias Queta,1610612738,BOS,2023-24,0.662,0.644,0.16,0.7,1.54,0.5,0.8,108.3,20.4,0.123,0.157,0.195
1629651,Nic Claxton,1610612751,BKN,2023-24,0.629,0.63,0.156,2.1,1.58,0.6,2.1,114.1,-5.6,0.128,0.088,0.239
1630208,Nick Richards,1610612766,CHA,2023-24,0.717,0.691,0.131,0.8,0.74,0.4,1.1,118.2,-11.9,0.108,0.097,0.218
1641733,Nick Smith Jr.,1610612766,CHA,2023-24,0.511,0.5,0.202,1.2,1.51,0.2,0.1,114.9,-12.4,0.056,0.023,0.078
1629638,Nickeil Alexander-Walker,1610612750,MIN,2023-24,0.578,0.56,0.143,2.5,2.68,0.8,0.5,105.5,7.6,0.071,0.019,0.066
201587,Nicolas Batum,1610612755,PHI,2023-24,0.603,0.596,0.085,2.1,3.2,0.8,0.6,111.9,5.6,0.065,0.046,0.115
203999,Nikola Jokić,1610612743,DEN,2023-24,0.65,0.612,0.288,9.0,2.99,1.4,0.9,110.6,11.8,0.211,0.086,0.27
1631107,Nikola Jović,1610612748,MIA,2023-24,0.583,0.568,0.171,2.0,2.14,0.5,0.3,107.9,7.8,0.092,0.029,0.186
202696,Nikola Vučević,1610612741,CHI,2023-24,0.54,0.522,0.233,3.3,2.12,0.7,0.8,115.7,-3.1,0.126,0.08,0.229
1641730,Noah Clowney,1610612751,BKN,2023-24,0.626,0.602,0.137,0.8,1.2,0.3,0.7,111.7,-6.9,0.097,0.066,0.146
1626181,Norman Powell,1610612746,LAC,2023-24,0.626,0.594,0.193,1.1,1.24,0.6,0.3,113.0,5.1,0.087,0.008,0.085
1628384,OG Anunoby,1610612752,NYK,2023-24,0.595,0.577,0.173,2.1,1.32,1.4,0.7,107.2,10.9,0.081,0.028,0.091
1630167,Obi Toppin,1610612754,IND,2023-24,0.677,0.661,0.16,1.6,1.86,0.6,0.5,116.6,3.6,0.101,0.049,0.137
1630534,Ochai Agbaji,1610612761,TOR,2023-24,0.497,0.483,0.131,1.1,1.3,0.6,0.6,117.2,-7.1,0.046,0.044,0.083
1630846,Olivier Sarr,1610612760,OKC,2023-24,0.664,0.632,0.124,0.1,0.67,0.0,0.5,105.8,1.0,0.093,0.111,0.241
1641765,Olivier-Maxence Prosper,1610612742,DAL,2023-24,0.496,0.447,0.153,0.6,2.75,0.2,0.1,112.8,-13.2,0.082,0.062,0.153
1630209,Omer Yurtseven,1610612762,UTA,2023-24,0.565,0.552,0.173,0.6,0.78,0.2,0.4,117.2,-12.8,0.11,0.117,0.255
1641931,Onuralp Bitim,1610612741,CHI,2023-24,0.464,0.452,0.149,0.6,1.3,0.1,0.1,115.1,-8.5,0.035,0.022,0.096
1630168,Onyeka Okongwu,1610612737,ATL,2023-24,0.674,0.642,0.134,1.3,1.64,0.5,1.1,119.0,-0.9,0.094,0.099,0.169
1631115,Orlando Robinson,1610612748,MIA,2023-24,0.596,0.556,0.143,0.9,1.89,0.2,0.2,109.6,3.5,0.097,0.099,0.189
1631131,Oscar Tshiebwe,1610612754,IND,2023-24,0.553,0.5,0.205,0.3,0.0,0.3,0.1,98.9,15.9,0.165,0.167,0.229
1629052,Oshae Brissett,1610612738,BOS,2023-24,0.53,0.493,0.136,0.8,2.2,0.3,0.1,106.4,10.8,0.076,0.089,0.148
203490,Otto Porter Jr.,1610612761,TOR,2023-24,0.568,0.545,0.083,0.5,4.0,0.3,0.3,107.5,4.7,0.054,0.032,0.13
1631172,Ousmane Dieng,1610612760,OKC,2023-24,0.54,0.513,0.167,1.1,1.95,0.2,0.2,109.0,1.1,0.074,0.027,0.105
200782,P.J. Tucker,1610612746,LAC,2023-24,0.507,0.49,0.052,0.5,2.0,0.5,0.2,113.7,-1.3,0.031,0.059,0.116
1629023,P.J. Washington,1610612742,DAL,2023-24,0.537,0.518,0.185,1.9,1.47,1.0,0.8,115.6,-2.8,0.079,0.037,0.147
1631094,Paolo Banchero,1610612753,ORL,2023-24,0.546,0.497,0.292,5.4,1.74,0.9,0.6,111.9,0.0,0.135,0.029,0.178
1627783,Pascal Siakam,1610612754,IND,2023-24,0.601,0.569,0.25,4.3,2.43,0.8,0.3,115.3,2.2,0.132,0.052,0.159
1626192,Pat Connaughton,1610612749,MIL,2023-24,0.574,0.553,0.106,2.1,3.29,0.5,0.3,115.9,-0.8,0.066,0.03,0.112
1630311,Pat Spencer,1610612744,GSW,2023-24,0.5,0.5,0.077,0.8,5.0,0.0,0.0,111.1,-14.7,0.08,0.065,0.077
1631116,Patrick Baldwin Jr.,1610612764,WAS,2023-24,0.502,0.481,0.153,0.8,1.53,0.5,0.4,111.0,-2.5,0.072,0.032,0.201
201976,Patrick Beverley,1610612749,MIL,2023-24,0.539,0.497,0.141,2.9,3.26,0.6,0.4,112.2,-1.6,0.086,0.033,0.125
1630172,Patrick Williams,1610612741,CHI,2023-24,0.553,0.525,0.163,1.5,1.16,0.9,0.8,115.5,-1.2,0.066,0.039,0.105
201988,Patty Mills,1610612748,MIA,2023-24,0.467,0.443,0.152,1.1,2.13,0.6,0.0,109.5,0.3,0.045,0.02,0.066
202331,Paul George,1610612746,LAC,2023-24,0.613,0.569,0.264,3.5,1.71,1.5,0.5,112.1,9.1,0.126,0.016,0.138
1630194,Paul Reed,1610612755,PHI,2023-24,0.58,0.561,0.156,1.3,1.63,0.8,1.0,112.0,4.2,0.104,0.117,0.194
1630202,Payton Pritchard,1610612738,BOS,2023-24,0.597,0.583,0.168,3.4,4.61,0.5,0.1,109.2,13.6,0.103,0.038,0.103
1631250,Pete Nance,1610612739,CLE,2023-24,0.218,0.25,0.138,0.0,0.0,0.1,0.0,103.8,-42.2,-0.042,0.0,0.136
1631212,Peyton Watson,1610612743,DEN,2023-24,0.539,0.516,0.16,1.1,1.48,0.5,1.1,109.7,-0.7,0.076,0.038,0.121
1630173,Precious Achiuwa,1610612752,NYK,2023-24,0.545,0.529,0.158,1.3,1.17,0.6,0.9,112.3,-1.0,0.095,0.111,0.182
1629656,Quentin Grimes,1610612765,DET,2023-24,0.516,0.495,0.155,1.3,2.36,0.7,0.1,109.1,-0.9,0.059,0.013,0.08
1631245,Quenton Jackson,1610612754,IND,2023-24,0.532,0.0,0.083,0.7,0.0,0.3,0.0,79.2,0.0,0.2,0.0,0.308
1630181,R.J. Hampton,1610612748,MIA,2023-24,0.336,0.321,0.098,1.0,2.67,0.0,0.0,107.8,10.6,0.003,0.026,0.045
1629628,RJ Barrett,1610612761,TOR,2023-24,0.58,0.547,0.257,3.3,1.53,0.5,0.4,116.9,-3.3,0.109,0.028,0.14
1630564,RaiQuan Gray,1610612759,SAS,2023-24,0.676,0.676,0.2,2.0,6.0,0.3,0.3,113.6,15.7,0.149,0.057,0.111
1641712,Rayan Rupert,1610612757,POR,2023-24,0.451,0.422,0.131,1.6,2.0,0.3,0.1,114.0,-9.8,0.043,0.034,0.115
203493,Reggie Bullock Jr.,1610612745,HOU,2023-24,0.582,0.579,0.091,0.3,1.5,0.3,0.1,113.0,-5.2,0.061,0.014,0.157
202704,Reggie Jackson,1610612743,DEN,2023-24,0.521,0.499,0.209,3.8,2.91,0.5,0.1,110.6,1.4,0.081,0.018,0.063
1626158,Richaun Holmes,1610612764,WAS,2023-24,0.593,0.561,0.141,0.6,1.04,0.3,0.5,115.8,-7.7,0.091,0.115,0.198
1641741,Ricky Council IV,1610612755,PHI,2023-24,0.604,0.536,0.208,0.5,3.2,0.3,0.0,109.8,2.7,0.111,0.046,0.115
203496,Robert Covington,1610612755,PHI,2023-24,0.58,0.536,0.104,0.8,2.18,1.3,0.6,103.6,12.1,0.079,0.064,0.127
1629057,Robert Williams III,1610612757,POR,2023-24,0.684,0.654,0.122,0.8,0.71,1.2,1.2,114.9,-13.3,0.113,0.08,0.227
201577,Robin Lopez,1610612749,MIL,2023-24,0.453,0.421,0.139,0.3,2.0,0.1,0.2,115.9,-20.1,0.026,0.045,0.03
1631199,Ron Harper Jr.,1610612761,TOR,2023-24,0.0,0.0,0.0,1.0,0.0,0.0,0.0,188.9,-88.9,-0.045,0.0,0.0
1626220,Royce O'Neale,1610612756,PHX,2023-24,0.548,0.542,0.134,2.8,3.0,0.7,0.6,110.4,3.2,0.081,0.029,0.155
203497,Rudy Gobert,1610612750,MIN,2023-24,0.675,0.661,0.152,1.3,0.86,0.7,2.1,106.6,8.0,0.136,0.118,0.256
1629060,Rui Hachimura,1610612747,LAL,2023-24,0.628,0.609,0.182,1.2,1.76,0.6,0.4,113.5,2.5,0.095,0.034,0.121
201566,Russell Westbrook,1610612746,LAC,2023-24,0.514,0.486,0.239,4.5,2.13,1.1,0.3,112.8,3.7,0.113,0.062,0.154
1627853,Ryan Arcidiacono,1610612752,NYK,2023-24,0.0,0.0,0.074,0.2,2.0,0.1,0.0,80.0,2.1,0.008,0.0,0.138
1631157,Ryan Rollins,1610612749,MIL,2023-24,0.638,0.574,0.214,1.1,1.75,0.8,0.2,83.4,35.4,0.16,0.028,0.133
1630240,Saben Lee,1610612756,PHX,2023-24,0.492,0.382,0.186,1.3,3.75,0.3,0.1,101.5,4.1,0.101,0.051,0.103
1630180,Saddiq Bey,1610612737,ATL,2023-24,0.549,0.497,0.163,1.5,1.7,0.8,0.2,119.1,-0.5,0.079,0.075,0.119
1630573,Sam Hauser,1610612738,BOS,2023-24,0.629,0.623,0.146,1.0,2.56,0.5,0.3,107.1,14.2,0.086,0.025,0.122
1630241,Sam Merrill,1610612739,CLE,2023-24,0.598,0.584,0.17,1.8,5.68,0.3,0.1,111.1,-0.3,0.09,0.02,0.091
1630572,Sandro Mamukelashvili,1610612759,SAS,2023-24,0.559,0.532,0.169,1.1,2.58,0.2,0.3,101.3,4.1,0.121,0.088,0.209
1630583,Santi Aldama,1610612763,MEM,2023-24,0.539,0.528,0.177,2.3,2.0,0.7,0.9,114.6,-8.3,0.1,0.041,0.173
1628426,Sasha Vezenkov,1610612758,SAC,2023-24,0.569,0.558,0.171,0.5,1.58,0.5,0.2,112.6,1.3,0.084,0.058,0.129
1630703,Scoot Henderson,1610612757,POR,2023-24,0.489,0.44,0.26,5.4,1.58,0.8,0.2,119.6,-13.0,0.067,0.027,0.083
1630567,Scottie Barnes,1610612761,TOR,2023-24,0.566,0.528,0.24,6.1,2.2,1.3,1.5,115.8,-3.2,0.132,0.064,0.167
1630590,Scotty Pippen Jr.,1610612763,MEM,2023-24,0.596,0.567,0.227,4.7,1.75,1.7,0.5,112.2,-7.5,0.106,0.039,0.088
203552,Seth Curry,1610612766,CHA,2023-24,0.519,0.485,0.159,1.0,2.1,0.5,0.1,107.5,3.1,0.067,0.028,0.078
1641754,Seth Lundy,1610612737,ATL,2023-24,0.373,0.324,0.168,0.0,0.0,0.0,0.0,114.4,-11.7,-0.002,0.022,0.118
1631101,Shaedon Sharpe,1610612757,POR,2023-24,0.524,0.475,0.22,2.9,1.31,0.9,0.4,116.0,-10.3,0.08,0.036,0.116
1628983,Shai Gilgeous-Alexander,1610612760,OKC,2023-24,0.636,0.567,0.317,6.2,2.87,2.0,0.9,109.7,11.3,0.187,0.026,0.128
1629003,Shake Milton,1610612752,NYK,2023-24,0.499,0.451,0.173,1.3,1.94,0.4,0.1,109.4,-4.8,0.065,0.023,0.102
1627885,Shaquille Harrison,1610612763,MEM,2023-24,0.5,0.5,0.154,0.0,0.0,0.0,0.3,121.4,-75.3,0.159,0.0,0.4
1631321,Sidy Cissoko,1610612759,SAS,2023-24,0.568,0.5,0.124,0.8,3.33,0.6,0.3,97.1,8.7,0.071,0.055,0.082
1631323,Simone Fontecchio,1610612765,DET,2023-24,0.6,0.582,0.159,1.5,1.49,0.7,0.3,114.5,-1.5,0.077,0.037,0.107
1630219,Skylar Mays,1610612747,LAL,2023-24,0.466,0.447,0.179,2.2,4.25,0.6,0.1,114.2,-10.5,0.088,0.021,0.082
203915,Spencer Dinwiddie,1610612747,LAL,2023-24,0.543,0.489,0.161,4.7,3.91,0.7,0.3,115.2,1.6,0.076,0.014,0.077
1630649,Stanley Umude,1610612765,DET,2023-24,0.647,0.583,0.15,0.5,0.79,0.3,0.3,113.8,-9.7,0.072,0.027,0.13
201939,Stephen Curry,1610612744,GSW,2023-24,0.616,0.573,0.302,5.1,1.8,0.7,0.4,114.7,2.7,0.14,0.015,0.116
1629004,Svi Mykhailiuk,1610612738,BOS,2023-24,0.575,0.569,0.156,0.9,2.92,0.3,0.0,103.4,18.5,0.077,0.027,0.093
204456,T.J. McConnell,1610612754,IND,2023-24,0.586,0.572,0.229,5.5,3.61,1.0,0.1,115.2,3.7,0.152,0.028,0.125
203933,T.J. Warren,1610612750,MIN,2023-24,0.479,0.463,0.148,0.8,2.25,0.4,0.1,97.4,17.2,0.067,0.035,0.132
201959,Taj Gibson,1610612765,DET,2023-24,0.449,0.432,0.092,0.6,2.2,0.2,0.4,107.1,-5.3,0.03,0.056,0.125
1629659,Talen Horton-Tucker,1610612762,UTA,2023-24,0.503,0.46,0.234,3.5,2.72,0.9,0.4,117.9,-5.4,0.089,0.02,0.094
1631106,Tari Eason,1610612745,HOU,2023-24,0.528,0.513,0.188,1.2,1.35,1.4,0.9,103.1,9.4,0.131,0.088,0.203
1627752,Taurean Prince,1610612747,LAL,2023-24,0.579,0.566,0.134,1.5,1.63,0.7,0.4,116.5,-2.6,0.056,0.01,0.095
1641707,Taylor Hendricks,1610612762,UTA,2023-24,0.578,0.56,0.135,0.8,1.19,0.7,0.8,118.2,-8.1,0.074,0.053,0.159
1631386,Taze Moore,1610612757,POR,2023-24,0.453,0.447,0.209,1.3,1.67,0.5,0.0,122.2,-26.6,0.073,0.075,0.108
1629611,Terance Mann,1610612746,LAC,2023-24,0.615,0.587,0.135,1.6,2.48,0.6,0.2,114.8,1.9,0.071,0.05,0.088
1631173,Terquavion Smith,1610612755,PHI,2023-24,0.539,0.533,0.242,0.8,1.71,0.5,0.0,118.4,-5.9,0.072,0.0,0.049
1626179,Terry Rozier,1610612748,MIA,2023-24,0.555,0.518,0.253,5.6,3.23,1.0,0.3,117.2,-7.0,0.117,0.017,0.11
1630678,Terry Taylor,1610612741,CHI,2023-24,0.558,0.538,0.108,0.3,1.43,0.2,0.1,104.4,2.7,0.061,0.089,0.099
201152,Thaddeus Young,1610612756,PHX,2023-24,0.598,0.606,0.125,1.7,3.8,0.7,0.2,118.7,-3.9,0.091,0.105,0.132
203648,Thanasis Antetokounmpo,1610612749,MIL,2023-24,0.518,0.533,0.125,0.5,1.21,0.2,0.1,112.2,-12.8,0.021,0.051,0.04
1630177,Theo Maledon,1610612756,PHX,2023-24,0.385,0.321,0.173,1.6,1.56,0.4,0.0,121.6,-13.8,0.029,0.016,0.093
1628418,Thomas Bryant,1610612748,MIA,2023-24,0.639,0.591,0.187,0.6,1.1,0.3,0.4,110.7,2.1,0.124,0.093,0.233
203501,Tim Hardaway Jr.,1610612742,DAL,2023-24,0.542,0.51,0.22,1.8,2.01,0.5,0.1,115.8,-0.1,0.083,0.01,0.106
1641851,Timmy Allen,1610612763,MEM,2023-24,0.272,0.261,0.084,1.0,2.5,0.8,0.0,114.4,-21.8,-0.002,0.025,0.113
202699,Tobias Harris,1610612755,PHI,2023-24,0.576,0.535,0.203,3.1,2.33,1.0,0.7,112.4,4.6,0.116,0.033,0.156
1628470,Torrey Craig,1610612741,CHI,2023-24,0.568,0.55,0.121,1.1,1.81,0.6,0.4,118.4,-7.3,0.064,0.062,0.148
1641787,Tosan Evbuomwan,1610612765,DET,2023-24,0.616,0.592,0.108,0.9,1.78,0.4,0.3,119.2,-15.6,0.064,0.047,0.122
1641739,Toumani Camara,1610612757,POR,2023-24,0.547,0.516,0.134,1.2,1.04,0.9,0.5,111.5,-4.6,0.065,0.073,0.119
1629027,Trae Young,1610612737,ATL,2023-24,0.585,0.516,0.289,10.8,2.48,1.3,0.2,119.1,-2.5,0.131,0.011,0.065
1631218,Trayce Jackson-Davis,1610612744,GSW,2023-24,0.692,0.702,0.157,1.2,1.67,0.4,1.1,113.0,1.1,0.127,0.114,0.172
1630200,Tre Jones,1610612759,SAS,2023-24,0.591,0.558,0.149,6.2,4.12,1.0,0.1,111.8,-0.9,0.109,0.026,0.104
1630544,Tre Mann,1610612766,CHA,2023-24,0.559,0.533,0.183,4.0,2.54,1.2,0.1,114.1,-7.0,0.104,0.022,0.132
1630570,Trendon Watford,1610612751,BKN,2023-24,0.611,0.571,0.203,1.3,1.29,0.4,0.3,112.8,-3.8,0.11,0.059,0.162
1630235,Trent Forrest,1610612737,ATL,2023-24,0.426,0.389,0.122,2.4,4.6,0.3,0.1,114.3,-11.0,0.073,0.026,0.107
1630243,Trevelin Queen,1610612753,ORL,2023-24,0.462,0.408,0.137,1.3,2.57,0.5,0.4,107.6,0.2,0.059,0.021,0.101
1641998,Trey Jemison III,1610612763,MEM,2023-24,0.582,0.551,0.132,1.1,0.79,0.5,1.1,113.8,-7.3,0.066,0.105,0.131
1626168,Trey Lyles,1610612758,SAC,2023-24,0.596,0.576,0.139,1.2,1.89,0.3,0.3,110.2,7.7,0.085,0.052,0.166
1630530,Trey Murphy III,1610612740,NOP,2023-24,0.612,0.579,0.182,2.2,3.65,0.9,0.5,108.2,7.0,0.11,0.025,0.139
202684,Tristan Thompson,1610612739,CLE,2023-24,0.567,0.613,0.132,1.0,1.76,0.2,0.3,113.8,-0.5,0.091,0.13,0.179
1641774,Tristan Vukcevic,1610612764,WAS,2023-24,0.554,0.507,0.233,1.3,1.3,0.5,0.7,98.8,10.4,0.094,0.042,0.16
1628972,Troy Brown Jr.,1610612765,DET,2023-24,0.51,0.476,0.139,1.0,2.0,0.4,0.1,114.2,-7.7,0.07,0.03,0.143
1629660,Ty Jerome,1610612739,CLE,2023-24,0.5,0.5,0.147,1.5,3.0,0.0,0.0,143.8,-37.1,0.034,0.067,0.0
1631102,TyTy Washington Jr.,1610612749,MIL,2023-24,0.35,0.35,0.165,0.5,2.5,0.3,0.0,96.7,-14.3,0.05,0.018,0.085
1629639,Tyler Herro,1610612748,MIA,2023-24,0.558,0.531,0.268,4.5,2.02,0.7,0.1,111.1,1.0,0.119,0.013,0.14
1630169,Tyrese Haliburton,1610612754,IND,2023-24,0.605,0.57,0.239,10.9,4.73,1.2,0.7,116.2,6.2,0.157,0.016,0.102
1630178,Tyrese Maxey,1610612755,PHI,2023-24,0.573,0.524,0.273,6.2,3.73,1.0,0.5,113.2,5.2,0.129,0.014,0.085
1626145,Tyus Jones,1610612764,WAS,2023-24,0.578,0.569,0.161,7.3,7.35,1.1,0.3,122.5,-11.9,0.111,0.01,0.081
1628962,Udoka Azubuike,1610612756,PHX,2023-24,0.609,0.696,0.121,0.2,0.75,0.1,0.4,126.5,-21.1,0.062,0.096,0.169
1630586,Usman Garuba,1610612744,GSW,2023-24,0.218,0.167,0.18,0.2,0.5,0.2,0.5,121.1,-39.7,0.032,0.136,0.211
203995,Vasilije Micic,1610612766,CHA,2023-24,0.524,0.488,0.189,4.4,2.65,0.5,0.1,114.8,-3.1,0.078,0.013,0.063
1641705,Victor Wembanyama,1610612759,SAS,2023-24,0.565,0.519,0.312,3.9,1.05,1.2,3.6,111.2,-3.2,0.162,0.074,0.273
1631246,Vince Williams Jr.,1610612763,MEM,2023-24,0.597,0.55,0.155,3.4,1.9,0.9,0.7,111.4,-3.0,0.096,0.039,0.163
1630249,Vít Krejčí,1610612737,ATL,2023-24,0.633,0.625,0.098,2.3,2.5,0.6,0.3,117.7,-0.3,0.05,0.02,0.084
1631117,Walker Kessler,1610612762,UTA,2023-24,0.663,0.66,0.127,0.9,0.91,0.5,2.4,116.0,-4.5,0.109,0.109,0.199
1628976,Wendell Carter Jr.,1610612753,ORL,2023-24,0.623,0.6,0.172,1.7,1.4,0.6,0.5,109.6,1.1,0.113,0.083,0.207
1631111,Wendell Moore Jr.,1610612750,MIN,2023-24,0.5,0.5,0.106,0.2,1.5,0.2,0.0,106.2,-4.5,0.069,0.0,0.16
1629117,Wenyen Gabriel,1610612763,MEM,2023-24,0.351,0.386,0.166,0.6,0.38,0.4,0.4,96.4,-7.4,0.03,0.072,0.22
202083,Wesley Matthews,1610612737,ATL,2023-24,0.511,0.474,0.118,0.6,2.88,0.4,0.3,114.9,-5.6,0.048,0.02,0.106
1629875,Xavier Moon,1610612746,LAC,2023-24,0.352,0.348,0.174,1.5,4.2,0.2,0.2,107.4,-14.0,0.057,0.057,0.079
1630214,Xavier Tillman,1610612738,BOS,2023-24,0.472,0.47,0.146,1.4,2.26,0.9,0.8,109.4,-2.9,0.078,0.066,0.149
1629139,Yuta Watanabe,1610612763,MEM,2023-24,0.474,0.461,0.129,0.4,0.79,0.4,0.2,114.7,-7.3,0.03,0.023,0.088
1628380,Zach Collins,1610612759,SAS,2023-24,0.565,0.531,0.224,2.8,1.47,0.5,0.8,116.3,-11.4,0.095,0.073,0.162
203897,Zach LaVine,1610612741,CHI,2023-24,0.578,0.531,0.238,3.9,1.88,0.8,0.3,115.3,-5.4,0.11,0.009,0.134
1630285,Zavier Simpson,1610612763,MEM,2023-24,0.377,0.361,0.161,3.6,2.5,1.0,0.4,106.8,-8.6,0.057,0.02,0.102
1630192,Zeke Nnaji,1610612743,DEN,2023-24,0.528,0.483,0.15,0.6,1.19,0.3,0.7,114.8,-11.9,0.063,0.099,0.103
1630533,Ziaire Williams,1610612763,MEM,2023-24,0.511,0.474,0.192,1.5,1.14,0.7,0.2,112.4,-9.9,0.074,0.031,0.138
1629627,Zion Williamson,1610612740,NOP,2023-24,0.61,0.573,0.285,5.0,1.82,1.1,0.7,111.6,2.9,0.145,0.055,0.127
1630639,A.J. Lawson,1610612761,TOR,2024-25,0.542,0.508,0.189,1.2,2.07,0.5,0.2,111.1,-1.4,0.082,0.036,0.128
1631260,AJ Green,1610612749,MIL,2024-25,0.621,0.612,0.123,1.5,2.7,0.5,0.1,107.6,6.4,0.058,0.011,0.087
1642358,AJ Johnson,1610612764,WAS,2024-25,0.48,0.441,0.173,2.6,2.17,0.4,0.1,115.6,-11.5,0.053,0.011,0.073
203932,Aaron Gordon,1610612743,DEN,2024-25,0.65,0.607,0.186,3.2,2.25,0.5,0.3,113.0,9.5,0.104,0.06,0.109
1628988,Aaron Holiday,1610612745,HOU,2024-25,0.594,0.571,0.162,1.3,2.24,0.3,0.2,103.6,6.7,0.082,0.015,0.073
1630174,Aaron Nesmith,1610612754,IND,2024-25,0.653,0.617,0.171,1.2,1.46,0.8,0.4,111.5,8.5,0.087,0.034,0.118
1630598,Aaron Wiggins,1610612760,OKC,2024-25,0.596,0.577,0.2,1.8,1.94,0.8,0.2,106.6,14.2,0.105,0.046,0.113
1641745,Adam Flagler,1610612760,OKC,2024-25,0.335,0.333,0.207,0.3,3.0,0.2,0.1,96.7,2.3,0.025,0.029,0.086
1641766,Adama Sanogo,1610612741,CHI,2024-25,0.571,0.571,0.145,0.3,1.0,0.0,0.0,122.2,-18.1,0.078,0.217,0.053
1641737,Adem Bona,1610612755,PHI,2024-25,0.714,0.703,0.135,0.5,0.44,0.4,1.2,114.0,-6.6,0.093,0.097,0.164
1642349,Ajay Mitchell,1610612760,OKC,2024-25,0.587,0.557,0.159,1.8,2.21,0.7,0.1,100.2,9.7,0.082,0.028,0.08
201143,Al Horford,1610612738,BOS,2024-25,0.563,0.547,0.136,2.1,2.78,0.6,0.9,108.1,11.5,0.091,0.046,0.165
202692,Alec Burks,1610612748,MIA,2024-25,0.608,0.587,0.16,1.1,1.9,0.6,0.1,107.6,5.9,0.088,0.018,0.119
1627936,Alex Caruso,1610612760,OKC,2024-25,0.568,0.541,0.147,2.5,3.7,1.6,0.6,102.5,15.0,0.101,0.035,0.108
1642505,Alex Ducas,1610612760,OKC,2024-25,0.583,0.567,0.115,0.2,1.25,0.2,0.0,106.3,-6.7,0.065,0.06,0.119
203458,Alex Len,1610612747,LAL,2024-25,0.525,0.524,0.101,0.8,1.9,0.2,0.5,118.9,-17.5,0.057,0.094,0.142
1642024,Alex Reese,1610612755,PHI,2024-25,0.641,0.62,0.123,0.3,0.67,0.7,0.7,111.8,5.5,0.079,0.041,0.161
1642259,Alex Sarr,1610612764,WAS,2024-25,0.482,0.457,0.23,2.4,1.41,0.7,1.5,116.4,-13.7,0.084,0.06,0.158
1631214,Alondes Williams,1610612746,LAC,2024-25,1.25,1.25,0.286,1.0,0.0,0.0,0.0,85.7,85.7,0.4,0.0,0.0
1630578,Alperen Sengun,1610612745,HOU,2024-25,0.545,0.505,0.259,4.9,1.92,1.1,0.8,107.4,7.6,0.153,0.099,0.21
1641708,Amen Thompson,1610612745,HOU,2024-25,0.602,0.575,0.172,3.8,1.92,1.4,1.3,107.9,6.3,0.129,0.078,0.159
1629599,Amir Coffey,1610612746,LAC,2024-25,0.614,0.57,0.15,1.1,1.71,0.6,0.1,110.6,-1.4,0.072,0.019,0.072
203083,Andre Drummond,1610612755,PHI,2024-25,0.535,0.506,0.183,0.9,0.62,1.0,0.5,118.9,-15.5,0.109,0.134,0.288
1641748,Andre Jackson Jr.,1610612749,MIL,2024-25,0.554,0.553,0.115,1.2,1.43,0.5,0.2,112.1,-1.5,0.051,0.066,0.114
1629614,Andrew Nembhard,1610612754,IND,2024-25,0.545,0.506,0.163,5.0,2.91,1.2,0.2,110.2,5.3,0.081,0.018,0.093
203952,Andrew Wiggins,1610612748,MIA,2024-25,0.566,0.526,0.238,2.6,1.6,1.0,0.8,111.7,-2.3,0.105,0.045,0.095
1629014,Anfernee Simons,1610612757,POR,2024-25,0.557,0.521,0.241,4.8,2.36,0.9,0.1,113.4,-4.6,0.106,0.01,0.069
1641710,Anthony Black,1610612753,ORL,2024-25,0.521,0.473,0.19,3.1,1.73,1.1,0.6,107.1,-0.9,0.084,0.026,0.1
203076,Anthony Davis,1610612742,DAL,2024-25,0.588,0.536,0.301,3.5,1.6,1.2,2.2,112.9,0.5,0.179,0.083,0.254
1630162,Anthony Edwards,1610612750,MIN,2024-25,0.595,0.547,0.307,4.5,1.44,1.2,0.6,111.4,4.8,0.14,0.021,0.131
1630264,Anthony Gill,1610612764,WAS,2024-25,0.586,0.545,0.124,0.3,1.6,0.2,0.0,109.7,-7.8,0.071,0.042,0.111
1641817,Anton Watson,1610612752,NYK,2024-25,0.444,0.444,0.193,0.2,1.0,0.1,0.0,119.2,-15.3,0.033,0.05,0.118
1641810,Antonio Reeves,1610612740,NOP,2024-25,0.579,0.558,0.183,0.9,1.3,0.5,0.1,117.5,-10.2,0.072,0.026,0.07
1630574,Ariel Hukporti,1610612752,NYK,2024-25,0.654,0.677,0.113,0.4,0.52,0.0,0.6,110.1,-12.4,0.048,0.066,0.151
1642422,Armel Traore,1610612747,LAL,2024-25,0.317,0.316,0.153,0.1,0.33,0.4,0.2,119.3,-37.3,0.027,0.026,0.228
1641709,Ausar Thompson,1610612765,DET,2024-25,0.568,0.547,0.185,2.3,1.68,1.7,0.7,109.2,4.0,0.104,0.081,0.139
1630559,Austin Reaves,1610612747,LAL,2024-25,0.616,0.556,0.23,5.8,2.38,1.1,0.3,113.3,3.8,0.118,0.025,0.101
1630245,Ayo Dosunmu,1610612741,CHI,2024-25,0.585,0.561,0.163,4.5,3.01,0.9,0.4,117.8,-7.7,0.084,0.018,0.09
1628389,Bam Adebayo,1610612748,MIA,2024-25,0.561,0.521,0.232,4.3,2.09,1.3,0.7,110.8,0.1,0.137,0.069,0.214
1631248,Baylor Scheierman,1610612738,BOS,2024-25,0.49,0.473,0.143,1.1,2.75,0.5,0.1,105.8,4.1,0.074,0.048,0.117
1641767,Ben Sheppard,1610612754,IND,2024-25,0.555,0.537,0.108,1.3,3.86,0.6,0.2,113.4,-2.2,0.055,0.035,0.106
1627732,Ben Simmons,1610612746,LAC,2024-25,0.539,0.52,0.133,5.6,2.79,0.7,0.5,113.5,-1.8,0.103,0.043,0.184
1631097,Bennedict Mathurin,1610612754,IND,2024-25,0.579,0.516,0.222,1.9,1.01,0.7,0.3,112.2,1.6,0.092,0.041,0.133
1641731,Bilal Coulibaly,1610612764,WAS,2024-25,0.515,0.472,0.175,3.4,1.59,1.3,0.7,118.3,-13.8,0.07,0.043,0.098
202687,Bismack Biyombo,1610612759,SAS,2024-25,0.576,0.588,0.124,1.1,1.15,0.6,0.8,117.9,-9.2,0.08,0.08,0.207
1631104,Blake Wesley,1610612759,SAS,2024-25,0.51,0.481,0.165,2.0,2.11,0.6,0.1,109.7,0.5,0.066,0.025,0.062
1626171,Bobby Portis,1610612749,MIL,2024-25,0.542,0.52,0.234,2.1,1.82,0.7,0.5,110.8,3.4,0.131,0.071,0.235
1641752,Bobi Klintman,1610612765,DET,2024-25,0.689,0.7,0.121,0.9,7.0,0.3,0.1,117.2,4.2,0.095,0.024,0.182
203992,Bogdan Bogdanović,1610612746,LAC,2024-25,0.559,0.534,0.183,2.7,1.97,0.8,0.2,110.0,2.7,0.074,0.017,0.098
1629626,Bol Bol,1610612756,PHX,2024-25,0.627,0.612,0.204,0.6,1.1,0.3,0.7,115.9,-3.9,0.114,0.047,0.168
1630538,Bones Hyland,1610612750,MIN,2024-25,0.576,0.534,0.274,1.3,1.28,0.8,0.2,108.1,-6.1,0.108,0.02,0.083
203078,Bradley Beal,1610612756,PHX,2024-25,0.598,0.571,0.219,3.7,1.97,1.1,0.5,118.6,-8.0,0.093,0.021,0.083
1642382,Branden Carlson,1610612760,OKC,2024-25,0.581,0.557,0.185,0.4,2.0,0.2,0.7,105.8,9.4,0.101,0.064,0.131
1641764,Brandin Podziemski,1610612744,GSW,2024-25,0.557,0.537,0.177,3.4,2.93,1.1,0.2,105.1,6.6,0.114,0.034,0.151
1630527,Brandon Boston,1610612740,NOP,2024-25,0.535,0.5,0.199,2.2,1.77,1.3,0.2,114.8,-6.2,0.085,0.026,0.107
1629634,Brandon Clarke,1610612763,MEM,2024-25,0.638,0.622,0.15,1.0,1.61,0.8,0.6,108.2,8.2,0.108,0.102,0.148
1627742,Brandon Ingram,1610612761,TOR,2024-25,0.56,0.53,0.305,5.2,1.35,0.9,0.6,117.7,-10.7,0.122,0.027,0.14
1641706,Brandon Miller,1610612766,CHA,2024-25,0.54,0.509,0.27,3.6,1.29,1.1,0.7,113.8,-6.8,0.1,0.024,0.117
1630314,Brandon Williams,1610612742,DAL,2024-25,0.634,0.585,0.218,2.3,1.95,0.7,0.2,108.8,0.7,0.119,0.025,0.091
1630296,Braxton Key,1610612744,GSW,2024-25,0.226,0.0,0.222,0.0,0.0,0.7,0.0,120.7,-30.7,-0.026,0.077,0.167
1641729,Brice Sensabaugh,1610612762,UTA,2024-25,0.612,0.59,0.208,1.5,1.03,0.6,0.1,119.5,-9.6,0.087,0.028,0.11
1642355,Bronny James,1610612747,LAL,2024-25,0.424,0.381,0.199,0.8,1.69,0.3,0.1,114.1,-18.6,0.05,0.021,0.076
201572,Brook Lopez,1610612749,MIL,2024-25,0.624,0.599,0.157,1.8,1.7,0.6,1.9,112.7,2.2,0.087,0.046,0.107
1628971,Bruce Brown,1610612740,NOP,2024-25,0.504,0.464,0.169,2.0,2.15,0.8,0.2,116.8,-11.9,0.078,0.04,0.134
1628981,Bruno Fernando,1610612761,TOR,2024-25,0.552,0.531,0.182,1.1,1.29,0.2,0.5,110.1,-6.1,0.1,0.127,0.21
1631121,Bryce McGowens,1610612757,POR,2024-25,0.391,0.286,0.244,0.2,0.5,0.1,0.0,97.1,-7.2,0.0,0.056,0.034
1642267,Bub Carrington,1610612764,WAS,2024-25,0.514,0.493,0.154,4.4,2.58,0.7,0.3,118.0,-15.2,0.071,0.012,0.117
1627741,Buddy Hield,1610612744,GSW,2024-25,0.56,0.546,0.196,1.6,1.47,0.8,0.3,110.1,2.2,0.085,0.025,0.111
203468,CJ McCollum,1610612740,NOP,2024-25,0.55,0.53,0.266,4.1,2.14,0.8,0.4,119.4,-7.1,0.097,0.022,0.091
1630595,Cade Cunningham,1610612765,DET,2024-25,0.565,0.521,0.323,9.1,2.06,1.0,0.8,112.2,2.8,0.152,0.023,0.147
1631216,Caleb Houstan,1610612753,ORL,2024-25,0.605,0.589,0.115,0.6,2.69,0.4,0.1,108.2,-4.1,0.061,0.023,0.073
1628997,Caleb Martin,1610612742,DAL,2024-25,0.513,0.485,0.143,2.1,1.7,1.0,0.5,112.8,-6.3,0.063,0.042,0.105
1642353,Cam Christie,1610612746,LAC,2024-25,0.349,0.333,0.192,0.5,3.0,0.4,0.1,105.6,-7.9,0.07,0.051,0.141
1629629,Cam Reddish,1610612747,LAL,2024-25,0.498,0.473,0.084,0.7,1.83,1.0,0.3,115.9,-8.4,0.04,0.029,0.081
1642285,Cam Spencer,1610612763,MEM,2024-25,0.587,0.53,0.148,1.4,5.67,0.4,0.0,109.6,6.8,0.087,0.043,0.07
1630560,Cam Thomas,1610612751,BKN,2024-25,0.575,0.513,0.328,3.8,1.52,0.6,0.1,120.6,-5.7,0.122,0.02,0.089
1641715,Cam Whitmore,1610612745,HOU,2024-25,0.549,0.525,0.231,1.0,1.07,0.6,0.3,112.3,1.1,0.108,0.039,0.139
1629661,Cameron Johnson,1610612751,BKN,2024-25,0.632,0.582,0.224,3.4,1.96,0.9,0.4,116.7,-5.8,0.124,0.03,0.113
1626166,Cameron Payne,1610612752,NYK,2024-25,0.532,0.506,0.2,2.8,3.9,0.5,0.2,107.5,9.1,0.089,0.013,0.081
1627747,Caris LeVert,1610612737,ATL,2024-25,0.582,0.556,0.191,3.4,2.83,0.9,0.5,113.4,7.2,0.094,0.026,0.096
1641717,Cason Wallace,1610612760,OKC,2024-25,0.562,0.55,0.124,2.5,2.93,1.8,0.5,107.1,10.1,0.075,0.036,0.079
1629646,Charles Bassey,1610612759,SAS,2024-25,0.597,0.581,0.164,0.5,0.74,0.4,0.8,117.5,-15.9,0.113,0.133,0.24
1631096,Chet Holmgren,1610612760,OKC,2024-25,0.599,0.554,0.214,2.0,1.13,0.7,2.2,105.6,16.1,0.122,0.054,0.208
1628449,Chris Boucher,1610612761,TOR,2024-25,0.615,0.586,0.208,0.7,1.14,0.5,0.5,113.5,-0.2,0.126,0.077,0.175
1630537,Chris Duarte,1610612741,CHI,2024-25,0.61,0.577,0.151,0.5,9.0,0.0,0.0,102.4,2.8,0.127,0.06,0.165
1641753,Chris Livingston,1610612749,MIL,2024-25,0.441,0.333,0.15,0.2,0.83,0.2,0.0,102.2,-12.6,0.099,0.091,0.198
101108,Chris Paul,1610612759,SAS,2024-25,0.58,0.547,0.137,7.4,4.69,1.3,0.3,115.0,-0.8,0.102,0.014,0.11
1631128,Christian Braun,1610612743,DEN,2024-25,0.665,0.634,0.155,2.6,2.53,1.1,0.5,114.5,8.2,0.096,0.039,0.109
1631132,Christian Koloko,1610612747,LAL,2024-25,0.624,0.606,0.104,0.4,1.33,0.2,0.4,106.0,-1.3,0.082,0.095,0.165
1629643,Chuma Okeke,1610612739,CLE,2024-25,0.641,0.638,0.093,1.7,5.0,0.6,0.4,122.1,-6.3,0.089,0.099,0.141
203991,Clint Capela,1610612737,ATL,2024-25,0.564,0.559,0.16,1.1,1.32,0.6,1.0,111.5,-2.7,0.117,0.132,0.238
1629632,Coby White,1610612741,CHI,2024-25,0.601,0.55,0.237,4.5,1.86,0.9,0.2,113.9,-2.5,0.103,0.01,0.095
1628998,Cody Martin,1610612756,PHX,2024-25,0.509,0.485,0.142,2.0,2.06,1.1,0.6,111.3,-3.2,0.08,0.041,0.136
1642262,Cody Williams,1610612762,UTA,2024-25,0.419,0.391,0.122,1.2,1.34,0.5,0.3,118.5,-15.5,0.021,0.024,0.075
1641732,Colby Jones,1610612764,WAS,2024-25,0.544,0.519,0.138,1.1,1.91,0.7,0.3,114.8,-10.4,0.078,0.038,0.123
1630175,Cole Anthony,1610612763,MEM,2024-25,0.531,0.494,0.238,2.9,1.85,0.7,0.5,109.0,-1.2,0.105,0.034,0.131
1631306,Cole Swider,1610612754,IND,2024-25,0.465,0.468,0.155,0.3,0.75,0.4,0.2,100.5,13.7,0.046,0.026,0.119
1630658,Colin Castleton,1610612761,TOR,2024-25,0.536,0.48,0.125,1.1,1.22,0.3,0.4,108.2,-2.1,0.074,0.104,0.143
1631221,Collin Gillespie,1610612756,PHX,2024-25,0.578,0.554,0.17,2.4,4.59,0.6,0.2,118.4,-2.8,0.105,0.048,0.124
1629012,Collin Sexton,1610612762,UTA,2024-25,0.593,0.543,0.264,4.2,1.65,0.7,0.1,117.9,-7.5,0.106,0.033,0.06
1630557,Corey Kispert,1610612764,WAS,2024-25,0.584,0.558,0.169,1.7,1.61,0.4,0.2,117.1,-8.5,0.074,0.021,0.084
202709,Cory Joseph,1610612753,ORL,2024-25,0.547,0.529,0.126,1.4,4.0,0.5,0.1,106.9,3.6,0.075,0.027,0.095
1641854,Craig Porter Jr.,1610612739,CLE,2024-25,0.61,0.589,0.155,1.4,1.87,0.3,0.3,113.5,-5.2,0.091,0.037,0.085
1642385,Cui Cui,1610612751,BKN,2024-25,0.19,0.143,0.296,0.0,0.0,0.0,0.0,76.0,4.8,-0.056,0.0,0.2
1626156,D'Angelo Russell,1610612751,BKN,2024-25,0.522,0.479,0.228,5.1,2.75,1.0,0.4,111.6,-1.5,0.098,0.013,0.093
1630618,D.J. Carton,1610612761,TOR,2024-25,0.202,0.143,0.122,0.8,0.75,0.5,0.0,96.1,12.9,0.007,0.0,0.098
1629610,DaQuan Jeffries,1610612766,CHA,2024-25,0.518,0.5,0.136,1.1,1.51,0.6,0.5,118.2,-11.6,0.046,0.033,0.087
1631342,Daeqwon Plowden,1610612737,ATL,2024-25,0.831,0.82,0.181,0.3,0.5,0.0,0.0,84.2,19.8,0.122,0.057,0.093
1630227,Daishen Nix,1610612750,MIN,2024-25,0.266,0.0,0.176,1.0,0.75,0.0,0.0,79.3,23.9,0.024,0.0,0.444
1630625,Dalano Banton,1610612757,POR,2024-25,0.497,0.462,0.237,2.4,1.86,0.6,0.5,111.8,-1.5,0.089,0.025,0.088
1631207,Dalen Terry,1610612741,CHI,2024-25,0.546,0.517,0.142,1.3,1.83,0.6,0.2,111.6,-7.6,0.056,0.034,0.08
1642261,Dalton Knecht,1610612747,LAL,2024-25,0.594,0.576,0.181,0.8,1.78,0.3,0.1,114.9,-2.8,0.087,0.026,0.116
203081,Damian Lillard,1610612749,MIL,2024-25,0.621,0.547,0.269,7.1,2.53,1.2,0.2,114.6,0.7,0.144,0.014,0.108
1641878,Damion Baugh,1610612766,CHA,2024-25,0.399,0.369,0.186,3.7,1.81,1.0,0.1,121.8,-22.3,0.051,0.033,0.098
1627814,Damion Lee,1610612756,PHX,2024-25,0.499,0.426,0.269,0.4,1.1,0.2,0.0,98.7,6.0,0.089,0.02,0.104
1629655,Daniel Gafford,1610612742,DAL,2024-25,0.716,0.702,0.186,1.4,1.21,0.4,1.8,113.4,1.5,0.141,0.127,0.168
1628464,Daniel Theis,1610612740,NOP,2024-25,0.558,0.508,0.111,1.6,2.4,0.5,0.5,115.2,-5.9,0.081,0.062,0.192
1642450,Daniss Jenkins,1610612765,DET,2024-25,0.322,0.35,0.231,0.4,3.0,0.0,0.0,108.2,-5.8,0.0,0.0,0.182
203957,Danté Exum,1610612742,DAL,2024-25,0.589,0.563,0.193,2.8,2.55,0.6,0.2,115.2,-6.0,0.083,0.01,0.074
203967,Dario Šarić,1610612743,DEN,2024-25,0.449,0.422,0.157,1.4,1.53,0.4,0.1,108.7,-11.5,0.067,0.059,0.158
1641727,Dariq Whitehead,1610612751,BKN,2024-25,0.58,0.578,0.189,0.6,0.8,0.3,0.1,109.7,-11.1,0.065,0.015,0.105
1629636,Darius Garland,1610612739,CLE,2024-25,0.6,0.562,0.265,6.7,2.68,1.2,0.1,113.4,9.9,0.126,0.021,0.068
1630561,David Duke Jr.,1610612759,SAS,2024-25,0.538,0.536,0.207,0.7,2.0,0.2,0.0,91.8,36.6,0.087,0.032,0.1
1631223,David Roddy,1610612745,HOU,2024-25,0.561,0.532,0.159,1.1,1.59,0.4,0.3,114.6,-8.2,0.089,0.03,0.177
1630558,Davion Mitchell,1610612748,MIA,2024-25,0.573,0.557,0.135,4.9,2.84,1.0,0.2,110.7,0.3,0.069,0.017,0.063
1630549,Day'Ron Sharpe,1610612751,BKN,2024-25,0.568,0.538,0.186,1.8,1.44,0.8,0.8,107.1,2.1,0.134,0.149,0.202
1628368,De'Aaron Fox,1610612759,SAS,2024-25,0.56,0.514,0.274,6.3,2.25,1.5,0.4,114.9,-1.2,0.119,0.023,0.106
1629631,De'Andre Hunter,1610612739,CLE,2024-25,0.623,0.573,0.221,1.4,1.12,0.8,0.2,113.9,2.0,0.101,0.024,0.117
1629001,De'Anthony Melton,1610612751,BKN,2024-25,0.539,0.528,0.223,2.8,1.7,1.2,0.3,97.4,10.9,0.091,0.046,0.104
201599,DeAndre Jordan,1610612743,DEN,2024-25,0.621,0.65,0.126,0.9,1.33,0.3,0.5,112.1,-3.3,0.115,0.119,0.262
201942,DeMar DeRozan,1610612758,SAC,2024-25,0.569,0.509,0.244,4.4,3.26,0.8,0.4,115.3,1.5,0.112,0.018,0.09
1629731,Dean Wade,1610612739,CLE,2024-25,0.563,0.561,0.101,1.3,3.45,0.7,0.3,109.4,10.7,0.067,0.041,0.15
1629028,Deandre Ayton,1610612757,POR,2024-25,0.583,0.573,0.197,1.6,0.93,0.8,1.0,116.8,-6.9,0.125,0.099,0.243
1627749,Dejounte Murray,1610612740,NOP,2024-25,0.494,0.445,0.263,7.4,2.15,2.0,0.4,118.1,-9.1,0.118,0.015,0.183
1626153,Delon Wright,1610612752,NYK,2024-25,0.44,0.42,0.111,1.9,3.5,0.9,0.3,106.3,-0.2,0.061,0.042,0.061
1630166,Deni Avdija,1610612757,POR,2024-25,0.605,0.55,0.228,3.9,1.43,1.0,0.5,114.5,-0.9,0.126,0.048,0.19
203471,Dennis Schröder,1610612765,DET,2024-25,0.531,0.483,0.211,5.4,2.85,0.9,0.2,112.8,-0.9,0.091,0.012,0.08
1641726,Dereck Lively II,1610612742,DAL,2024-25,0.704,0.702,0.132,2.4,2.07,0.6,1.6,106.4,7.7,0.124,0.122,0.186
1627884,Derrick Jones Jr.,1610612746,LAC,2024-25,0.609,0.593,0.16,0.8,0.91,1.0,0.4,108.7,6.7,0.076,0.051,0.092
1628401,Derrick White,1610612738,BOS,2024-25,0.606,0.58,0.195,4.8,2.76,0.9,1.1,109.5,10.2,0.106,0.025,0.101
1630217,Desmond Bane,1610612753,ORL,2024-25,0.6,0.565,0.227,5.3,2.18,1.2,0.4,113.3,2.8,0.131,0.026,0.15
1626164,Devin Booker,1610612756,PHX,2024-25,0.589,0.525,0.285,7.1,2.4,0.9,0.2,118.5,-3.2,0.122,0.028,0.08
1642269,Devin Carter,1610612758,SAC,2024-25,0.471,0.441,0.169,1.1,2.28,0.6,0.1,109.3,3.9,0.07,0.044,0.147
1630170,Devin Vassell,1610612759,SAS,2024-25,0.553,0.532,0.217,2.9,2.08,1.3,0.5,118.1,-6.2,0.092,0.016,0.107
1628415,Dillon Brooks,1610612745,HOU,2024-25,0.555,0.533,0.176,1.7,1.68,0.8,0.2,108.8,4.7,0.067,0.028,0.081
1641794,Dillon Jones,1610612760,OKC,2024-25,0.464,0.444,0.131,1.1,2.07,0.3,0.1,102.9,6.0,0.066,0.05,0.153
1627734,Domantas Sabonis,1610612758,SAC,2024-25,0.655,0.627,0.213,6.0,2.09,0.7,0.4,113.9,2.6,0.164,0.11,0.286
1631230,Dominick Barlow,1610612737,ATL,2024-25,0.58,0.562,0.141,0.5,3.8,0.3,0.5,111.8,-1.6,0.082,0.091,0.139
1642270,Donovan Clingan,1610612757,POR,2024-25,0.574,0.56,0.135,1.1,1.07,0.5,1.6,109.7,0.2,0.105,0.144,0.218
1628378,Donovan Mitchell,1610612739,CLE,2024-25,0.575,0.531,0.298,5.0,2.38,1.3,0.2,109.1,10.5,0.137,0.025,0.112
1628978,Donte DiVincenzo,1610612750,MIN,2024-25,0.582,0.568,0.188,3.6,2.27,1.2,0.3,109.1,5.1,0.1,0.02,0.115
1627827,Dorian Finney-Smith,1610612747,LAL,2024-25,0.604,0.597,0.123,1.4,1.61,0.9,0.4,110.3,8.8,0.06,0.047,0.089
203926,Doug McDermott,1610612758,SAC,2024-25,0.617,0.615,0.15,0.2,1.17,0.1,0.0,109.9,1.6,0.051,0.009,0.054
203110,Draymond Green,1610612744,GSW,2024-25,0.534,0.503,0.157,5.6,2.2,1.5,1.0,108.8,6.6,0.088,0.036,0.168
1629234,Drew Eubanks,1610612746,LAC,2024-25,0.622,0.601,0.149,0.9,1.32,0.2,0.6,114.8,-8.1,0.111,0.078,0.211
1641809,Drew Peterson,1610612738,BOS,2024-25,0.601,0.573,0.121,0.5,1.63,0.2,0.1,102.9,12.8,0.078,0.051,0.161
1631166,Drew Timme,1610612751,BKN,2024-25,0.5,0.485,0.205,2.2,1.33,0.4,0.1,115.5,-12.6,0.086,0.06,0.194
1630696,Dru Smith,1610612748,MIA,2024-25,0.656,0.639,0.131,1.6,1.35,1.5,0.4,100.5,6.8,0.082,0.042,0.086
1629130,Duncan Robinson,1610612748,MIA,2024-25,0.595,0.581,0.187,2.4,2.05,0.5,0.1,109.9,0.2,0.078,0.01,0.084
1641871,Duop Reath,1610612757,POR,2024-25,0.552,0.524,0.162,0.6,1.63,0.3,0.3,114.5,-6.5,0.077,0.082,0.111
203939,Dwight Powell,1610612742,DAL,2024-25,0.713,0.705,0.073,1.0,3.06,0.3,0.4,109.7,-1.1,0.073,0.084,0.131
1630700,Dyson Daniels,1610612737,ATL,2024-25,0.545,0.536,0.178,4.4,2.15,3.0,0.7,114.2,-0.9,0.099,0.046,0.127
1630604,E.J. Liddell,1610612741,CHI,2024-25,0.661,0.633,0.13,0.3,1.5,0.1,0.1,126.4,-8.6,0.047,0.065,0.102
203901,Elfrid Payton,1610612740,NOP,2024-25,0.34,0.332,0.151,6.9,2.81,1.0,0.5,113.1,-13.4,0.079,0.027,0.114
1641989,Elijah Harkless,1610612762,UTA,2024-25,0.425,0.414,0.12,0.8,2.67,1.0,0.1,103.5,9.7,0.037,0.058,0.092
1641801,Emanuel Miller,1610612741,CHI,2024-25,0.563,0.5,0.143,0.3,0.0,0.2,0.0,130.4,-10.0,0.092,0.167,0.138
1641734,Emoni Bates,1610612739,CLE,2024-25,0.487,0.487,0.201,0.8,4.0,0.1,0.1,110.5,-21.5,0.08,0.0,0.075
1642402,Enrique Freeman,1610612754,IND,2024-25,0.507,0.446,0.109,0.4,1.5,0.1,0.1,110.7,-6.3,0.04,0.054,0.106
201569,Eric Gordon,1610612755,PHI,2024-25,0.591,0.564,0.14,1.7,2.32,0.7,0.3,116.4,-5.4,0.067,0.011,0.052
1630596,Evan Mobley,1610612739,CLE,2024-25,0.633,0.604,0.226,3.2,1.56,0.9,1.6,108.6,11.9,0.151,0.076,0.213
1630532,Franz Wagner,1610612753,ORL,2024-25,0.558,0.507,0.306,4.7,2.06,1.3,0.4,105.8,6.0,0.153,0.027,0.146
1627832,Fred VanVleet,1610612745,HOU,2024-25,0.515,0.483,0.176,5.6,3.83,1.6,0.4,108.8,6.2,0.093,0.014,0.089
1641713,GG Jackson,1610612763,MEM,2024-25,0.482,0.452,0.219,1.0,0.94,0.4,0.2,118.6,-5.9,0.064,0.055,0.13
1629216,Gabe Vincent,1610612747,LAL,2024-25,0.536,0.53,0.131,1.4,2.39,0.7,0.2,110.7,1.1,0.039,0.013,0.045
202066,Garrett Temple,1610612761,TOR,2024-25,0.406,0.35,0.129,1.1,3.1,0.6,0.1,111.1,-4.5,0.051,0.036,0.09
1629726,Garrison Mathews,1610612737,ATL,2024-25,0.606,0.562,0.153,1.3,1.94,0.6,0.3,111.4,-3.5,0.068,0.015,0.085
203914,Gary Harris,1610612753,ORL,2024-25,0.524,0.519,0.09,0.6,1.76,0.5,0.3,103.2,7.2,0.043,0.026,0.063
1627780,Gary Payton II,1610612744,GSW,2024-25,0.635,0.626,0.156,1.3,2.13,0.8,0.3,110.1,3.4,0.104,0.056,0.134
1629018,Gary Trent Jr.,1610612749,MIL,2024-25,0.591,0.568,0.168,1.2,2.07,1.0,0.1,114.0,1.9,0.07,0.011,0.074
1627777,Georges Niang,1610612737,ATL,2024-25,0.607,0.595,0.177,1.4,1.35,0.4,0.2,114.1,4.7,0.071,0.027,0.126
203507,Giannis Antetokounmpo,1610612749,MIL,2024-25,0.625,0.607,0.346,6.5,2.1,0.9,1.2,111.7,7.2,0.21,0.067,0.266
1629048,Goga Bitadze,1610612753,ORL,2024-25,0.631,0.615,0.142,2.0,1.9,0.7,1.4,107.4,2.7,0.134,0.116,0.227
1641711,Gradey Dick,1610612761,TOR,2024-25,0.543,0.498,0.209,1.8,1.18,0.9,0.2,116.1,-5.8,0.071,0.027,0.092
1629684,Grant Williams,1610612766,CHA,2024-25,0.596,0.549,0.146,2.3,1.32,1.1,0.8,113.3,1.6,0.076,0.035,0.134
1628960,Grayson Allen,1610612756,PHX,2024-25,0.631,0.6,0.169,2.1,1.83,0.8,0.3,118.0,-3.3,0.084,0.023,0.103
1627824,Guerschon Yabusele,1610612755,PHI,2024-25,0.616,0.593,0.163,2.1,1.7,0.8,0.3,116.7,-3.2,0.092,0.07,0.149
1630611,Gui Santos,1610612744,GSW,2024-25,0.575,0.553,0.126,1.4,1.9,0.4,0.2,107.3,10.6,0.073,0.085,0.127
203084,Harrison Barnes,1610612759,SAS,2024-25,0.656,0.622,0.157,1.7,2.72,0.5,0.2,115.6,-1.2,0.092,0.042,0.091
1631127,Harrison Ingram,1610612759,SAS,2024-25,0.5,0.5,0.06,0.6,3.0,0.6,0.0,92.0,40.0,0.08,0.067,0.175
1629312,Haywood Highsmith,1610612748,MIA,2024-25,0.583,0.572,0.111,1.5,2.07,0.9,0.5,110.4,1.4,0.057,0.04,0.098
1630529,Herbert Jones,1610612740,NOP,2024-25,0.541,0.5,0.146,3.3,1.86,1.9,0.5,112.5,-0.7,0.062,0.033,0.085
1641816,Hunter Tyson,1610612743,DEN,2024-25,0.506,0.471,0.146,0.4,1.43,0.2,0.1,108.7,-10.2,0.057,0.055,0.124
1630193,Immanuel Quickley,1610612761,TOR,2024-25,0.57,0.517,0.246,5.8,3.29,0.7,0.1,110.7,-1.6,0.128,0.016,0.107
1642403,Isaac Jones,1610612758,SAC,2024-25,0.678,0.669,0.152,0.3,0.75,0.1,0.3,115.1,-10.5,0.087,0.071,0.12
1630171,Isaac Okoro,1610612739,CLE,2024-25,0.587,0.569,0.124,1.2,2.96,0.6,0.3,109.7,12.5,0.057,0.047,0.072
1642268,Isaiah Collier,1610612762,UTA,2024-25,0.494,0.459,0.186,6.3,2.14,0.9,0.2,118.6,-10.4,0.077,0.017,0.104
1642384,Isaiah Crawford,1610612758,SAC,2024-25,0.509,0.5,0.122,0.1,1.0,0.1,0.1,92.7,19.3,0.07,0.023,0.149
1628392,Isaiah Hartenstein,1610612760,OKC,2024-25,0.599,0.581,0.165,3.8,2.28,0.8,1.1,105.3,13.0,0.138,0.103,0.262
1630543,Isaiah Jackson,1610612754,IND,2024-25,0.6,0.609,0.164,1.0,1.0,0.6,1.6,107.1,5.4,0.095,0.126,0.168
1630198,Isaiah Joe,1610612760,OKC,2024-25,0.617,0.604,0.166,1.6,3.13,0.6,0.1,104.1,15.8,0.089,0.025,0.089
1630600,Isaiah Mobley,1610612755,PHI,2024-25,0.381,0.357,0.17,5.0,0.0,1.0,1.0,110.0,-17.3,0.099,0.04,0.158
1641815,Isaiah Stevens,1610612748,MIA,2024-25,0.0,0.0,0.143,0.0,0.0,0.3,0.0,30.8,30.8,0.125,0.0,0.222
1630191,Isaiah Stewart,1610612765,DET,2024-25,0.616,0.586,0.121,1.7,1.81,0.4,1.4,108.6,0.5,0.096,0.086,0.17
1631209,Isaiah Wong,1610612766,CHA,2024-25,0.5,0.452,0.22,1.4,1.56,0.6,0.0,102.6,-2.6,0.077,0.051,0.071
1627826,Ivica Zubac,1610612746,LAC,2024-25,0.641,0.628,0.192,2.7,1.69,0.7,1.1,107.1,9.4,0.157,0.122,0.271
1631120,JD Davison,1610612738,BOS,2024-25,0.445,0.412,0.228,0.8,1.0,0.3,0.1,105.4,-13.7,0.079,0.02,0.118
1630550,JT Thor,1610612764,WAS,2024-25,0.517,0.475,0.132,0.3,0.67,0.4,0.5,115.3,-20.0,0.065,0.07,0.101
1629630,Ja Morant,1610612763,MEM,2024-25,0.563,0.504,0.312,7.3,1.97,1.2,0.2,109.6,6.8,0.141,0.021,0.101
1642266,Ja'Kobe Walter,1610612761,TOR,2024-25,0.523,0.487,0.179,1.6,1.62,0.8,0.2,111.1,-2.4,0.068,0.049,0.092
1631095,Jabari Smith Jr.,1610612745,HOU,2024-25,0.562,0.525,0.16,1.1,0.98,0.4,0.7,106.1,7.3,0.093,0.055,0.162
1631133,Jabari Walker,1610612757,POR,2024-25,0.601,0.576,0.156,0.6,1.09,0.6,0.1,107.6,0.5,0.107,0.072,0.198
1629098,Jack McVeigh,1610612745,HOU,2024-25,0.412,0.412,0.176,0.1,0.5,0.0,0.2,93.9,-9.2,0.02,0.039,0.056
1642050,Jackson Rowe,1610612744,GSW,2024-25,0.56,0.559,0.142,0.7,4.0,0.7,0.0,103.5,12.9,0.101,0.046,0.167
1631210,Jacob Toppin,1610612737,ATL,2024-25,0.523,0.523,0.14,0.4,2.0,0.1,0.0,104.4,-14.5,0.09,0.041,0.148
1630702,Jaden Hardy,1610612742,DAL,2024-25,0.549,0.527,0.244,1.4,0.99,0.5,0.1,111.6,-3.2,0.069,0.01,0.085
1631093,Jaden Ivey,1610612765,DET,2024-25,0.569,0.536,0.256,4.0,1.34,0.9,0.4,114.6,-4.1,0.099,0.043,0.091
1630183,Jaden McDaniels,1610612750,MIN,2024-25,0.562,0.537,0.16,2.0,1.72,1.3,0.9,109.9,4.0,0.086,0.048,0.126
1630531,Jaden Springer,1610612762,UTA,2024-25,0.511,0.456,0.139,0.8,2.06,0.6,0.1,108.9,-3.3,0.063,0.044,0.107
203109,Jae Crowder,1610612758,SAC,2024-25,0.467,0.409,0.113,0.7,1.5,0.3,0.0,109.2,-7.4,0.048,0.055,0.133
1630256,Jae'Sean Tate,1610612745,HOU,2024-25,0.557,0.527,0.126,0.9,2.14,0.5,0.1,104.7,6.3,0.071,0.072,0.108
1626143,Jahlil Okafor,1610612754,IND,2024-25,0.0,0.0,0.0,1.0,0.0,0.0,0.0,62.5,62.5,0.133,0.0,0.25
1642443,Jahmir Young,1610612741,CHI,2024-25,0.935,0.9,0.092,1.0,6.0,0.0,0.0,123.5,-13.5,0.1,0.042,0.059
1631170,Jaime Jaquez Jr.,1610612748,MIA,2024-25,0.543,0.501,0.194,2.5,1.69,0.9,0.2,113.9,-6.0,0.098,0.06,0.145
1631222,Jake LaRavia,1610612758,SAC,2024-25,0.591,0.564,0.14,2.4,1.84,0.9,0.3,111.2,3.8,0.081,0.063,0.12
1627751,Jakob Poeltl,1610612761,TOR,2024-25,0.641,0.628,0.184,2.8,1.42,1.2,1.2,111.9,-0.7,0.133,0.11,0.206
1641779,Jalen Bridges,1610612756,PHX,2024-25,0.514,0.429,0.197,0.0,0.0,0.0,0.0,88.7,9.7,0.026,0.0,0.121
1628973,Jalen Brunson,1610612752,NYK,2024-25,0.605,0.551,0.289,7.3,2.9,0.9,0.1,115.7,2.6,0.138,0.012,0.072
1631105,Jalen Duren,1610612765,DET,2024-25,0.703,0.692,0.161,2.7,1.54,0.7,1.1,114.0,1.5,0.14,0.137,0.259
1630224,Jalen Green,1610612745,HOU,2024-25,0.544,0.505,0.267,3.4,1.39,0.9,0.3,111.1,2.8,0.111,0.015,0.12
1641720,Jalen Hood-Schifino,1610612755,PHI,2024-25,0.494,0.449,0.164,2.5,2.06,0.3,0.5,123.5,-16.4,0.049,0.009,0.077
1630552,Jalen Johnson,1610612737,ATL,2024-25,0.569,0.541,0.214,5.0,1.71,1.6,1.0,110.2,1.6,0.135,0.046,0.216
1629667,Jalen McDaniels,1610612758,SAC,2024-25,0.0,0.0,0.0,0.3,0.0,0.3,0.0,77.8,3.5,0.114,0.0,0.0
1629618,Jalen Pickett,1610612743,DEN,2024-25,0.545,0.539,0.13,2.2,4.46,0.4,0.1,109.7,2.9,0.078,0.022,0.078
1630188,Jalen Smith,1610612741,CHI,2024-25,0.586,0.554,0.201,1.0,1.76,0.3,0.7,111.5,-1.2,0.133,0.085,0.241
1630591,Jalen Suggs,1610612753,ORL,2024-25,0.536,0.489,0.268,3.7,1.26,1.5,0.9,104.8,1.0,0.107,0.023,0.126
1631114,Jalen Williams,1610612760,OKC,2024-25,0.573,0.537,0.27,5.1,2.36,1.6,0.7,106.5,10.2,0.138,0.026,0.131
1630592,Jalen Wilson,1610612751,BKN,2024-25,0.541,0.495,0.161,1.8,1.84,0.5,0.1,113.7,-6.7,0.065,0.035,0.102
1631288,Jamal Cain,1610612740,NOP,2024-25,0.544,0.513,0.167,0.6,1.0,0.6,0.2,119.3,-12.9,0.067,0.05,0.117
1627750,Jamal Murray,1610612743,DEN,2024-25,0.584,0.543,0.235,6.0,2.92,1.4,0.5,115.5,6.5,0.111,0.019,0.084
1642347,Jamal Shead,1610612761,TOR,2024-25,0.499,0.476,0.179,4.2,2.7,0.8,0.1,113.3,-7.8,0.07,0.019,0.057
1631123,Jamaree Bouyea,1610612749,MIL,2024-25,0.581,0.542,0.163,2.0,1.25,0.8,0.4,117.8,0.6,0.067,0.019,0.058
201935,James Harden,1610612746,LAC,2024-25,0.582,0.501,0.286,8.7,2.01,1.5,0.7,109.2,6.2,0.145,0.02,0.143
201949,James Johnson,1610612754,IND,2024-25,0.35,0.364,0.165,0.3,1.0,0.0,0.2,110.5,-13.1,0.015,0.0,0.176
1630164,James Wiseman,1610612754,IND,2024-25,0.615,0.5,0.455,0.0,0.0,0.0,0.0,141.7,-23.5,0.156,0.0,0.25
1642419,Jamison Battle,1610612761,TOR,2024-25,0.59,0.581,0.147,0.9,1.96,0.3,0.2,113.4,-8.4,0.072,0.032,0.117
1641716,Jarace Walker,1610612754,IND,2024-25,0.59,0.576,0.165,1.5,1.41,0.7,0.3,112.1,-5.0,0.087,0.021,0.178
1630215,Jared Butler,1610612755,PHI,2024-25,0.549,0.514,0.222,3.7,2.75,0.7,0.2,114.5,-6.0,0.102,0.022,0.076
1642272,Jared McCain,1610612755,PHI,2024-25,0.589,0.553,0.243,2.6,1.62,0.7,0.0,111.4,-2.1,0.106,0.022,0.076
1631197,Jared Rhoden,1610612761,TOR,2024-25,0.602,0.552,0.183,1.1,1.78,0.7,0.1,103.4,14.7,0.106,0.052,0.113
1628991,Jaren Jackson Jr.,1610612763,MEM,2024-25,0.591,0.548,0.274,2.0,0.97,1.2,1.5,108.8,6.4,0.124,0.038,0.134
1629020,Jarred Vanderbilt,1610612747,LAL,2024-25,0.537,0.525,0.116,1.1,1.41,1.0,0.3,112.2,3.3,0.082,0.114,0.194
1628386,Jarrett Allen,1610612739,CLE,2024-25,0.724,0.706,0.156,1.9,1.63,0.9,0.9,111.3,10.5,0.148,0.095,0.238
1629750,Javonte Green,1610612739,CLE,2024-25,0.541,0.509,0.113,0.8,1.75,1.0,0.5,117.0,-7.8,0.064,0.042,0.122
1629637,Jaxson Hayes,1610612747,LAL,2024-25,0.72,0.722,0.12,1.0,1.35,0.6,0.9,109.8,2.5,0.097,0.074,0.163
1630643,Jay Huff,1610612763,MEM,2024-25,0.666,0.648,0.194,0.6,1.12,0.3,0.9,110.1,0.8,0.108,0.039,0.12
1627759,Jaylen Brown,1610612738,BOS,2024-25,0.555,0.515,0.282,4.5,1.77,1.2,0.3,111.7,9.5,0.114,0.037,0.126
1641740,Jaylen Clark,1610612750,MIN,2024-25,0.598,0.558,0.115,0.7,3.25,0.9,0.1,109.6,5.6,0.057,0.047,0.053
1641798,Jaylen Martin,1610612764,WAS,2024-25,0.497,0.466,0.155,1.1,1.42,0.6,0.0,120.7,-27.1,0.074,0.04,0.141
1629669,Jaylen Nowell,1610612764,WAS,2024-25,0.43,0.411,0.215,2.3,2.25,0.1,0.5,114.0,-13.1,0.06,0.032,0.086
1631301,Jaylen Sims,1610612766,CHA,2024-25,0.607,0.536,0.159,2.0,1.5,0.5,0.2,120.4,-20.0,0.057,0.025,0.025
1642377,Jaylen Wells,1610612763,MEM,2024-25,0.56,0.527,0.156,1.7,1.96,0.6,0.1,111.9,4.7,0.065,0.04,0.083
1631119,Jaylin Williams,1610612760,OKC,2024-25,0.594,0.577,0.141,2.6,3.43,0.5,0.6,103.0,17.9,0.124,0.059,0.251
1642281,Jaylon Tyson,1610612739,CLE,2024-25,0.523,0.497,0.164,0.9,1.69,0.3,0.1,108.8,-0.4,0.075,0.076,0.117
1628369,Jayson Tatum,1610612738,BOS,2024-25,0.582,0.537,0.301,6.0,2.06,1.1,0.5,109.8,9.8,0.158,0.017,0.206
1641789,Jazian Gortman,1610612742,DAL,2024-25,0.485,0.478,0.195,0.4,1.2,0.1,0.1,99.2,4.6,0.031,0.016,0.065
1630288,Jeff Dowtin Jr.,1610612755,PHI,2024-25,0.57,0.548,0.176,1.9,5.2,0.6,0.3,116.7,-9.2,0.106,0.018,0.079
201145,Jeff Green,1610612745,HOU,2024-25,0.649,0.624,0.144,0.6,2.22,0.2,0.1,116.1,-3.9,0.085,0.024,0.108
203924,Jerami Grant,1610612757,POR,2024-25,0.523,0.467,0.192,2.1,1.55,0.9,1.0,113.4,-6.1,0.07,0.015,0.088
1630526,Jeremiah Robinson-Earl,1610612740,NOP,2024-25,0.563,0.536,0.14,1.3,1.73,0.6,0.1,119.0,-11.8,0.087,0.082,0.166
1631110,Jeremy Sochan,1610612759,SAS,2024-25,0.589,0.565,0.184,2.4,1.52,0.8,0.5,114.5,-2.7,0.101,0.088,0.154
1630579,Jericho Sims,1610612749,MIL,2024-25,0.639,0.634,0.074,0.6,1.0,0.2,0.4,109.1,2.4,0.07,0.114,0.196
1642399,Jesse Edwards,1610612750,MIN,2024-25,0.0,0.0,0.0,0.5,0.0,0.0,0.0,150.0,-77.3,-0.043,0.0,0.0
1641724,Jett Howard,1610612753,ORL,2024-25,0.491,0.479,0.181,0.7,1.22,0.2,0.2,108.7,-5.7,0.045,0.026,0.074
1628975,Jevon Carter,1610612741,CHI,2024-25,0.509,0.497,0.2,1.1,3.64,0.4,0.1,111.5,3.3,0.082,0.012,0.094
202710,Jimmy Butler III,1610612744,GSW,2024-25,0.626,0.531,0.203,5.4,4.03,1.4,0.3,109.6,6.3,0.145,0.07,0.101
1629111,Jock Landale,1610612745,HOU,2024-25,0.59,0.569,0.148,0.9,1.76,0.3,0.2,112.6,-2.1,0.097,0.099,0.151
204060,Joe Ingles,1610612750,MIN,2024-25,0.326,0.326,0.113,1.2,2.56,0.1,0.0,113.1,-4.2,0.025,0.017,0.08
203954,Joel Embiid,1610612755,PHI,2024-25,0.58,0.481,0.342,4.5,1.37,0.7,0.9,109.5,-5.5,0.169,0.062,0.207
1628381,John Collins,1610612762,UTA,2024-25,0.628,0.583,0.234,2.0,0.78,1.0,1.0,113.3,-0.9,0.129,0.073,0.179
1629723,John Konchar,1610612763,MEM,2024-25,0.592,0.577,0.077,0.9,2.63,0.7,0.3,107.8,5.4,0.094,0.06,0.187
1631098,Johnny Davis,1610612764,WAS,2024-25,0.473,0.455,0.15,0.3,1.57,0.4,0.2,107.2,-2.5,0.067,0.036,0.104
1642277,Johnny Furphy,1610612754,IND,2024-25,0.506,0.462,0.118,0.4,1.58,0.4,0.2,105.4,0.6,0.059,0.06,0.126
1630548,Johnny Juzang,1610612762,UTA,2024-25,0.573,0.554,0.174,1.1,1.89,0.6,0.1,120.3,-13.1,0.071,0.031,0.109
202685,Jonas Valančiūnas,1610612758,SAC,2024-25,0.602,0.557,0.222,2.0,1.37,0.5,0.6,118.8,-9.6,0.147,0.122,0.286
1628371,Jonathan Isaac,1610612753,ORL,2024-25,0.512,0.474,0.155,0.6,1.21,0.9,1.1,106.6,-0.7,0.108,0.1,0.188
1630228,Jonathan Kuminga,1610612744,GSW,2024-25,0.535,0.495,0.271,2.2,1.46,0.8,0.4,108.9,1.0,0.11,0.045,0.134
1642367,Jonathan Mogbo,1610612761,TOR,2024-25,0.496,0.462,0.145,2.3,2.09,0.9,0.5,111.9,-8.2,0.083,0.076,0.157
203903,Jordan Clarkson,1610612762,UTA,2024-25,0.54,0.493,0.269,3.7,1.6,0.8,0.2,117.5,-10.0,0.102,0.025,0.092
1630692,Jordan Goodwin,1610612747,LAL,2024-25,0.541,0.528,0.134,1.4,1.62,1.0,0.4,112.4,-1.2,0.08,0.068,0.135
1641722,Jordan Hawkins,1610612740,NOP,2024-25,0.504,0.471,0.204,1.2,1.14,0.5,0.4,118.1,-11.4,0.066,0.017,0.097
1629162,Jordan McLaughlin,1610612759,SAS,2024-25,0.6,0.563,0.134,1.1,3.19,0.3,0.0,108.9,9.1,0.083,0.021,0.074
1641757,Jordan Miller,1610612746,LAC,2024-25,0.509,0.463,0.175,0.9,1.31,0.5,0.1,109.8,-6.0,0.07,0.053,0.084
1629673,Jordan Poole,1610612764,WAS,2024-25,0.591,0.544,0.281,4.5,1.49,1.3,0.4,117.9,-13.1,0.107,0.014,0.08
1641775,Jordan Walsh,1610612738,BOS,2024-25,0.464,0.452,0.11,0.4,1.12,0.2,0.2,108.0,3.8,0.045,0.057,0.113
1630631,Jose Alvarado,1610612740,NOP,2024-25,0.523,0.498,0.193,4.6,3.01,1.3,0.3,117.1,-8.7,0.09,0.019,0.077
1630528,Josh Christopher,1610612748,MIA,2024-25,0.416,0.387,0.235,0.6,1.33,0.4,0.2,108.2,-2.5,0.063,0.0,0.115
1630581,Josh Giddey,1610612741,CHI,2024-25,0.57,0.531,0.214,7.2,2.49,1.2,0.6,114.4,-1.4,0.13,0.059,0.192
1630182,Josh Green,1610612766,CHA,2024-25,0.559,0.543,0.115,1.6,1.54,1.1,0.2,114.2,-8.9,0.043,0.027,0.06
1628404,Josh Hart,1610612752,NYK,2024-25,0.611,0.579,0.151,5.9,2.87,1.5,0.4,114.3,3.6,0.119,0.057,0.203
1631169,Josh Minott,1610612750,MIN,2024-25,0.605,0.567,0.16,0.4,1.64,0.3,0.3,107.0,-3.0,0.095,0.044,0.115
1629006,Josh Okogie,1610612766,CHA,2024-25,0.567,0.519,0.185,0.8,1.06,1.2,0.5,109.3,-0.5,0.1,0.066,0.108
1626196,Josh Richardson,1610612748,MIA,2024-25,0.402,0.368,0.134,1.5,1.5,1.0,0.1,114.7,-10.6,0.015,0.038,0.048
201950,Jrue Holiday,1610612738,BOS,2024-25,0.565,0.538,0.156,3.9,3.1,1.1,0.4,107.7,8.9,0.088,0.038,0.091
1630577,Julian Champagnie,1610612759,SAS,2024-25,0.577,0.549,0.164,1.4,1.5,0.7,0.4,114.5,-2.1,0.079,0.032,0.121
1641763,Julian Phillips,1610612741,CHI,2024-25,0.571,0.533,0.126,0.5,1.44,0.5,0.3,111.1,1.8,0.055,0.056,0.082
1631124,Julian Strawther,1610612743,DEN,2024-25,0.559,0.529,0.173,1.3,1.46,0.6,0.2,114.4,-2.5,0.057,0.012,0.083
203944,Julius Randle,1610612750,MIN,2024-25,0.593,0.542,0.246,4.7,1.65,0.7,0.2,111.6,3.4,0.124,0.065,0.149
1630551,Justin Champagnie,1610612764,WAS,2024-25,0.614,0.601,0.15,1.0,1.11,1.0,0.6,116.8,-9.7,0.101,0.077,0.159
1642348,Justin Edwards,1610612755,PHI,2024-25,0.559,0.546,0.165,1.6,1.41,1.0,0.4,123.2,-11.6,0.062,0.038,0.094
1631303,Justin Minaya,1610612757,POR,2024-25,0.411,0.429,0.107,0.4,1.4,0.3,0.1,101.9,-6.9,0.02,0.047,0.055
203994,Jusuf Nurkić,1610612766,CHA,2024-25,0.555,0.523,0.202,2.3,1.19,0.8,0.7,115.1,-9.0,0.116,0.077,0.285
1630231,KJ Martin,1610612762,UTA,2024-25,0.618,0.59,0.112,1.1,2.0,0.4,0.5,117.4,-8.1,0.061,0.032,0.103
1642354,KJ Simpson,1610612766,CHA,2024-25,0.437,0.4,0.188,3.1,2.0,0.9,0.2,116.4,-15.4,0.06,0.042,0.081
1630539,Kai Jones,1610612742,DAL,2024-25,0.804,0.803,0.128,0.6,1.39,0.4,0.6,109.2,-2.3,0.131,0.089,0.173
1626157,Karl-Anthony Towns,1610612752,NYK,2024-25,0.63,0.584,0.265,3.1,1.16,1.0,0.7,112.7,6.8,0.161,0.087,0.284
1631255,Karlo Matković,1610612740,NOP,2024-25,0.639,0.619,0.155,1.1,1.07,0.5,1.0,114.1,-4.7,0.096,0.079,0.177
202695,Kawhi Leonard,1610612746,LAC,2024-25,0.589,0.56,0.28,3.1,1.61,1.6,0.5,107.9,12.4,0.134,0.033,0.158
1630811,Keaton Wallace,1610612737,ATL,2024-25,0.503,0.485,0.164,2.6,2.45,0.9,0.3,108.4,-2.2,0.074,0.013,0.08
1631099,Keegan Murray,1610612758,SAC,2024-25,0.553,0.538,0.148,1.4,1.82,0.8,0.9,113.4,1.5,0.075,0.056,0.134
1631232,Keion Brooks Jr.,1610612740,NOP,2024-25,0.581,0.55,0.169,0.9,1.08,0.7,0.7,121.2,-20.5,0.079,0.034,0.136
1642276,Kel'el Ware,1610612748,MIA,2024-25,0.603,0.592,0.169,0.9,1.05,0.6,1.1,110.9,1.9,0.119,0.087,0.238
1629640,Keldon Johnson,1610612759,SAS,2024-25,0.572,0.538,0.207,1.6,1.62,0.6,0.3,115.9,-5.8,0.103,0.057,0.136
203482,Kelly Olynyk,1610612740,NOP,2024-25,0.609,0.562,0.185,2.9,1.68,0.8,0.4,113.4,-2.7,0.098,0.069,0.154
1626162,Kelly Oubre Jr.,1610612755,PHI,2024-25,0.551,0.518,0.186,1.8,1.35,1.5,0.5,116.4,-5.7,0.084,0.046,0.14
1629026,Kenrich Williams,1610612760,OKC,2024-25,0.587,0.576,0.151,1.4,2.49,0.6,0.1,104.1,14.5,0.093,0.056,0.148
203484,Kentavious Caldwell-Pope,1610612763,MEM,2024-25,0.574,0.543,0.121,1.8,2.19,1.3,0.4,108.6,0.5,0.065,0.014,0.064
1631165,Keon Ellis,1610612758,SAC,2024-25,0.664,0.639,0.125,1.5,1.69,1.5,0.8,113.2,3.0,0.073,0.031,0.079
1630553,Keon Johnson,1610612751,BKN,2024-25,0.499,0.47,0.212,2.2,1.51,1.0,0.4,114.4,-10.3,0.07,0.031,0.125
1642352,Keshad Johnson,1610612748,MIA,2024-25,0.718,0.75,0.145,0.3,1.0,0.3,0.3,104.1,1.3,0.114,0.067,0.188
1630556,Kessler Edwards,1610612742,DAL,2024-25,0.597,0.578,0.11,1.1,2.63,0.5,0.5,122.3,-12.3,0.067,0.037,0.154
201142,Kevin Durant,1610612756,PHX,2024-25,0.642,0.598,0.283,4.2,1.38,0.8,1.2,117.4,-1.0,0.142,0.011,0.147
1628989,Kevin Huerter,1610612741,CHI,2024-25,0.544,0.535,0.171,2.3,2.33,1.0,0.3,111.7,2.8,0.073,0.017,0.098
1628995,Kevin Knox II,1610612744,GSW,2024-25,0.582,0.556,0.202,0.4,1.25,0.1,0.3,115.6,-2.9,0.104,0.069,0.149
201567,Kevin Love,1610612748,MIA,2024-25,0.488,0.461,0.23,1.0,1.57,0.7,0.2,112.3,-3.6,0.109,0.08,0.282
1641755,Kevin McCullar Jr.,1610612752,NYK,2024-25,0.381,0.286,0.118,0.5,0.0,0.3,0.3,96.9,-3.1,0.066,0.0,0.286
1629645,Kevin Porter Jr.,1610612749,MIL,2024-25,0.531,0.492,0.248,3.4,1.88,1.1,0.2,108.0,1.1,0.119,0.029,0.148
1626172,Kevon Looney,1610612744,GSW,2024-25,0.535,0.518,0.125,1.6,3.03,0.6,0.5,106.9,5.6,0.114,0.139,0.227
1641718,Keyonte George,1610612762,UTA,2024-25,0.539,0.485,0.237,5.6,2.06,0.7,0.1,122.0,-11.9,0.093,0.012,0.104
203114,Khris Middleton,1610612764,WAS,2024-25,0.588,0.546,0.208,4.1,2.68,0.9,0.2,112.6,1.5,0.114,0.015,0.132
1630165,Killian Hayes,1610612751,BKN,2024-25,0.559,0.512,0.145,5.2,3.44,0.7,0.7,115.6,-5.7,0.085,0.028,0.087
202691,Klay Thompson,1610612742,DAL,2024-25,0.552,0.535,0.214,2.0,1.65,0.7,0.4,115.2,-2.4,0.083,0.022,0.097
1641738,Kobe Brown,1610612746,LAC,2024-25,0.513,0.5,0.134,0.6,2.0,0.2,0.1,114.7,-8.7,0.083,0.07,0.176
1641723,Kobe Bufkin,1610612737,ATL,2024-25,0.483,0.426,0.203,1.7,2.13,0.3,0.2,103.3,-8.0,0.086,0.035,0.123
1627739,Kris Dunn,1610612746,LAC,2024-25,0.531,0.525,0.126,2.8,2.84,1.7,0.4,106.0,7.8,0.07,0.031,0.111
1631200,Kris Murray,1610612757,POR,2024-25,0.472,0.468,0.133,1.0,1.58,0.5,0.2,107.8,-1.8,0.061,0.066,0.096
204001,Kristaps Porziņģis,1610612738,BOS,2024-25,0.618,0.572,0.253,2.1,1.64,0.7,1.5,110.3,5.8,0.132,0.054,0.163
203937,Kyle Anderson,1610612748,MIA,2024-25,0.538,0.51,0.152,2.4,3.92,0.7,0.5,107.6,-1.5,0.108,0.049,0.148
1642271,Kyle Filipowski,1610612762,UTA,2024-25,0.594,0.576,0.184,1.9,1.37,0.7,0.3,118.9,-11.3,0.103,0.07,0.213
1628398,Kyle Kuzma,1610612749,MIL,2024-25,0.514,0.493,0.233,2.3,1.04,0.6,0.3,116.1,-10.3,0.08,0.027,0.155
200768,Kyle Lowry,1610612755,PHI,2024-25,0.525,0.474,0.1,2.7,4.57,0.9,0.3,109.6,-5.8,0.067,0.016,0.086
1630283,Kylor Kelley,1610612747,LAL,2024-25,0.644,0.636,0.097,0.5,1.25,0.1,0.3,130.5,-29.1,0.072,0.079,0.194
202681,Kyrie Irving,1610612742,DAL,2024-25,0.594,0.549,0.264,4.6,2.08,1.3,0.5,113.9,2.6,0.129,0.033,0.093
1642273,Kyshawn George,1610612764,WAS,2024-25,0.503,0.476,0.156,2.5,1.74,1.0,0.7,115.5,-10.1,0.058,0.025,0.122
1630163,LaMelo Ball,1610612766,CHA,2024-25,0.536,0.494,0.342,7.4,2.07,1.1,0.3,116.5,-3.9,0.127,0.028,0.121
1630205,Lamar Stevens,1610612763,MEM,2024-25,0.545,0.524,0.21,0.5,0.8,0.3,0.2,101.8,26.4,0.09,0.027,0.184
1629013,Landry Shamet,1610612752,NYK,2024-25,0.601,0.596,0.143,0.5,1.23,0.5,0.0,106.5,5.1,0.062,0.014,0.064
1626204,Larry Nance Jr.,1610612737,ATL,2024-25,0.632,0.626,0.155,1.6,2.38,0.8,0.5,116.5,-9.0,0.106,0.046,0.174
1628374,Lauri Markkanen,1610612762,UTA,2024-25,0.571,0.521,0.231,1.5,1.06,0.7,0.4,117.5,-6.1,0.103,0.046,0.134
2544,LeBron James,1610612747,LAL,2024-25,0.604,0.571,0.291,8.2,2.21,1.0,0.6,114.0,-1.3,0.169,0.031,0.187
1631159,Leonard Miller,1610612750,MIN,2024-25,0.54,0.4,0.239,0.0,0.0,0.2,0.1,98.6,-19.4,0.202,0.073,0.229
1631311,Lester Quinones,1610612740,NOP,2024-25,0.514,0.481,0.213,1.8,1.71,0.2,0.2,110.4,-5.9,0.065,0.02,0.076
1641857,Liam Robbins,1610612749,MIL,2024-25,0.363,0.25,0.128,0.2,0.33,0.2,0.2,85.6,-5.3,-0.025,0.111,0.085
1630322,Lindy Waters III,1610612765,DET,2024-25,0.504,0.498,0.145,1.0,2.6,0.5,0.2,110.2,1.4,0.061,0.023,0.116
1629022,Lonnie Walker IV,1610612755,PHI,2024-25,0.548,0.526,0.214,2.5,2.0,0.5,0.3,118.7,-14.1,0.091,0.012,0.117
1628366,Lonzo Ball,1610612741,CHI,2024-25,0.524,0.504,0.152,3.3,2.8,1.3,0.5,108.0,5.5,0.078,0.029,0.106
1629652,Luguentz Dort,1610612760,OKC,2024-25,0.586,0.578,0.133,1.6,2.25,1.1,0.5,107.3,13.1,0.063,0.041,0.093
1629029,Luka Dončić,1610612747,LAL,2024-25,0.587,0.536,0.328,7.7,2.14,1.8,0.4,110.5,9.1,0.17,0.023,0.198
1630568,Luka Garza,1610612750,MIN,2024-25,0.573,0.543,0.241,0.3,0.92,0.2,0.1,107.5,0.4,0.101,0.138,0.103
1628379,Luke Kennard,1610612763,MEM,2024-25,0.631,0.609,0.14,3.3,2.99,0.8,0.1,114.5,3.1,0.093,0.024,0.094
1628436,Luke Kornet,1610612738,BOS,2024-25,0.683,0.668,0.111,1.6,3.77,0.5,1.0,106.3,14.9,0.114,0.134,0.139
1631247,Luke Travers,1610612739,CLE,2024-25,0.287,0.25,0.132,0.7,1.0,0.1,0.1,109.7,-0.5,0.022,0.084,0.108
1630644,Mac McClung,1610612753,ORL,2024-25,0.0,0.0,0.087,1.5,0.0,0.0,0.0,128.6,-9.5,0.0,0.0,0.1
1630201,Malachi Flynn,1610612759,SAS,2024-25,0.512,0.423,0.196,1.8,1.75,0.8,0.0,109.1,3.7,0.084,0.077,0.08
1631103,Malaki Branham,1610612759,SAS,2024-25,0.575,0.547,0.233,0.8,1.12,0.2,0.0,109.8,-3.7,0.087,0.016,0.093
1627763,Malcolm Brogdon,1610612764,WAS,2024-25,0.544,0.467,0.231,4.1,2.58,0.5,0.2,116.9,-10.4,0.113,0.036,0.119
1642502,Malevy Leons,1610612760,OKC,2024-25,0.266,0.0,0.102,0.2,1.0,0.0,0.0,104.7,-43.3,-0.069,0.04,0.095
1627736,Malik Beasley,1610612765,DET,2024-25,0.59,0.579,0.215,1.7,1.67,0.9,0.1,110.2,3.1,0.091,0.02,0.069
1628370,Malik Monk,1610612758,SAC,2024-25,0.549,0.513,0.236,5.6,2.28,0.9,0.6,114.5,2.5,0.099,0.014,0.104
1630699,MarJon Beauchamp,1610612752,NYK,2024-25,0.535,0.492,0.222,0.3,0.73,0.1,0.0,92.0,2.9,0.123,0.064,0.198
1630542,Marcus Bagley,1610612755,PHI,2024-25,0.456,0.428,0.128,1.0,1.43,0.9,1.2,117.0,-15.9,0.077,0.078,0.175
1630585,Marcus Garrett,1610612766,CHA,2024-25,0.487,0.463,0.193,3.3,2.17,0.8,0.5,119.3,-23.6,0.057,0.013,0.057
1631204,Marcus Sasser,1610612765,DET,2024-25,0.589,0.561,0.187,2.3,2.46,0.6,0.1,107.5,2.9,0.095,0.021,0.06
203935,Marcus Smart,1610612764,WAS,2024-25,0.529,0.488,0.198,3.2,2.02,1.1,0.3,107.3,2.6,0.086,0.024,0.069
1631109,Mark Williams,1610612766,CHA,2024-25,0.647,0.604,0.21,2.5,1.54,0.7,1.2,118.9,-12.7,0.156,0.103,0.255
1628365,Markelle Fultz,1610612758,SAC,2024-25,0.452,0.448,0.196,1.3,1.8,0.5,0.1,105.7,3.6,0.065,0.036,0.077
202693,Markieff Morris,1610612747,LAL,2024-25,0.385,0.364,0.202,1.4,4.2,0.1,0.2,113.9,-7.8,0.045,0.017,0.114
1628963,Marvin Bagley III,1610612763,MEM,2024-25,0.56,0.533,0.2,0.4,0.92,0.3,0.3,108.8,-0.6,0.123,0.128,0.159
1630222,Mason Jones,1610612758,SAC,2024-25,0.569,0.528,0.193,1.1,11.0,0.0,0.1,105.3,2.2,0.159,0.045,0.149
203486,Mason Plumlee,1610612756,PHX,2024-25,0.645,0.619,0.105,1.8,2.27,0.4,0.6,115.0,0.2,0.098,0.094,0.253
1641824,Matas Buzelis,1610612741,CHI,2024-25,0.571,0.541,0.181,1.0,1.07,0.4,0.9,112.1,-1.7,0.079,0.035,0.133
1629680,Matisse Thybulle,1610612757,POR,2024-25,0.592,0.597,0.135,1.9,2.15,2.2,0.6,105.1,0.2,0.114,0.038,0.122
1630346,Matt Ryan,1610612740,NOP,2024-25,0.439,0.419,0.208,0.2,1.0,0.1,0.0,108.8,-28.3,0.062,0.0,0.113
1631108,Max Christie,1610612742,DAL,2024-25,0.57,0.525,0.15,1.9,1.66,0.8,0.4,114.3,-1.7,0.069,0.019,0.102
1629622,Max Strus,1610612739,CLE,2024-25,0.607,0.594,0.143,3.2,2.93,0.5,0.2,112.2,7.9,0.083,0.041,0.118
1628467,Maxi Kleber,1610612747,LAL,2024-25,0.489,0.453,0.085,1.3,1.87,0.3,0.5,112.3,-0.4,0.035,0.04,0.105
1641721,Maxwell Lewis,1610612751,BKN,2024-25,0.516,0.505,0.164,0.7,1.36,0.3,0.3,110.7,-9.6,0.066,0.051,0.118
1630695,Micah Potter,1610612762,UTA,2024-25,0.563,0.537,0.102,0.8,1.0,0.4,0.4,116.2,-7.6,0.063,0.058,0.153
1629008,Michael Porter Jr.,1610612743,DEN,2024-25,0.617,0.596,0.197,2.1,1.59,0.6,0.5,115.4,4.4,0.101,0.055,0.146
1628969,Mikal Bridges,1610612752,NYK,2024-25,0.585,0.57,0.192,3.7,2.32,0.9,0.5,112.9,5.6,0.09,0.024,0.063
201144,Mike Conley,1610612750,MIN,2024-25,0.573,0.535,0.141,4.5,4.25,1.1,0.2,109.0,6.5,0.092,0.018,0.085
1628970,Miles Bridges,1610612766,CHA,2024-25,0.541,0.495,0.273,3.9,1.82,0.7,0.7,113.6,-5.5,0.135,0.033,0.189
1630540,Miles McBride,1610612752,NYK,2024-25,0.531,0.511,0.162,2.9,4.56,1.0,0.3,109.7,7.1,0.077,0.028,0.069
1641936,Miles Norris,1610612738,BOS,2024-25,0.354,0.333,0.127,0.0,0.0,0.7,0.3,110.9,-23.2,0.088,0.048,0.171
1629011,Mitchell Robinson,1610612752,NYK,2024-25,0.676,0.661,0.109,0.8,1.3,0.9,1.1,108.2,5.7,0.122,0.174,0.176
1628964,Mo Bamba,1610612740,NOP,2024-25,0.557,0.531,0.15,0.6,0.9,0.3,1.0,112.5,-9.0,0.1,0.079,0.268
1628420,Monte Morris,1610612756,PHX,2024-25,0.546,0.505,0.173,1.6,3.48,0.4,0.1,108.3,2.8,0.096,0.021,0.088
1629021,Moritz Wagner,1610612753,ORL,2024-25,0.649,0.616,0.254,1.4,0.86,0.8,0.4,107.0,-0.9,0.165,0.067,0.201
1629650,Moses Brown,1610612742,DAL,2024-25,0.706,0.694,0.216,0.2,0.18,0.5,0.3,105.9,-4.4,0.154,0.098,0.224
1630541,Moses Moody,1610612744,GSW,2024-25,0.578,0.544,0.17,1.3,1.78,0.8,0.4,108.9,4.3,0.076,0.029,0.084
1631243,Mouhamed Gueye,1610612737,ATL,2024-25,0.52,0.482,0.155,0.8,1.8,0.8,1.0,104.7,8.8,0.085,0.078,0.179
1631217,Moussa Diabaté,1610612766,CHA,2024-25,0.609,0.596,0.13,0.8,0.92,0.6,0.6,110.3,-3.4,0.115,0.135,0.209
1626167,Myles Turner,1610612754,IND,2024-25,0.612,0.577,0.207,1.5,0.9,0.8,2.0,111.5,4.7,0.103,0.043,0.169
1642368,N'Faly Dante,1610612745,HOU,2024-25,0.789,0.769,0.133,0.5,1.0,0.3,1.3,123.5,-8.6,0.125,0.122,0.268
1641772,Nae'Qwan Tomlin,1610612739,CLE,2024-25,0.489,0.438,0.23,0.4,1.0,0.0,0.2,92.0,4.4,0.096,0.117,0.145
1630230,Naji Marshall,1610612742,DAL,2024-25,0.584,0.551,0.197,3.0,1.86,1.0,0.2,114.7,-3.2,0.105,0.04,0.125
1631466,Nate Williams,1610612745,HOU,2024-25,0.496,0.484,0.212,0.5,0.64,0.4,0.2,116.8,-6.2,0.038,0.033,0.053
1629675,Naz Reid,1610612750,MIN,2024-25,0.577,0.556,0.21,2.3,1.68,0.7,0.9,108.8,7.4,0.11,0.041,0.171
1629674,Neemias Queta,1610612738,BOS,2024-25,0.674,0.65,0.136,0.7,1.13,0.3,0.7,108.3,9.1,0.102,0.105,0.168
1629651,Nic Claxton,1610612751,BKN,2024-25,0.569,0.568,0.166,2.2,1.8,0.9,1.4,116.2,-12.6,0.115,0.08,0.198
1630208,Nick Richards,1610612756,PHX,2024-25,0.634,0.591,0.169,0.9,0.6,0.2,1.0,120.9,-8.7,0.107,0.118,0.243
1641733,Nick Smith Jr.,1610612766,CHA,2024-25,0.502,0.482,0.205,2.4,1.77,0.3,0.1,116.4,-14.3,0.064,0.009,0.08
1629638,Nickeil Alexander-Walker,1610612750,MIN,2024-25,0.579,0.553,0.155,2.7,2.25,0.6,0.4,108.5,6.6,0.081,0.026,0.098
201587,Nicolas Batum,1610612746,LAC,2024-25,0.633,0.622,0.087,1.1,2.47,0.7,0.5,104.7,5.9,0.069,0.034,0.117
203999,Nikola Jokić,1610612743,DEN,2024-25,0.663,0.627,0.285,10.2,3.11,1.8,0.6,115.1,10.5,0.206,0.083,0.252
1631107,Nikola Jović,1610612748,MIA,2024-25,0.595,0.56,0.178,2.8,2.18,0.8,0.3,110.7,-1.1,0.098,0.022,0.127
202696,Nikola Vučević,1610612741,CHI,2024-25,0.611,0.592,0.221,3.5,2.15,0.8,0.7,116.0,-2.4,0.136,0.076,0.228
1641730,Noah Clowney,1610612751,BKN,2024-25,0.516,0.474,0.185,0.9,0.87,0.5,0.5,115.2,-12.3,0.061,0.037,0.138
1626181,Norman Powell,1610612746,LAC,2024-25,0.615,0.578,0.255,2.1,1.16,1.2,0.2,107.4,8.8,0.11,0.011,0.085
1628384,OG Anunoby,1610612752,NYK,2024-25,0.591,0.559,0.195,2.2,1.61,1.5,0.9,112.3,5.4,0.093,0.037,0.098
1630167,Obi Toppin,1610612754,IND,2024-25,0.642,0.621,0.191,1.6,1.88,0.6,0.4,116.1,-2.6,0.115,0.036,0.167
1630534,Ochai Agbaji,1610612761,TOR,2024-25,0.601,0.593,0.144,1.5,1.81,0.9,0.5,112.2,-5.7,0.081,0.033,0.098
1641765,Olivier-Maxence Prosper,1610612742,DAL,2024-25,0.484,0.437,0.158,0.8,2.86,0.5,0.1,109.5,-7.7,0.082,0.071,0.137
1630168,Onyeka Okongwu,1610612737,ATL,2024-25,0.634,0.602,0.169,2.3,1.87,0.9,0.9,113.7,1.1,0.122,0.103,0.213
1631115,Orlando Robinson,1610612761,TOR,2024-25,0.519,0.477,0.177,1.8,1.57,0.4,0.4,109.2,-4.8,0.088,0.097,0.161
1631131,Oscar Tshiebwe,1610612762,UTA,2024-25,0.64,0.6,0.144,0.6,0.9,0.9,0.1,115.8,-2.5,0.14,0.16,0.286
1629052,Oshae Brissett,1610612755,PHI,2024-25,0.576,0.564,0.154,0.7,0.5,0.7,0.5,124.3,-10.7,0.05,0.047,0.115
1642345,Oso Ighodaro,1610612756,PHX,2024-25,0.61,0.604,0.103,1.2,1.82,0.5,0.5,110.0,-0.6,0.073,0.063,0.143
1631172,Ousmane Dieng,1610612760,OKC,2024-25,0.538,0.524,0.152,0.8,1.72,0.5,0.2,99.2,5.1,0.088,0.04,0.142
200782,P.J. Tucker,1610612752,NYK,2024-25,0.643,0.643,0.059,0.0,0.0,0.3,0.3,127.4,-21.3,0.015,0.062,0.103
1629023,P.J. Washington,1610612742,DAL,2024-25,0.556,0.521,0.198,2.3,1.11,1.1,1.1,113.2,1.1,0.097,0.044,0.183
1628408,PJ Dozier,1610612750,MIN,2024-25,0.621,1.0,0.082,0.6,5.0,0.1,0.0,107.8,-9.0,0.054,0.04,0.125
1641790,PJ Hall,1610612743,DEN,2024-25,0.641,0.625,0.176,0.2,2.0,0.0,0.2,91.3,0.5,0.168,0.079,0.219
1642359,Pacôme Dadiet,1610612752,NYK,2024-25,0.446,0.419,0.142,0.3,1.25,0.2,0.1,113.0,-9.2,0.047,0.028,0.128
1631094,Paolo Banchero,1610612753,ORL,2024-25,0.551,0.5,0.33,4.8,1.61,0.8,0.6,109.6,-0.6,0.157,0.031,0.192
1627783,Pascal Siakam,1610612754,IND,2024-25,0.599,0.572,0.237,3.4,2.41,0.9,0.5,108.9,5.5,0.13,0.053,0.154
1626192,Pat Connaughton,1610612749,MIL,2024-25,0.567,0.542,0.151,1.7,2.92,0.2,0.3,114.6,-2.9,0.088,0.032,0.14
1630311,Pat Spencer,1610612744,GSW,2024-25,0.455,0.431,0.204,1.2,2.67,0.4,0.1,107.8,-2.8,0.093,0.055,0.131
1631116,Patrick Baldwin Jr.,1610612746,LAC,2024-25,0.721,0.729,0.151,0.1,0.6,0.1,0.1,102.1,12.4,0.122,0.038,0.189
1630172,Patrick Williams,1610612741,CHI,2024-25,0.512,0.49,0.165,2.0,1.44,0.8,0.5,113.5,-4.8,0.062,0.025,0.113
201988,Patty Mills,1610612746,LAC,2024-25,0.543,0.51,0.15,0.9,1.53,0.4,0.1,108.0,-3.4,0.055,0.012,0.051
202331,Paul George,1610612755,PHI,2024-25,0.543,0.514,0.233,4.3,1.68,1.8,0.5,112.2,-3.8,0.106,0.018,0.153
1630194,Paul Reed,1610612765,DET,2024-25,0.573,0.535,0.179,1.0,1.69,0.9,0.6,105.7,5.6,0.115,0.09,0.197
1630202,Payton Pritchard,1610612738,BOS,2024-25,0.633,0.62,0.186,3.5,3.36,0.9,0.2,108.9,9.5,0.116,0.042,0.087
1641796,Pelle Larsson,1610612748,MIA,2024-25,0.546,0.517,0.141,1.2,2.71,0.6,0.1,108.7,2.4,0.055,0.036,0.081
1631250,Pete Nance,1610612749,MIL,2024-25,0.578,0.578,0.116,0.8,2.5,0.2,0.2,114.8,-7.0,0.054,0.036,0.115
1631212,Peyton Watson,1610612743,DEN,2024-25,0.564,0.533,0.138,1.4,1.68,0.7,1.4,113.9,0.0,0.066,0.03,0.103
1630762,Phillip Wheeler,1610612755,PHI,2024-25,0.183,0.143,0.221,0.4,2.0,0.2,0.4,96.6,13.4,-0.005,0.036,0.125
1630173,Precious Achiuwa,1610612752,NYK,2024-25,0.53,0.517,0.143,1.0,1.22,0.8,0.7,111.4,-1.2,0.092,0.084,0.188
1629656,Quentin Grimes,1610612755,PHI,2024-25,0.595,0.565,0.218,3.0,1.62,1.0,0.3,118.1,-6.2,0.105,0.028,0.126
1631245,Quenton Jackson,1610612754,IND,2024-25,0.58,0.537,0.167,1.9,3.31,0.8,0.2,110.1,0.8,0.089,0.035,0.079
1642439,Quincy Olivari,1610612747,LAL,2024-25,0.3,0.3,0.231,0.5,1.0,0.0,0.0,150.0,-81.8,-0.022,0.0,0.0
1642366,Quinten Post,1610612744,GSW,2024-25,0.595,0.582,0.197,1.3,1.7,0.4,0.4,109.1,2.4,0.095,0.049,0.166
1629628,RJ Barrett,1610612761,TOR,2024-25,0.547,0.523,0.281,5.4,1.89,0.8,0.3,113.4,-3.4,0.121,0.031,0.159
1642484,RayJ Dennis,1610612754,IND,2024-25,0.443,0.424,0.212,1.3,2.8,0.6,0.2,86.3,27.3,0.11,0.025,0.116
1641712,Rayan Rupert,1610612757,POR,2024-25,0.499,0.465,0.156,0.5,0.83,0.3,0.1,109.8,-9.2,0.055,0.049,0.097
1641736,Reece Beekman,1610612751,BKN,2024-25,0.4,0.36,0.122,1.8,3.0,0.9,0.1,110.4,-12.0,0.051,0.024,0.061
1642263,Reed Sheppard,1610612745,HOU,2024-25,0.465,0.452,0.171,1.4,2.03,0.7,0.3,111.1,-2.7,0.06,0.022,0.086
202704,Reggie Jackson,1610612755,PHI,2024-25,0.496,0.485,0.17,1.5,2.65,0.5,0.1,111.8,-3.5,0.067,0.02,0.093
1626158,Richaun Holmes,1610612764,WAS,2024-25,0.695,0.647,0.143,1.4,2.0,0.3,0.7,114.5,-4.3,0.135,0.113,0.208
1641741,Ricky Council IV,1610612755,PHI,2024-25,0.502,0.442,0.196,1.3,1.87,0.4,0.2,116.0,-6.1,0.08,0.039,0.13
1642434,Riley Minix,1610612759,SAS,2024-25,0.0,0.0,0.063,0.0,0.0,0.0,0.0,93.3,0.0,0.039,0.0,0.2
1642265,Rob Dillingham,1610612750,MIN,2024-25,0.503,0.5,0.215,2.0,1.85,0.4,0.0,111.1,1.2,0.078,0.022,0.07
1629057,Robert Williams III,1610612757,POR,2024-25,0.679,0.647,0.12,1.1,1.24,0.7,1.7,108.3,-2.0,0.137,0.097,0.217
1631199,Ron Harper Jr.,1610612765,DET,2024-25,0.225,0.125,0.205,2.0,0.0,0.0,0.0,116.7,3.9,0.071,0.182,0.2
1641842,Ronald Holland II,1610612765,DET,2024-25,0.556,0.517,0.177,1.0,1.14,0.6,0.2,110.9,-1.0,0.078,0.03,0.136
1626220,Royce O'Neale,1610612756,PHX,2024-25,0.585,0.58,0.151,2.2,2.51,0.9,0.4,116.4,-4.2,0.085,0.029,0.157
203497,Rudy Gobert,1610612750,MIN,2024-25,0.687,0.669,0.129,1.8,1.43,0.8,1.4,107.6,6.7,0.126,0.111,0.21
1629060,Rui Hachimura,1610612747,LAL,2024-25,0.619,0.597,0.156,1.4,1.69,0.8,0.4,110.9,3.9,0.086,0.044,0.111
201566,Russell Westbrook,1610612743,DEN,2024-25,0.532,0.505,0.23,6.1,1.89,1.4,0.5,116.2,-0.6,0.093,0.05,0.119
1642346,Ryan Dunn,1610612756,PHX,2024-25,0.517,0.516,0.161,0.8,1.43,0.6,0.5,115.1,-4.7,0.059,0.063,0.117
1631157,Ryan Rollins,1610612749,MIL,2024-25,0.6,0.577,0.179,1.9,1.96,0.8,0.3,108.6,5.4,0.088,0.027,0.098
1630573,Sam Hauser,1610612738,BOS,2024-25,0.632,0.627,0.14,0.9,2.78,0.6,0.2,109.8,10.0,0.083,0.027,0.113
1630241,Sam Merrill,1610612739,CLE,2024-25,0.583,0.567,0.14,1.5,3.09,0.7,0.2,107.1,10.3,0.069,0.026,0.077
1630572,Sandro Mamukelashvili,1610612759,SAS,2024-25,0.628,0.609,0.202,0.8,1.85,0.4,0.3,112.9,-1.4,0.124,0.086,0.176
1630583,Santi Aldama,1610612763,MEM,2024-25,0.588,0.576,0.179,2.9,2.65,0.8,0.4,112.6,3.5,0.121,0.052,0.181
1630703,Scoot Henderson,1610612757,POR,2024-25,0.54,0.496,0.22,5.1,1.89,1.0,0.2,113.7,-1.3,0.084,0.028,0.083
1630567,Scottie Barnes,1610612761,TOR,2024-25,0.523,0.482,0.262,5.8,2.05,1.4,1.0,110.1,-2.7,0.139,0.047,0.176
1630590,Scotty Pippen Jr.,1610612763,MEM,2024-25,0.582,0.553,0.188,4.4,2.51,1.3,0.4,109.7,1.3,0.106,0.035,0.105
203552,Seth Curry,1610612766,CHA,2024-25,0.616,0.599,0.151,0.9,1.88,0.4,0.1,114.1,-8.0,0.083,0.02,0.081
1631101,Shaedon Sharpe,1610612757,POR,2024-25,0.551,0.519,0.25,2.8,1.32,0.9,0.2,114.4,-3.0,0.102,0.029,0.114
1628983,Shai Gilgeous-Alexander,1610612760,OKC,2024-25,0.637,0.569,0.336,6.4,2.66,1.7,1.0,105.7,16.7,0.199,0.025,0.112
1629003,Shake Milton,1610612747,LAL,2024-25,0.563,0.528,0.162,1.8,2.55,0.4,0.1,113.1,-6.9,0.081,0.036,0.086
1631321,Sidy Cissoko,1610612757,POR,2024-25,0.471,0.483,0.156,0.7,1.36,0.1,0.0,89.0,2.1,0.057,0.068,0.1
1631323,Simone Fontecchio,1610612765,DET,2024-25,0.544,0.504,0.152,0.9,1.2,0.4,0.2,109.5,1.2,0.068,0.04,0.127
1627746,Skal Labissiere,1610612758,SAC,2024-25,0.625,0.625,0.129,0.3,0.0,0.0,0.0,128.0,-13.2,0.092,0.083,0.222
203915,Spencer Dinwiddie,1610612742,DAL,2024-25,0.553,0.496,0.175,4.4,3.42,0.9,0.2,115.1,-5.0,0.089,0.008,0.086
1642461,Spencer Jones,1610612743,DEN,2024-25,0.368,0.338,0.128,0.3,1.0,0.3,0.3,107.4,-18.0,0.013,0.057,0.067
1630649,Stanley Umude,1610612749,MIL,2024-25,0.27,0.25,0.137,0.2,1.33,0.1,0.3,95.8,-10.1,0.022,0.043,0.131
201939,Stephen Curry,1610612744,GSW,2024-25,0.618,0.572,0.286,6.0,2.11,1.1,0.4,112.7,5.7,0.145,0.017,0.118
1642264,Stephon Castle,1610612759,SAS,2024-25,0.522,0.476,0.253,4.1,1.88,0.9,0.3,116.6,-4.7,0.087,0.039,0.092
203500,Steven Adams,1610612745,HOU,2024-25,0.541,0.545,0.127,1.1,1.22,0.4,0.5,105.9,9.4,0.109,0.181,0.193
1629004,Svi Mykhailiuk,1610612762,UTA,2024-25,0.526,0.507,0.198,2.0,1.46,0.5,0.2,117.7,-7.4,0.067,0.026,0.085
204456,T.J. McConnell,1610612754,IND,2024-25,0.547,0.531,0.226,4.4,3.22,1.1,0.3,113.8,-2.7,0.129,0.032,0.104
201959,Taj Gibson,1610612766,CHA,2024-25,0.515,0.5,0.132,0.6,0.84,0.2,0.5,110.4,-13.8,0.068,0.114,0.151
1629659,Talen Horton-Tucker,1610612741,CHI,2024-25,0.567,0.527,0.208,1.4,2.08,0.4,0.2,109.8,1.7,0.09,0.025,0.097
1631106,Tari Eason,1610612745,HOU,2024-25,0.567,0.543,0.185,1.5,1.28,1.7,0.9,109.2,5.6,0.117,0.081,0.158
1627752,Taurean Prince,1610612749,MIL,2024-25,0.613,0.6,0.123,1.9,1.89,1.0,0.2,114.5,-0.4,0.064,0.016,0.11
1641707,Taylor Hendricks,1610612762,UTA,2024-25,0.354,0.306,0.113,0.7,1.0,1.7,1.3,109.2,-13.5,0.036,0.054,0.115
1631386,Taze Moore,1610612757,POR,2024-25,0.276,0.25,0.224,0.5,0.5,1.0,0.0,77.3,-18.6,0.105,0.121,0.16
1629611,Terance Mann,1610612737,ATL,2024-25,0.584,0.569,0.145,1.8,2.57,0.7,0.2,115.2,-2.3,0.074,0.047,0.094
1629056,Terence Davis,1610612758,SAC,2024-25,0.0,0.0,0.111,1.0,0.0,0.0,0.0,106.7,-20.0,0.0,0.0,0.111
1630545,Terrence Shannon Jr.,1610612750,MIN,2024-25,0.56,0.531,0.166,1.0,2.13,0.2,0.2,107.0,0.8,0.082,0.029,0.1
1626179,Terry Rozier,1610612748,MIA,2024-25,0.497,0.462,0.195,2.6,2.14,0.6,0.2,112.3,-4.9,0.078,0.025,0.113
1630678,Terry Taylor,1610612758,SAC,2024-25,0.0,0.0,0.067,0.7,0.0,0.0,0.0,71.4,64.3,0.043,0.25,0.0
1628418,Thomas Bryant,1610612754,IND,2024-25,0.614,0.583,0.162,0.8,1.77,0.4,0.6,113.4,-3.5,0.11,0.085,0.169
1642275,Tidjane Salaün,1610612766,CHA,2024-25,0.457,0.414,0.15,1.2,1.28,0.5,0.2,111.2,-11.9,0.065,0.05,0.168
203501,Tim Hardaway Jr.,1610612765,DET,2024-25,0.567,0.529,0.151,1.6,2.56,0.5,0.1,114.2,-0.5,0.066,0.008,0.075
202699,Tobias Harris,1610612765,DET,2024-25,0.571,0.534,0.173,2.2,1.91,1.0,0.8,110.8,3.9,0.1,0.028,0.155
1642449,Tolu Smith,1610612765,DET,2024-25,0.678,0.667,0.2,0.0,0.0,0.0,0.0,104.4,12.9,0.149,0.129,0.2
1628396,Tony Bradley,1610612754,IND,2024-25,0.64,0.656,0.182,0.4,1.2,0.1,0.6,93.6,19.0,0.16,0.151,0.192
1628470,Torrey Craig,1610612738,BOS,2024-25,0.567,0.556,0.139,0.7,2.13,0.3,0.5,109.8,-5.0,0.08,0.076,0.138
1641787,Tosan Evbuomwan,1610612751,BKN,2024-25,0.53,0.482,0.183,2.0,1.41,0.9,0.4,108.4,-5.0,0.087,0.044,0.136
1641739,Toumani Camara,1610612757,POR,2024-25,0.572,0.552,0.143,2.2,1.61,1.5,0.6,113.3,-1.8,0.076,0.063,0.11
1629027,Trae Young,1610612737,ATL,2024-25,0.567,0.491,0.285,11.6,2.48,1.2,0.2,114.6,0.6,0.129,0.012,0.072
1631218,Trayce Jackson-Davis,1610612744,GSW,2024-25,0.587,0.576,0.164,1.7,2.31,0.4,0.6,111.3,-3.5,0.12,0.115,0.192
1630200,Tre Jones,1610612741,CHI,2024-25,0.617,0.578,0.136,4.2,5.49,0.8,0.2,113.5,-1.5,0.11,0.032,0.086
1630544,Tre Mann,1610612766,CHA,2024-25,0.537,0.509,0.25,3.0,1.56,0.5,0.3,114.4,-7.3,0.098,0.034,0.079
1630570,Trendon Watford,1610612751,BKN,2024-25,0.557,0.51,0.226,2.6,1.39,0.6,0.3,109.4,-4.4,0.101,0.038,0.132
1642280,Trentyn Flowers,1610612746,LAC,2024-25,0.446,0.364,0.194,0.0,0.0,0.0,0.0,101.7,-13.2,0.029,0.042,0.097
1630243,Trevelin Queen,1610612753,ORL,2024-25,0.486,0.456,0.176,1.2,1.73,1.0,0.3,111.1,-9.2,0.071,0.056,0.071
1641725,Trey Alexander,1610612743,DEN,2024-25,0.374,0.354,0.165,0.5,2.2,0.1,0.0,105.1,-10.9,0.029,0.008,0.087
1641998,Trey Jemison III,1610612747,LAL,2024-25,0.537,0.554,0.121,0.4,0.67,0.2,0.4,107.8,-2.2,0.044,0.114,0.141
1626168,Trey Lyles,1610612758,SAC,2024-25,0.551,0.528,0.139,1.2,2.1,0.6,0.3,113.8,-2.0,0.087,0.056,0.177
1630530,Trey Murphy III,1610612740,NOP,2024-25,0.598,0.548,0.229,3.5,1.83,1.1,0.7,118.7,-9.7,0.11,0.024,0.117
202684,Tristan Thompson,1610612739,CLE,2024-25,0.41,0.437,0.123,0.6,1.71,0.1,0.3,109.8,-12.5,0.083,0.084,0.271
1641774,Tristan Vukcevic,1610612764,WAS,2024-25,0.608,0.574,0.252,1.1,0.93,0.3,0.7,114.3,-11.7,0.127,0.046,0.186
1641783,Tristan da Silva,1610612753,ORL,2024-25,0.522,0.495,0.149,1.5,2.02,0.4,0.2,110.3,-4.2,0.074,0.042,0.114
1641803,Tristen Newton,1610612750,MIN,2024-25,0.178,0.125,0.185,0.3,1.0,0.1,0.0,97.6,-14.2,-0.068,0.071,0.111
1629660,Ty Jerome,1610612739,CLE,2024-25,0.643,0.606,0.229,3.4,2.58,1.1,0.0,110.4,9.9,0.134,0.036,0.083
1631102,TyTy Washington Jr.,1610612756,PHX,2024-25,0.367,0.356,0.187,1.0,5.33,0.2,0.0,105.7,3.5,0.049,0.031,0.07
1629639,Tyler Herro,1610612748,MIA,2024-25,0.605,0.563,0.271,5.5,2.14,0.9,0.2,112.6,1.3,0.139,0.013,0.132
1642278,Tyler Kolek,1610612752,NYK,2024-25,0.453,0.415,0.152,1.7,3.89,0.3,0.1,104.4,-0.3,0.072,0.027,0.059
1641890,Tyler Smith,1610612749,MIL,2024-25,0.626,0.61,0.205,0.2,0.5,0.1,0.2,96.3,7.1,0.123,0.05,0.143
1630169,Tyrese Haliburton,1610612754,IND,2024-25,0.616,0.582,0.21,9.2,5.61,1.4,0.7,114.2,3.5,0.143,0.017,0.087
1631213,Tyrese Martin,1610612751,BKN,2024-25,0.533,0.513,0.179,2.0,1.65,0.6,0.2,113.4,-10.2,0.084,0.04,0.133
1630178,Tyrese Maxey,1610612755,PHI,2024-25,0.562,0.511,0.293,6.1,2.56,1.8,0.4,117.4,-3.5,0.127,0.007,0.087
1630623,Tyson Etienne,1610612751,BKN,2024-25,0.488,0.452,0.177,1.7,1.5,0.4,0.1,119.3,-20.5,0.024,0.018,0.046
1626145,Tyus Jones,1610612756,PHX,2024-25,0.585,0.57,0.16,5.3,4.71,0.9,0.1,116.1,-2.5,0.099,0.019,0.069
1642279,Ulrich Chomche,1610612761,TOR,2024-25,0.425,0.4,0.108,0.3,1.0,0.0,0.1,140.3,-43.4,0.02,0.129,0.182
203995,Vasilije Micic,1610612756,PHX,2024-25,0.462,0.43,0.199,3.1,1.66,0.4,0.0,109.4,-7.2,0.061,0.023,0.085
1641705,Victor Wembanyama,1610612759,SAS,2024-25,0.594,0.559,0.3,3.7,1.13,1.1,3.8,110.0,2.6,0.168,0.054,0.255
1631246,Vince Williams Jr.,1610612763,MEM,2024-25,0.504,0.479,0.166,2.0,1.67,0.4,0.3,116.2,1.2,0.065,0.042,0.15
1628427,Vlatko Čančar,1610612743,DEN,2024-25,0.462,0.462,0.109,0.7,0.82,0.2,0.2,100.3,-6.9,0.062,0.038,0.17
1630249,Vít Krejčí,1610612737,ATL,2024-25,0.661,0.651,0.131,2.6,2.94,0.6,0.5,111.6,-1.9,0.086,0.019,0.116
1631117,Walker Kessler,1610612762,UTA,2024-25,0.66,0.671,0.133,1.7,1.13,0.6,2.4,118.3,-9.1,0.127,0.145,0.235
1628976,Wendell Carter Jr.,1610612753,ORL,2024-25,0.544,0.498,0.159,2.0,1.74,0.8,0.6,107.8,0.0,0.099,0.083,0.202
1631111,Wendell Moore Jr.,1610612766,CHA,2024-25,0.553,0.524,0.133,1.2,1.56,0.6,0.1,112.0,-12.4,0.083,0.053,0.132
1630214,Xavier Tillman,1610612738,BOS,2024-25,0.31,0.292,0.125,0.2,0.5,0.3,0.2,108.9,-2.3,0.022,0.041,0.146
1642530,Yuki Kawamura,1610612763,MEM,2024-25,0.53,0.483,0.167,0.9,3.8,0.1,0.0,102.5,12.1,0.086,0.0,0.114
1641879,Yuri Collins,1610612744,GSW,2024-25,0.333,0.333,0.068,2.0,0.0,1.0,0.0,111.4,-17.0,0.048,0.083,0.071
1642274,Yves Missi,1610612740,NOP,2024-25,0.572,0.547,0.141,1.4,1.21,0.5,1.3,120.5,-12.7,0.09,0.122,0.177
1642258,Zaccharie Risacher,1610612737,ATL,2024-25,0.558,0.537,0.203,1.2,1.0,0.7,0.5,115.0,-2.7,0.071,0.044,0.099
1628380,Zach Collins,1610612741,CHI,2024-25,0.605,0.56,0.166,1.7,1.85,0.5,0.5,109.9,-0.4,0.106,0.096,0.177
1641744,Zach Edey,1610612763,MEM,2024-25,0.624,0.6,0.156,1.0,0.74,0.5,1.3,111.5,5.3,0.111,0.153,0.204
203897,Zach LaVine,1610612758,SAC,2024-25,0.639,0.609,0.251,4.2,1.49,0.8,0.2,116.8,-1.4,0.115,0.009,0.107
1630192,Zeke Nnaji,1610612743,DEN,2024-25,0.574,0.557,0.119,0.4,1.64,0.4,0.7,108.9,-1.6,0.063,0.052,0.081
1630533,Ziaire Williams,1610612751,BKN,2024-25,0.55,0.511,0.179,1.3,1.25,1.0,0.4,116.2,-9.7,0.081,0.037,0.154
1629627,Zion Williamson,1610612740,NOP,2024-25,0.6,0.57,0.325,5.3,1.77,1.2,0.9,115.5,-1.8,0.167,0.08,0.152
1642389,Zyon Pullin,1610612763,MEM,2024-25,0.0,0.0,0.167,0.0,0.0,0.0,0.0,66.7,16.7,-0.087,0.0,0.0
